video_id,title,publishedAt,channelId,channelTitle,categoryId,trending_date,tags,view_count,likes,dislikes,comment_count,thumbnail_link,comments_disabled,ratings_disabled,description
"iab3tVa6EjY","아이스크림왕 만나서 네고해왔습니다 [네고왕] Ep.5","2020-09-11T09:30:02Z","UC0SoPwEH3idvemSDvKaYgGA","달라스튜디오","23","20.13.09","예능|달라스튜디오|DALLA|할인|광희|황광희|제아|제국의아이들|여름|빙수","3391721","97485","1153","13465","https://i.ytimg.com/vi/iab3tVa6EjY/default.jpg","False","False","2:47 광희 민트초코 소신 발언..ㄷㄷ크으~~ 역대급 네고 먹통에도 불구하고 시원하게 네고 해옴ㅋㅋㅋ[계약서]1. 편의점 및 하겐다즈 공식 온라인 스토어에서 전 제품 2+1 행사를 9월 한 달간 시행 (단, 편의점에는 부담이 없게 한다)2. 방송일 기준 1주일간 하겐다즈 공식 온라인 스토어에서 파인트 2+1 구매시 미니컵 랜덤 2개 증정 (최초할인 2+3 :: 2개 구매시 3개 추가 증정)네고왕 황광희하겐다즈 대표 김미조선팩폭 후네고 예능 [네고왕]🔔 매주 금요일 오후 6시 30분🔔 구독+댓글+알림설정ㄱㄱ기획 : 고동완제작 : 강경민 백승엽 배민지 김지인 작가 : 이민정 유희경#네고왕 #NegoKing #달라스튜디오 #황광희 #기업리뷰 #제품리뷰 #서비스리뷰 #아이스크림 #하겐다즈"
"qB135yqEgOU","[선공개] 인성 문제 없는 이근대위의 특수 요원 훈련!(*유행어 자판기 주의*)ㅣ집사부일체(Master in the House)ㅣSBS ENTER.","2020-09-13T00:00:05Z","UCmjNKt6kITwaZTqvWuaSPLg","SBS Entertainment","24","20.13.09","sbs|20200913|이승기|양세형|신성록|차은우|김동현|집사부일체예고|집사부일체137예고|집사부일체미리보기","569921","7886","131","1662","https://i.ytimg.com/vi/qB135yqEgOU/default.jpg","False","False","예　능 | 집사부일체 137회본방송 | 9월 13일 일요일 저녁 6시 25분SBS 일요일 예능 ‘집사부일체 (Master in the House)’☞저녁 6시 25분 본방송#집사부일체 #이승기#차은우▶ Hompage : https://www.sbs.co.kr/tv/enter▶ Subscribe SBS Entertainment : https://bit.ly/2SpOhMC"
"0hQFW_yFtRY","드디어 공개된 손흥민 요리스 싸움 녹취록 영어, 충격적이네요..","2020-09-12T07:15:00Z","UCHpIHu4LzmNuD8bsE6mZLSA","영알남YAN","27","20.13.09","손흥민 다큐|손흥민 스페셜|손흥민 반응|손흥민 요리스|손흥민 수비|손흥민 경기후|손흥민 눈물|손흥민 난투극|손흥민 레전드|토트넘 다큐|토트넘 경기|토트넘 경기후|토트넘 공식|토트넘 다큐멘터리|토트넘 다큐 손흥민|토트넘 반응|축구 하이라이트|축구 다큐|축구 싸움|축구 레전드|축구 스페셜|축구 경기|프리미어리그 하이라이트|프리미어리그 토트넘|프리미어리그 경기|프리미어리그 뉴스|프리미어리그 다큐","1758217","18142","1555","5606","https://i.ytimg.com/vi/0hQFW_yFtRY/default.jpg","False","False","토트넘 다큐가 공개되면서 그날 있었던 전말에 대해 조금 더 자세히 알아보고 추측할 수 있게 되었습니다. 프로축구 세계에서는 이런 일이 흔하다고 하던데.. 자세히 알아보기 위해 지금 영상에서 확인하시죠!항상 감사합니다. 정말 열심히 하겠습니다."
"PFojpAijb3k","[골라봐야지] 별♥하하 부부 등장! ＂어? 그럼 7년동안 3번 하신거네요?＂ 명사수 하하 루머의 진실♨ #1호가될순없어 #JTBC봐야지","2020-09-12T06:17:56Z","UCF3UEVPt5zZTlBVJwDG317g","JTBC Voyage","24","20.13.09","JTBC|JTBC voyage|jtbc봐야지|봐야지|이혼|결혼|부부|부부의 세계|개그맨 부부|개그맨 1호|박미선|장도연|팽현숙|최양락|김지혜|박준형|강재준|이은형|개그|gag|개그우먼|1호가 될 순 없어|number1|실제상황|리얼리티|reality|코미디언|개그판|리얼부부|이혼율|하하|별|haha|야만|드림이|쿤엔터테인먼트|사장님","976643","6677","361","735","https://i.ytimg.com/vi/PFojpAijb3k/default.jpg","False","False","마포구 사랑꾼 하하를둘러싼 오해??! 썰 풉니다 1호가 될 순 없는 이은형♡강재준의 ~리얼 부부 이야기~ [JTBC봐야지] 구독하기☞ http://asq.kr/VgFZ3코미디언 부부들의 달콤♡ 살벌♨한 이야기↗일요일 밤 10시 JTBC 〈1호가 될 순 없어〉------------------------------------------------------* 영상 속 프로그램은?【1호가 될 순 없어】http://tv.jtbc.joins.com/number1------------------------------------------------------"
"ROPepyznAuE","세계 9위 부자까지 올랐던 대한민국 최고의 재벌, 아무도 못하면 현대가 한다! 현대家 스토리 / 14F","2020-09-13T07:00:04Z","UCLKuglhGlMmDteQKoniENIQ","14F 일사에프","25","20.13.09","14f|일사에프|현대자동차BTS|삼성크룹|현대카드|현대백화점|현대중공업|정몽구|정의선|이병철|소비더머니","497013","9459","171","1500","https://i.ytimg.com/vi/ROPepyznAuE/default.jpg","False","False","다른 굴지의 재벌들과 달리 흙수저 출신 재벌이 일으킨 현대그룹.대한민국 기업가 정신의 상징이라는 현대그룹 스토리에는 창업주 정주영 회장 일가의 도전과 꿈이 담겨 있습니다.쌀가게에서 시작해 건설회사, 자동차, 중공업까지..황무지에서 이 모든 것을 일궈낸 현대의 이야기를 전해드립니다.#현대 #정주영 #현대자동차"
"-AazZTLQa3o","[일본반응]방탄소년단(BTS), 일본방송 첫 Dynamite 무대! BTS 무대를 처음 접한 일본인들 반응 BTS 바로 뒤에 쟈니스 나오게 하지마","2020-09-12T21:40:51Z","UCNsf6ZhF7SE40mumCawVwWQ","염탐꾼","24","20.13.09","다이너마이트|Music Day","257607","3722","157","594","https://i.ytimg.com/vi/-AazZTLQa3o/default.jpg","False","False","무대 영상 1080p 쓸려고 했는데 편집 시작하고 나서야 풀리더라구요 아쉽..※영상이 재밌으셨다면 구독과 좋아요 그리고 알림 설정까지 해주세요.-Clova Dubbing으로 제작된 AI 보이스입니다."
"gcAIsQpzGIA","가짜사나이, 에뛰드 드디어 성사?! 알바 취소로 장성규 집까지 찾아가 라운드걸 약속 받아낸 구독자 소통 특집 | 워크맨 ep.67","2020-09-11T09:00:24Z","UCwx6n_4OcLgzAGdty0RWCoA","워크맨-Workman","24","20.13.09","studiolululala|JTBC|스튜디오룰루랄라|룰루랄라|워크맨|직업리뷰|알바리뷰|알바썰|알바|직업|장성규|김민아|와썹맨|workman|job|wassupman|아르바이트|후기|알바후기|직업후기|소통|댓글읽기|가짜사나이|에뛰드|극한직업|이근|피지컬갤러리|리뷰","1520180","26790","442","7395","https://i.ytimg.com/vi/gcAIsQpzGIA/default.jpg","False","False","JOB것들아~~~♥ 인력소장이다,,,,~~~오늘은,,, 알바가 다 취소돼서,,, 성규네 집으로 찾아갔다~~~ㅜㅜ그동안,,~~ 우리 잡것들이 요청해준~~~ 알바 다 하기로 했으니까~~앞으로도 워크맨,,~~ 많이 기대해줘라~~!!!그리고,,, 건강이 최고인거,,~~ 알지~~? 아프면 호온난다,,~^^ㅋ 세상의 모든 job것들을 리뷰한다 [워크맨]▶ 매주 금 오후 6시 공개#워크맨 #workman #장성규 #소통 #극한직업#직업리뷰 #알바리뷰 #스튜디오룰루랄라"
"a-5DdUXaxWY","[현지반응] '손흥민 NO자막' 토트넘 다큐, 왜 요리스 말만 번역해? (자막 차별 논란)","2020-09-12T08:57:03Z","UCmKTwXS5wC4Ww4X6PyXjMYg","서형욱의 뽈리TV","17","20.13.09","손흥민|요리스|토트넘 다큐|아마존|아마존 다큐|아마존 자막|아마존 번역|오리에|에버턴전","1143448","7063","319","2480","https://i.ytimg.com/vi/a-5DdUXaxWY/default.jpg","False","False","#아마존 프라임이 미리 공개한 토트넘 다큐 9화, 에버턴전 라커룸 말싸움 장면에 손흥민의 말은 단 한 마디도 번역이 되어 있지 않습니다. 요리스 말은, 심지어 불어로 얘기한 오리에의 말도 번역해놨는데 말이죠. 이전엔 #무리뉴 감독의 포르투갈어도 번역 자막 넣었고요.단순 실수라고 보기엔 이상한, 쉽게 납득이 가지 않는 일이예요.많은 사람들이 당혹감에 분노하고 있습니다.  #respect"
"aty6bAzcL4g","(ENG)✨방송 최초✨ JYP 형과 부부동반 모임 썰, 남친짤 그리고 깡... 형 잠깐 내려봐🚘","2020-09-10T11:00:01Z","UCZf4ZESHAIuRtZ-eoMSL97A","시즌비시즌 Season B Season","24","20.13.09","시즌비시즌|시즌 비시즌|비 유튜브|비 채널|가수 비|김태희 비|김태희|jyp|박진영|비 박진영|비 jyp|rain jyp|박진영 남친짤|박진영 선미|박진영 we disco|박진영 when we disco|비 히든싱어|싹쓰리|싹스리|놀면뭐하니|스튜디오 룰루랄라|룰루랄라 비|비 깡|gang|차에 타봐|깡|깡 댓글|태양을 피하고 싶어서","3245328","68449","1109","6318","https://i.ytimg.com/vi/aty6bAzcL4g/default.jpg","False","False","드디어 나왔다 비시즌! 방송 최초 박진영 & 비 단독 동반 출연🎉남친짤 코인 탑승하려다가 역으로 탈탈 털리고 옴 ㅋㅋㅋㄱㄴrㄴi...? 그 때 그시절ㅋㅋㅋㅋㅋ 제수 씨는 왜... ,  뜻밖에 판도라의 상자 열려 버림  #비시즌_ep1 #차에타봐 #JYP #시즌비시즌 #비 #가수비 #정지훈 #비박진영 #김태희 #비jyp #깡 #seasonbseason"
"uyjcUBJ7MEA","[EN] 가짜사나이 이근대위 쇼터뷰 놀러왔어? 머리부터 발끝까지 이근 파헤치기 《제시의 쇼!터뷰》 EP.14 by 모비딕 Mobidic","2020-09-10T09:30:12Z","UCbCr1dWFedL5lMcRWthb_bA","모비딕 Mobidic","24","20.13.09","모비딕|SBS|mobidic|제시|JESSI|스브스|토크|토크쇼|프롤로그|제시의쇼터뷰|쇼터뷰|숏터뷰|양세형의숏터뷰|mc|엠씨|양세형|제시발쇼|제시쇼|래퍼|언프리티랩스타|언니쓰|쎈언니|제시카|호현주|맞지|피네이션|PNATION|PSY|후댓비|제시 런닝맨|제시 인생은즐거워|제시 유재석|제시 조정식|굿걸|엠넷 제시|디스전|여자래퍼|웹예능|악인전|제시 송가인|제시 김요한|식스센스|놀면뭐하니|제시 악인전|젝시믹스|인생은즐거워|이효리|제시 이효리|Jessi show|showterview|who dat b|힙합|교포|이근대위|피지컬갤러리|유튜버|헬스|운동|유연성테스트|PT|조정식|아나운서|유연성|푸시업|팔굽혀펴기|가짜사나이|진짜사나이|호신술|요리|로망|셰프|레시피|스테이크|이근|이상형|배수지|신세경|군인|군사학교|뉴욕|버지니아|군사대학교|이민|군대|장교|입대|조국|국군|구독자|선물|이벤트|집사부일체|두니아|이근대위 유행어|ken rhee|UDT|이던","2118485","0","0","11566","https://i.ytimg.com/vi/uyjcUBJ7MEA/default.jpg","False","True","2020 예능 신드롬 이근 대위!쇼터뷰에 놀러왔어?알고보면 쏘 젠틀한 이근대위의머리부터 발끝까지 알아보는 파격 인터뷰🎤[이벤트] 이번 화를 시청하고, 시청 소감을 댓글로 남겨주세요.베스트 댓글로 선정되신 분께 이근 대위의 친필 사인이 담긴 선글라스를 드립니다!(※리얼 아나운서 조정식 제외※)✔️ 참 여 방 법 : 14화를 시청하고, 영상에 이메일 주소와 함께 댓글 작성✔️ 기        간 : 9/10 (금) ~ 9/15 (화요일 자정까지)✔️ 발        표 : 9/17 (금) 모비딕 채널 커뮤니티에 공지 ✔️ 상        품 : 이근 친필 사인 선글라스 (1명)※ 국내 거주자 한정 ※거침없는 제시의 기상천외한 솔직담백 인터뷰 《제시의 쇼!터뷰》 14화매주 (목) 오후 6시 30분 💗모비딕 채널로 놀러오show!💗#제시의쇼터뷰 #제시 #이근 #모비딕영문 번역: 류지연(KAEL RESET)모비딕 좋아요❤️, 구독🚨, 알림🔔▶️모비딕 구독하기 https://goo.gl/v2b6rR※ 본 촬영은 코로나19 바이러스 확산 방지를 위한 체온 측정, 손 소독 등 개인위생과 공공보건에 유의하여 진행되었습니다. ※."
"7Tj450Lf9bY","너무 잘 만들어서 3300년 전으로 돌아간 것 같다고 극찬이 터져나온 영화","2020-09-12T01:00:39Z","UCLIgl1OnHngMxYkkNJ-uO5w","UTZI웃지","1","20.13.09","영화|영화소개|영화리뷰|영화추천|엑소더스|출애굽기|모세|파라오|람세스|이집트|히타이트","357775","5662","2568","2691","https://i.ytimg.com/vi/7Tj450Lf9bY/default.jpg","False","False","엑소더스 : 신들과 왕들(2014) 영화 소개 / 영화 리뷰 / 영화 추천"
"cWhmZ6a2io8","[#족집게_낭닥] 음주운전으로 인한 6중 추돌 사고 | 낭만닥터 김사부 (Dr. Romantic)ㅣSBS DRAMA","2020-09-11T02:00:03Z","UC6erIDuvbOaAO-OT5rB2Xew","SBS Drama","24","20.13.09","서현진|낭만닥터김사부|낭만닥터김사부2|서현진낭닥|한석규|한석규낭닥|유연석|유연석낭닥|유연석슬의생|슬의생|안효섭|안효섭낭닥|차은재|이성경|이성경낭닥|이성경의학드라마|의학드라마|닥터스|낭닥레전드|낭닥다시보기|낭닥정주행|Dr. Romantic|k-drama|Han Seok-Gyu|유연석강철비|유연석정우성|김민재박은빈|유연석서현진|이성경안효섭|Yoo Yeon-Seok|柳演錫|徐玄振|Seo Hyun-Jin|Ahn Hyoseop|安孝燮|Lee Sung-kyung|李聖經|김민재|브람스|김민재브람스|진경|수쌤|음주운전|음주운전처벌|술먹고운전|낭닥음주운전|6중추돌사고","604817","9596","192","1610","https://i.ytimg.com/vi/cWhmZ6a2io8/default.jpg","False","False","윤서정 쌤 대사 中 : 술 X마시고 운전대 잡지 마세요 그거 살인죄입니다 이 dog자식아#낭만닥터김사부 #낭닥레전드 #음주운전▶ Hompage : https://www.sbs.co.kr/tv/drama▶ Subscribe SBS Drama : https://bit.ly/2ShWout++++김민재쌤의 NEW 월화 드라마++++SBS 월화드라마 ‘브람스를 좋아하세요?(brahms)’☞매주 월화 밤 10시 본방송"
"tAcJmJGA5ps","[리뷰] 손흥민과 요리스 싸움, 그게 전부가 아니었다 (토트넘 다큐 마지막회)","2020-09-11T09:01:53Z","UCmKTwXS5wC4Ww4X6PyXjMYg","서형욱의 뽈리TV","17","20.13.09","손흥민|토트넘다큐|토트넘|allornothing|무리뉴|손흥민다큐|요리스|에릭다이어|델레알리","1059867","6684","496","2969","https://i.ytimg.com/vi/tAcJmJGA5ps/default.jpg","False","False",""
"-PMVYa87Ftg","[ENG] [풀영상] KBS 뉴스9 방탄소년단(BTS) 인터뷰｜크랩","2020-09-10T14:31:45Z","UCoxT1kQSLq564FwpK473w-g","크랩 KLAB","25","20.13.09","크랩|방탄소년단|방탄소년단 kbs|bts kbs|kbs bts interview|방탄소년단 kbs 인터뷰|방탄소년단 뉴스9|방탄소년단 인터뷰|방탄소년단 9시 뉴스|방탄소년단 빌보드|bts billboard interview","940915","55656","450","4397","https://i.ytimg.com/vi/-PMVYa87Ftg/default.jpg","False","False","한국 최초 빌보드 1위! 방탄소년단(BTS)이 오늘(10일) KBS 뉴스9에 전격 출연했습니다. 인터뷰에서 방탄소년단은 2주 연속 빌보드 핫100 1위를 차지한 소감과 앞으로의 활동계획 등을 자세하게 언급했습니다.저희 크랩은 방탄소년단이 앵커와 나눈 인터뷰 풀영상을 단독 공개합니다. 방송 시간 관계로 뉴스에서 모두 보여드리지 못했던, 미방송분까지 넣어 한 영상에 담았습니다. 다이너마이트(Dynamite)라는 디스코 음악을 선택한 이유부터 다음 앨범에 대한 작은 힌트, 빌보드 1위 이후의 새로운 목표, 그리고 시청자에게 전하고 싶은 말 모두, 하나도 놓치지 않고 다 담았는데요.방탄소년단(BTS)의 뉴스9 인터뷰 풀영상! 지금 바로 감상하시죠200910 KBS 뉴스9 방탄소년단 인터뷰#크랩 #방탄소년단 #BTS_Dynamite"
"tEqTwDqtTKk","한국 생태계를 파괴한 황소개구리를 퇴치한 토종 포식자 물장군 치명적인 독사와 괴물 왕지네를 씹어먹어버리는 최강의 곤충","2020-09-12T14:10:48Z","UCC7bElwd29qpkgLo0j3l3Qw","문화돋보기","15","20.13.09","물장군|최강의곤충|물장군황소개구리|물장군사냥|물장군다큐멘터리|외래종퇴치|물장군뱀|곤충다큐멘터리","296866","3535","164","243","https://i.ytimg.com/vi/tEqTwDqtTKk/default.jpg","False","False","한국 생태계를 파괴한 황소개구리를 퇴치한 토종 포식자 물장군치명적인 독사와 괴물 왕지네를 씹어먹어버리는 물 속 최강의 곤충그럼 동물돋보기 시작합니다_________________________▶더 많은 영상 보러가기→ https://bit.ly/2muoruv#물장군#최강의곤충#물장군황소개구리#물장군사냥#물장군다큐멘터리#외래종퇴치#물장군뱀#곤충다큐멘터리"
"YjMreYOkjFc","[병맛노래] 당신의 아침을 깨우는 알람 송","2020-09-12T03:00:09Z","UCWhiqHa4dVohOTSUQwK-l2g","빨간내복야코","24","20.13.09","#병맛노래|#병맛송|#웃긴노래","410027","9643","232","2585","https://i.ytimg.com/vi/YjMreYOkjFc/default.jpg","False","False","안녕하세요!병맛노래를 만들고 있는 빨간내복야코입니다재미있으셨다면 구독 한번 부탁드립니다!야코 스튜디오빨간내복야코, 하몽, 부비, 취소, Jin, 나영, 정영준본 채널의 음악들은 직접 작곡/작사/편곡된 곡들로 모든 저작권은 빨간내복야코에게 있으며, 무단으로 사용을 금지합니다.야코 페이스북 https://www.facebook.com/yacotop1야코 인스타그램 https://www.instagram.com/redpajamayaco/"
"NNLt8ecVQHY","황희, 공익제보자 실명/얼굴 다 까? 그래? 그럼.. 옛~다. 추미애 남편/아들/딸..  [RNB, 레지스탕스TV, 정광용TV]","2020-09-13T04:46:41Z","UCR3zvEwGCwy22mEgbe-7HIw","[정광용 TV]레지스탕스TV","25","20.13.09","[none]","112081","13388","389","802","https://i.ytimg.com/vi/NNLt8ecVQHY/default.jpg","False","False","★자율구독료(후원): 하나은행 224-910502-42407 (예금주:정광용)  ★멤버십 가입: https://www.youtube.com/channel/UCR3zvEwGCwy22mEgbe-7HIw/join ★페이팔(Paypal): RNB, 2020kiscom@naver.com  ★메일 주소 : 2020kiscom@naver.com ★좋아요 ★구독하기 ★공유하기 ★후원은 저에게 큰 힘이 됩니다. ★ 공익을 목적으로 방송하는 저는 저작권을 주장하지 않습니다. 전부 또는 일부를 마음대로 퍼가시고, 자신의 유튜버에서 직/간접적으로 인용하셔도 됩니다."
"yPZiOnjf3OU","Son Feels the Fury of Lloris at Half-Time for not Tracking Back! | All or Nothing: Tottenham Hotspur","2020-09-11T14:00:13Z","UC1VU-FHvhbom5tPSCEB-e4g","Amazon Prime Video Sport","17","20.13.09","Son Lloris Agument|son lloris fight|Son|lloris|tottenham hotspur|All or nothing tottenham hotspur|all or nothing spurs|all or nothing|spurs|tottenham hotspur documentary|amazon prime|prime video sport|prime video|premier league|jose mourinho|aurier","2300291","33803","14491","10035","https://i.ytimg.com/vi/yPZiOnjf3OU/default.jpg","False","False","Episodes 7-9 are released on Prime Video Monday 14th September!Emotions on the pitch erupt at half-time, as Spurs' goalkeeper Hugo Lloris blasts teammate Son for not tracking back.SUBSCRIBE TO AMAZON PRIME VIDEO SPORT: https://www.youtube.com/channel/UC1VU-FHvhbom5tPSCEB-e4g?sub_confirmation=1Follow Amazon Prime Video Sport on Instagram:https://www.instagram.com/primevideosport/Follow Amazon Prime Video Sport on Twitter:https://twitter.com/primevideouk"
"2hxs5jchRVs","실시간으로 타락 중인 헬스 트레이너 근황 인터뷰. 치즈볼 먹고 눈물흘린 이유 / 스브스뉴스","2020-09-12T01:45:01Z","UCQabORQKQRHP-iUqe-xIFvg","스브스뉴스 SUBUSU NEWS","25","20.13.09","스브스뉴스|코로나19|코로나바이러스|코로나조심|거리두기3단계|거리두기강화|헬스의정석|헬스빌리지|헬스브이로그|헬스장환불|헬스pt|운동브이로그|건강강의|치즈볼|치즈볼먹방|먹방로그|먹방브이로그|먹방리뷰|음식리뷰|음식문화|먹바이벌|먹방도전|먹방의 신|타락 헬스|bj치즈볼|타락헬창|핏블리","1052788","11597","230","1423","https://i.ytimg.com/vi/2hxs5jchRVs/default.jpg","False","False","현재 유튜브에서 엄청난 인기를 얻고 있는 한 헬스 유튜버가 있습니다. 그는 바로 문석기 트레이너입니다. 그는 요즘  'BJ치즈볼', '#타락한헬스트레이너'란 이름으로 더 많이 불리는데요. 그가 요즘 매일 진행하고 있는 유튜브 라이브 먹방 때문입니다. 사회적 거리두기 2.5단계 시행으로 인해 헬스장이 문을 닫게 되면서 받은 스트레스 때문에, 그는 요즘 매일 치킨, 치즈볼, 닭발, 떡볶이 등 자극적이고 열량이 높은 음식만 골라 먹고 있죠. 이 중에는 그가 난생처음 먹어보는 음식도 있어서, 사람들은 그가 음식을 먹고 난 후의 반응을 보며 재미있어하고 있죠. 실시간으로 타락 중인 헬스트레이너 문석기 씨를 스브스뉴스가 인터뷰했습니다.✔ 뉴스에는 위아래가 없다, 스브스뉴스- 스브스뉴스 링크 -Facebook : https://www.facebook.com/subusunewsInstagram :  https://www.instagram.com/subusunews/홈페이지 : http://news.sbs.co.kr/news/subusuNews.do?plink=GNB&cooper=SBSNEWS"
"uGmP1ZnvJ-8","정은경의 충격 실체","2020-09-12T11:21:25Z","UCWZrtSsyPCEaMH4uSwdGrtw","성제준TV","22","20.13.09","[none]","358794","34598","5081","2853","https://i.ytimg.com/vi/uGmP1ZnvJ-8/default.jpg","False","False","메일 : jaejunsung@naver.com"
"EXOlG01E1gU","가지볶음","2020-09-12T17:07:47Z","UCBIoXzDldCnpbM_7uyG0_Tg","HONG SOUND","24","20.13.09","[none]","414998","21168","313","904","https://i.ytimg.com/vi/EXOlG01E1gU/default.jpg","False","False","홍사운드 플러스 채널(네츄럴 홍의 모습들) : https://www.youtube.com/channel/UCe8eXpQCaLaEiXOh2RxU_3A인스타그램(instagram) : https://www.instagram.com/hong_sound영어자막 : @seungcho89 (instagram)"
"gRdQ9ffnkN8","[미운 우리 새끼] '진짜로 근육인들은 팔하트가 안 되나요?' 박준형x김계란x김종국 헬스인들의 만남 / 'My Little Old Boy' Special | SBS NOW","2020-09-11T09:00:10Z","UCcOYEm78CpaZQvPE6LtoSeA","SBS NOW / SBS 공식 채널","24","20.13.09","SBS Entertainment|카오|아몬드|카카오|강아지|포메|비숑|예고|미운 우리 새끼|신동엽|서장훈|이상민|김종국|홍진영|엄마|어머니|미우새|홍선영|홍자매|Shin dong yup|Seo jang hoon|Kim gun mo|Lee Sang min|Park soo hong|Tony an|Kim jong kook|Hong jin young|Hong sun young|Hong sisters|Preview|김희철|Kim Huicheol|운동|운동브이로그|운동법|헬스|헬스장","1217966","9116","196","1831","https://i.ytimg.com/vi/gRdQ9ffnkN8/default.jpg","False","False","박준형X김계란X김종국 그리고 남창희...☆대화 만으로도 근성장이 느껴지는근육인들이 뭉쳤다!▼미운 우리 새끼 방송일 ▼☞ 매주 일요일 밤 09시 본방송#미운우리새끼 #김계란 #헬스▶ Subscribe NOW! SBS NOW!  https://bit.ly/2YRf9Kn▶ Homepage :  http://programs.sbs.co.kr/enter/woori▶ Facebook :  https://www.facebook.com/sbsnow/▶ Instagram : https://www.instagram.com/sbsnow_insta/"
"eaA3MKowA38","⚠손흥민 VS 요리스 뒷장면 다큐 본 병지옹 반응?! 같은 골키퍼로서...","2020-09-13T05:18:46Z","UCKgYRjFGgvj7aS8y4EhH2CA","꽁병지tv","17","20.13.09","[none]","141851","2196","57","522","https://i.ytimg.com/vi/eaA3MKowA38/default.jpg","False","False","꽁병지TV 구독 바로가기 : https://bit.ly/378LkFm구독 & 좋아요 알림설정 필수!제휴 문의 : kkongtv706@gmail.com"
"sTLDSqb_724","[epl 현지반응] 손흥민 요리스가 싸운 토트넘 다큐 마지막회! 근데..인종차별?;..단체로 항의하고 격분한 현지팬 반응.. [해외반응]","2020-09-11T23:31:05Z","UC3GEDF05hzA8xTyN0ZTZWag","우피터 - WoopeteR","17","20.13.09","토트넘|토트넘다큐|토트넘다큐마지막회|토트넘손흥민|토트넘요리스|손흥민요리스싸움|손흥민싸움|손흥민현지반응|손흥민인종차별|손흥민해외반응|손흥민외국반응|손흥민 현지팬 반응|손흥민 반응|손흥민 인터뷰|thsgmdals|손홍민|뽈리 토트넘 다큐|뽈리 토트넘|뽈리 tv|요리스|요리스 토트넘|토트넘 핫스퍼|토트넘 손흥민|토트넘 현지반응|토트넘 해외반응|토트넘 현지팬 반응|토트넘 반응|현지팬 반응|손흥민다큐|epl|프리미어리그|토트넘20/21|토트넘19/20|우피터|우피터 토트넘|우피터 손흥민","421579","3647","230","1171","https://i.ytimg.com/vi/sTLDSqb_724/default.jpg","False","False","토트넘 핫스퍼의 에이스이자 7번 손흥민 선수가토트넘 핫스퍼 아마존 프라임 다큐에서 속 내용에서요리스 선수와 다툼이 있었던 편이 공개됐고아마존 프라임측의 잘못된 판단으로 인종차별 논란이 돌고있습니다.관련내용 총정리해보고 현지팬들의 반응 정리해보도록 합시다.#손흥민 #토트넘 #토트넘다큐"
"0HQyYfbcykU","시작하자마자 10번연속 터졌다ㅋㅋㅋ보창&닥터준을 웃겨라 레전드","2020-09-12T00:33:21Z","UCRwMczVQ8Jr8_8Dd8o7hPnQ","보물창고","20","20.13.09","보창|보물창고|웃겨라|웃음참기|보물창고 웃겨라|보창 웃겨라|보물창고 웃음참기|보창 웃음참기|보창 닥터준|보창 웃긴|보물창고 웃긴|보물창고 닥터준|보창 원정상|보물창고 원정상","230354","5721","257","638","https://i.ytimg.com/vi/0HQyYfbcykU/default.jpg","False","False","역대 웃겨라중 제일 많이웃은날이었습니다ㅋㅋㅋㅋㅋ보물창고 방송국: https://www.twitch.tv/sangjun08132/인스타그램: https://www.instagram.com/bomulchango/페이스북 '오상준' 검색#인기급상승동영상5위"
"M7YGOOIjZDA","[환불원정대 선공개 - 선불원정대] 환불원정대 in 만옥하우스🏘❣ (Hangout with Yoo - Refund Sisters)","2020-09-12T01:32:59Z","UCx6jsZ02B4K3SECUrkgPyzg","놀면 뭐하니?","24","20.13.09","유재석|김태호|무한도전|유플래시|유산슬|뽕포유|라섹|유르페우스|놀면 뭐하니|놀뭐|무도","1366088","15617","270","1198","https://i.ytimg.com/vi/M7YGOOIjZDA/default.jpg","False","False","★★★More 'Hangout with Yoo' clips are available★★★iMBChttp://www.imbc.com/broad/tv/ent/hangoutwithyoo/vod/WAVVEhttps://www.wavve.com/player/vod?programid=M_1004711100000100000&page=1"
"vfb-BOlENtk","[K-Choreo 8K] 유아 직캠 '숲의 아이 (Bon voyage)' (OH MY GIRL YooA Choreography) l @MusicBank 200911","2020-09-11T09:03:34Z","UCeLPm9yH_a_QH8n6445G-Ow","KBS Kpop","10","20.13.09","KBS|KPOP|뮤직|KBSKPOP|K-POP|케이팝|kpop|KBSKpop|음악|choreography|k-pop|kpop_dance|dance|fancam|직캠|댄스|아이돌|k팝|팬캠|live|라이브|뮤직뱅크|뮤뱅|musicbank|music_bank|music bank|OH MY GIRL|오마이걸|OH MY GIRL Fancam|효정|미미|유아|승희|지호|비니|아린|ARIN|BINNIE|JIHO|SEUNGHEE|YOOA|MIMI|HYOJUNG|숲의 아이|자각몽|유아 숲의 아이|오마이걸 유아|뮤뱅 유아|유아 솔로 직캠|fancam yooa|Bon voyage|8k","436690","16964","264","1386","https://i.ytimg.com/vi/vfb-BOlENtk/default.jpg","False","False","#YooA #Choreography #8kMore from #KBSKPOPTwitter:       https://twitter.com/StudioK_twitInstagram: https://www.instagram.com/studiok__official/"
"BDgecAe5q9o","K방역 영웅!👍정은경 청장을 예우하는 문 대통령의 행보! 신임 질병관리청장 임명장 수여식의 모든 것🎉","2020-09-11T08:29:01Z","UCIMOytYIzaUpoAM2bpT4JZQ","KTV국민방송","25","20.13.09","문재인대통령|정은경청장|질병관리본부|질병관리청|코로나19","352383","18193","947","3198","https://i.ytimg.com/vi/BDgecAe5q9o/default.jpg","False","False","“건강한 국민, 안전한 사회!‘문재인 대통령은 9월 11일,질병관리본부 긴급상황센터에서 임명장 수여식을 진행했습니다.문 대통령은 수여식을 위해 직접 본청을 방문하고,정은경 초대 청장은 가족 대신 직원들과 자리를 함께하는 등이번 수여식은 많이 특별했는데요. 질병관리청 개청 축하와 코로나19 대응에 대한 헌신적 노고 감사,국민건강 보호를 위해 청진 당부가 모두 담긴 꽃다발까지신임 질병관리청장 임명장 수여식 현장.문워크에서 전해드립니다.==============* 9/11(금) 16:10 신임 질병관리청장 임명장 수여식  관련 강민석 대변인 브리핑 오늘 문재인 대통령이 정은경 초대 질병관리청장을 찾아가 질병관리본부 사무실에서 임명장 수여식을 한 것에는 배려, 격려, 그리고 축하 메시지가 담겨 있습니다. 오늘 임명장 수여식 후에 있었던 비공개 환담 내용을 소개해 드리겠습니다. 경칭은 생략하고 문답형으로 소개해 드리겠습니다. ▲ 문 대통령 : 재생산지수가 1 이하로 유지되면 장기적으로는 괜찮아질 것이라고 들었다. 참고로 재생산지수는 감염병 전파 속도를 수치로 나타낸 것입니다. 첫 감염자가 평균적으로 감염시킬 수 있는 2차 감염자 수를 말합니다. 정은경 초대 질병관리청장은 오늘까지는 질병관리본부장입니다. ○ 정은경 질병관리본부장 : 재생산지수가 1이하로 낮아진 상태라 거리두기를 유지하면 속도가 급격하진 않지만 줄 것이라고 단기 예측하고 있다. 하지만 코로나가 전염력이 강해 1명이 집단 속에 노출되면 한꺼번에 확진되고 만다. 많은 분들이 종교 행사나 방문판매 설명회 등을 통해 전염됐다. 계속 예의주시하고 있다. ▲ 문 대통령 : 선의의 많은 국민들은 방역 당국이 요구하는 거리두기 기준보다 스스로 더 엄격하게 자제를 하고 있다. 그런 돌발적 집단 감염 발생이 다시는 없었으면 좋겠다. 복지부와 질본이 그간 한몸처럼 잘해 오셨다. ○ 정은경 본부장 : 방대본뿐 아니라 중수본, 복지부, 행안부, 지자체가 한마음으로 하고 계시다. 중대본 체계에서의 범정부적 거버넌스가 가장 성공적 요인인 것 같다. 늘 관계 부처에 감사하는 마음이다. 문 대통령은 정 본부장뿐 아니라 거기 계신 분들을 보시면서 “건강은 괜찮나?”라고 물으셨습니다. ○ 정은경 본부장 : 면역이 생겨서 업무 지장은 없다. 오히려 중수본, 복지부, 행안부, 지자체에 계신 분들이 피로하실 것 같다. 의료인들의 피로도 걱정이다. ▲ 문 대통령 : 의료인도 국민들도 지치고, ‘코로나 블루’라는 말이 나올 정도로 정신적으로도 어려움을 겪고 있다. 추석 전까지는 두 자릿수로 떨어지고 안정적인 선에서 관리될 수 있기를 바라마지 않는다. 질병관리청의 인력 확충 시 행정 인력뿐 아니라 전문적 역량이 있는 분들도 많이 확충됐으면 한다. (권준욱 국립보건연구원장을 향해)감염병연구소가 생기니 든든하시겠다. ○ 권준욱 국립보건연구원장 : 지난번 질본 방문 당시 대통령께 ‘청’ 승격의 부탁 말씀을 드렸는데, 들어주셔서 감사하다. 몇 배 더 열심히 하겠다. ▲ 문 대통령 : (그 자리에 계신 모든 분들에게)그동안 잘해 왔는데, 계속 잘해 주시기 바란다. 문 대통령은 “너무 시간을 뺏으면 안 된다”면서 환담을 종료했습니다*이후 중수본을 찾아 격려한 문재인 대통령, 중수본에 전한 메시지는?!https://youtu.be/SbnXwEs6Dmo #문재인대통령 #정은경청장 #질병관리청"
"ZZAIWuZxonc","민혁이가 돌아왔다 다같이 만세!!!🥳우리 둘째 '축 전역' 라이브💙","2020-09-12T10:30:02Z","UCgB7A457ULlgm5c3948vr-w","BTOB 비투비 (Official YouTube Channel)","24","20.13.09","비투비|BTOB|서은광|이민혁|이창섭|임현식|프니엘|정일훈|육성재|비투비 하다방|하다방|비투비 민혁|btob","208420","17813","68","505","https://i.ytimg.com/vi/ZZAIWuZxonc/default.jpg","False","False","민혁이가 돌아왔다 다같이 만세!!!🥳우리 둘째 '축 전역' 라이브💙(우리의 'HUTA' 민혁이의 새로운 시작을 함께 해주세요😘)BTOB Official Youtube: https://www.youtube.com/user/official...BTOB Official Facebook: https://www.facebook.com/BTOBofficialBTOB Official Instagram: https://www.instagram.com/cube_official_btobBTOB Official Twitter: https://twitter.com/officialbtobBTOB Official Fansite: https://united-cube.com/ⓒ All Rights Reserved CUBE Entertainment Inc.#비투비 #BTOB #이민혁"
"UvmGMKRE91w","한국배가 전복되었는데 한국은 박수치고 일본은 초상집인  이유 미국 언론, 한국잘못 아니다 대반전에 발칵뒤집혀","2020-09-09T11:59:29Z","UCc4OuY3PeWklqBzQ3ySi3xA","Travel Tube","25","20.13.09","한국|일본|미국|미국언론|조선업|LNG|대한민국|일본반응","1743734","27301","2006","1859","https://i.ytimg.com/vi/UvmGMKRE91w/default.jpg","False","False","미국에서 한국선박이 좌초되었으나 일본 배가 원인이 되었다는 뉴스가 있었습니다. 1년만에 다시 재조명되고 있습니다.본 채널은 연합뉴스와 콘텐츠 이용계약을 맺었으며, 연합뉴스는 본 채널의 편집방향과 무관합니다."
"QKZQdch-L8Q","웹툰 주인공이 쓰는 단검 만들어서 오이베기","2020-09-10T12:59:44Z","UCd4FmcWIVdWAy0-Q8OJBloQ","사나고 Sanago","26","20.13.09","사나고|3D펜|3Dpen|만들기|making|3d프린터|3Dprinting","1097957","29213","374","9285","https://i.ytimg.com/vi/QKZQdch-L8Q/default.jpg","False","False","부천국제만화축제 이벤트/프로그램 바로가기☞http://new.bicof.com/kr/sub.html?pid=57● 3D펜 사나고 샵https://smartstore.naver.com/sanago● 인스타그램https://www.instagram.com/sanago_kr/● 3D펜카페 [사나고의 3D펜 비밀기지]https://cafe.naver.com/sanago● Contact 광고문의uggnll@naver.com각국어 번역 자막 제작 : 컨텐츠 제작의 마무리는 컨텐츠플라이! 글로벌 진출을 위한 최고의 파트너,CONTENTSFLY에서 제작되었습니다.https://www.contentsfly.com      #사나고 #3Dpen #3D펜"
"mHxUIz9Cipw","신기한 영상 2020 다시 한번보기 힘든 놀라운 순간 ! 가장 흥미롭고 믿을 수없는 장면 모음! p93","2020-09-12T12:05:38Z","UCzYCU_LVd2CCtxRusRwBh7A","很棒的生活","22","20.13.09","[none]","368140","1643","1016","164","https://i.ytimg.com/vi/mHxUIz9Cipw/default.jpg","False","False","신기한 영상 2020 다시 한번보기 힘든 놀라운 순간 ! 가장 흥미롭고 믿을 수없는 장면 모음! p93"
"Caym11cGTfU","역시 등산의 마지막 코스는 백숙이 아니겠습니까! 난 오늘도 먹기위해 오른다... 🔥 북한산 등산 코스부터 먹방 ASMR까지ㅣ와썹맨2(WassupMan2) ep.10ㅣ박준형","2020-09-11T08:00:02Z","UCYgUhR7EGKauFXgJS0pckGg","와썹맨-Wassup Man","24","20.13.09","와썹맨|와썹맨2|wassupman|스튜디오룰루랄라|studiolululala|핫플|핫플레이스|hot|place|리뷰|review|best|mukbang|육즙|먹방|고기|등산|북한산|도봉산|등산코스|닭백숙|백숙","313705","5452","108","542","https://i.ytimg.com/vi/Caym11cGTfU/default.jpg","False","False","등산갔다 뒤집어짐 ㅋㅋㅋㅋㅋ북한산 세계관 대체 뭔뎈ㅋㅋㅋㅋㅋㅋ (feat. 도봉산 사기꾼, 도봉산 천기누설) #와썹맨2 #박준형 #등산 #북한산 #도봉산 #리뷰 #먹방 #핫플 #WassupMan2 #JoonPark #mukbang #Review #HotPlace #makchang✅매주 금요일오후 5시!구독! 팔로우!댓글! 알람!!래쓰기릿~넷플릭스 [와썹맨 GO!]보러가기 ▶bit.ly/wassupmango✅Every Friday at 5 PM KST! Subscribe! Follow! Reply! Alarm!! Let's get it~Netflix [Wassup Man GO!] ▶bit.ly/wassupmango"
"Ycd4QFVTERk","[선공개] 화(?)를 부르는 고경표(Ko Kyoung Pyo)의 '에베베' 연기에 제대로 약 오른 이상민(lee sang min)💢 아는 형님(Knowing bros) 247회","2020-09-12T00:32:44Z","UCFL1sCAksD6_7JIZwwHcwjQ","JTBC Entertainment","24","20.13.09","아는 형님|형님|형님 학교|고경표|서현|약올리기|에베베|감자별|에베베 원조|시트콤|개그맨|개배우|약올리기스킬|연기|사생활|판교신혼부부|사기|사기꾼|서예지|현실남매|얄미움|예능|슈퍼주니어|버즈|SEOHYUN|Ko Kyoung Pyo|GirlsGeneration|SNSD|Knowing bros|Knowing brother|min kyung hoon|kim hee chul|kang ho dong|seo jang hoon|lee soo geun|kim young chul|lee sang min|buzz|superjunior","620304","10005","136","544","https://i.ytimg.com/vi/Ycd4QFVTERk/default.jpg","False","False","시트콤 ＜감자별＞에 나왔었던 고경표연기가 아닌 몸에 내재된 진짜 모습…실전 경험(?)으로 다져진 약 올리기 스킬!이상민을 따라 하는 고경표!화를 부르는 명품 '에베베 연기'에제대로 약 오른 이상민ㅋㅋ매주 토요일 밤 9시 ＜아는 형님＞ 놓치지 마세요!"
"rTfq5WJzx-k","오느른 EP 18.ㅣ옆집 아버님의 할아버님(?)께 인사 드리고 왔어요. 전입신고도 완료!ㅣMBC PD 시골살이 Vlogㅣ귀농 X, 귀촌 O","2020-09-11T10:00:12Z","UCqOmWSVk2LChbt15-Ie2tiw","오느른onulun","22","20.13.09","오느른|힐링|농가|귀농|healing|시골집|휴식|쉼|리틀포레스트|폐가|빈집|시골|농촌|세컨하우스|세컨드하우스|리모델링|나혼자산다|구해줘홈즈|시골로망|대리실현|도시탈출|별장|주말농장|자취|휴가|바캉스|인테리어|집꾸미기|집밥|요리|풍경|고향|감성|sueddu|haegreendal|슛뚜|해그린달|한옥리모델링|시골살이|kimi|키미|한옥|고옥|고옥리모델링|여름방학|renovation|relaxing|calm|한달살이|nature|natural|natural life|korean|lifestyle|countryside|inspiring|nature life|countryside life|inspiration|건축탐구|vlog|집|liziqi|인간극장|옆집|이웃|이웃사촌|선산|산책|동네한바퀴|마을|양파|집수리|집고치기|화장실타일|타일|감성인테리어|aesthetic|rest|koreantrip|trip|backpacker","218924","5474","78","796","https://i.ytimg.com/vi/rTfq5WJzx-k/default.jpg","False","False","정말 한 가족이 된 느낌...아니, 제 실제가족보다 훨씬 가족같은 느낌..ㅋㅋㅋ*오느른은 코로나19 방역수칙을 준수하여 촬영하고 있습니다. 본 영상은 지난 7월 촬영 된 영상으로 집에서 생활 할 때에는 마스크를 쓰지 않고 촬영하였습니다.(※당시 촬영지인 전라북도 김제는 생활 속 거리두기 단계 실시. 촬영스탭은 전부 착용.)하지만 불특정 다수를 만날 때에는 오느른 PD도 마스크를 상시 착용하고 있습니다. 방역수칙을 철저히 준수하는 오느른이 되겠습니다 :)-▫본 채널은 MBC 공식채널로 MBC 소속 PD가 시골에 폐가를 사면서 시작된 시골살이를 연재하고 있습니다.▫ 편집과 글_ MBC D.크리에이티브센터 M드로메다스튜디오팀 오느른▫ 촬영_MBC 영상기획팀 하실장▫ 색보정_MBC DI팀 준서아빠▫ 타이틀_MBC CG팀 유모씨▫ 채널 운영 도움_MBC D.크리에이티브센터 M드로메다스튜디오팀▫ 외국어 자막_ 자메이크▫ 설계_studio S.A.M 윤민환▫ Instagram : @onulun.life▫ Facebook : facebook.com/onulun.life/▫ BGM : 1. 00:00‘Charming happy waltz’ - Markus Strasser2. 02:25‘Fan De ChaChaCha’ - Jacques Ferchit, Jacky DELANCE3. 05:34‘Earth boy’ - Jody K Jenkins4. 06:47’Flower Mist’ - Claudio Spiewak#오느른 #브이로그 #힐링"
"ck60xub3DWM","TAEMIN 태민 'Criminal' @TAEMIN THE STAGE","2020-09-12T11:00:09Z","UCyPwRgc3gQGqhk6RoGS50Ug","SHINee","22","20.13.09","[none]","410120","70238","104","5470","https://i.ytimg.com/vi/ck60xub3DWM/default.jpg","False","False","🎧 Listen and download on your favorite platform :  https://smarturl.it/TAEMIN_NGDA_Act1TAEMIN 'Criminal' MV 🌹 https://youtu.be/hFQL7BS6lrsTAEMIN Officialhttp://taemin.smtown.comhttp://www.youtube.com/shineehttp://www.facebook.com/shineehttp://www.instagram.com/shineehttps://twitter.com/SHINee#Criminal #TAEMIN #태민 #テミン #NeverGonnaDanceAgain #Act1 #DancePractice"
"Jpk2qm6pcT0","[김광일의 입] 문 대통령이 추미애 경질 못하는 이유","2020-09-09T09:00:08Z","UCdp4_yTBhQmB8E339Lafzow","조선일보","25","20.13.09","조선일보|조선|언론|이슈|신문|방송|뉴스|정치","684718","41726","8734","5111","https://i.ytimg.com/vi/Jpk2qm6pcT0/default.jpg","False","False","문재인 대통령의 생각은 무엇일까. 추미애 법무장관을 경질할 수 있을까. 제가 만난 인사들은 문 대통령이 추 장관을 ‘손절(損切)’하지는 못할 것이라고 봤다. 사법 개혁을 제1의 실천 공약처럼 부르짖어온 문 정권 입장에서는 조국과 추미애 두 사람을 모두 불미스러운 일로 법무장관에서 퇴진시키는 것이 결코 쉽지 않을 것이란 분석이다.🔸 조선닷컴 공식 홈페이지 http://www.chosun.com🔸 조선일보 무료구독체험 : http://bit.ly/2WnNAF7🔸 조선비즈 공식 홈페이지 http://biz.chosun.com🔸 공식 페이스북 : https://www.facebook.com/chosun🔸 공식 트위터 : https://twitter.com/chosun◈ 사실에 대한 믿음, 할 말을 하는 용기. 조선일보◈#조선일보 #뉴스 #속보 #제보"
"NTk7wHficyo","[DFB포칼 64강] 뉘른베르크 vs 라이프치히 H/L","2020-09-12T16:13:38Z","UCtm_QoN2SIxwCE-59shX7Qg","SPOTV","17","20.13.09","SPOTV|스포티비","558819","6569","108","2256","https://i.ytimg.com/vi/NTk7wHficyo/default.jpg","False","False","'황희찬 선발 출전'뉘른베르크 vs 라이프치히 경기 하이라이트"
"bLajODjQ2YM","모두가 마술인줄 알았지만 진짜로 숨을 거둬버린 마술사","2020-09-12T02:00:06Z","UCvi7EYzMlfSB0ZkX55i5LlA","타임스낵","24","20.13.09","타임스낵|TIME SNACK|시간 때우는 채널|시간 때우는 영상|시간 때우기|재밌는 영상|레전드|베스트|웃긴 영상|웃음참기|웃음참기 챌린지|자막드립|유머스낵|바삭이|스낵이|반죽이|마술사|코미디언|개그맨|미스테리|미스터리","472954","5779","108","1609","https://i.ytimg.com/vi/bLajODjQ2YM/default.jpg","False","False","무대 위에서 숨을 거둔 마술사 토미 쿠퍼, 이를 본 관객들은 왜 웃고만 있었을까요?🍪 우리 바삭이들 사랑해요 ㅎㅎ ♥🍪 반죽이들도 구독해줄꺼죠? :) 🍪 늘 재밌는 영상으로 보답할게요!!🍪 타임스낵 부캐 유머스낵도 많이 사랑해주세요ㅎㅎ🍪 제보와 문의는 [ timesnack24@gmail.com ] 으로 메일주세요!!#타임스낵#미스터리스낵#토미쿠퍼"
"FVMYmKm8tL0","[영화대영화] 갑자기 죽거나 VS 갑자기 증발되거나","2020-09-12T10:37:16Z","UCb_GEWOGkCTXawWZKDtALwg","9bul","1","20.13.09","구불|레프트비하인드|리메이닝|니콜라스케이지|괴물|증발|영화대영화","301342","6377","183","1339","https://i.ytimg.com/vi/FVMYmKm8tL0/default.jpg","False","False","메일주소 9bul.contact@gmail.com 공식 페이스북 페이지https://www.facebook.com/9bulworld/인스타그램 https://www.instagram.com/p/Bdj76iwFvDX/다이렉트 메세지는 답장못드립니다 ㅠㅠ 메일로 연락주세요.구불의 자료실창고 https://www.youtube.com/channel/UCIy3Kio-7zHUW1gwXNxkEHg구불 일상 노래파괴채널 8bul https://www.youtube.com/channel/UC8Znh6JUKEVBJChrcuiFj7g-구불추천지수는 지극히 개인적 감상평입니다. 가볍게 참고만 해주세용-리메이닝레프트비하인드구불추천지수: 4/10병맛요소: 1/10참신함: 4/10한줄평: 사람들이 갑자기 죽거나 사라진다면..? 성경에 나오는 이야기를 소재로 재앙영화를 만들었다. 좀 더 확실한 재앙영화로는 리핑 10가지 재앙이 있지만 리메이닝과 레프트비하인드는 이에 비해 임펙트가 좀 떨어진다. 하지만 리메이닝과 레프트비하인드는 재앙에 대처하는 사람들을 좀 더 현실적으로(어차피 현실적이지 않지만;;) 다뤘다. 산사람들은 추측만 할 뿐 죽은 사람들은 말이 없다.멍멍! 오늘은 특별히 영화대 영화로 리메이닝 대 레프트 비하인드를 리뷰해봤습니다. 두 영화 다 한 순간에 사람들이 죽거나 사라지는 초자연적인 종말을 다뤘는데요. 보통 재난, 재앙 영화에서는 전조증상이라든가 이유를 밝혀주지만 이 영화들은 한 번에 훅들어옵니다.ㅋㅋ이게 둘 다 성경책에서 이야기하는 재앙을 모티브로 가져왔지만 두 영화 모두 어떤 종교적이거나 과학적인 결론을 내리지 않고 있습니다.사실 저는 콘스탄틴 같이 악마랑 싸우고 이런 걸 좀 기대했었는데 악마와 엄청 싸우고 이런 화려함은 없지만 재난, 재앙 영화 좋아하시는 분들이라면 킬링타임용으로 괜찮을거 같네요. 이상. 영화대 영화! 사람들이 한순간에 사라지거나 쓰러지는 영화! 리메이닝 대 레프트 비하인드였습니다. 구린이들 구꾸까까 까꿍?!#영화대영화 #리메이닝 #레프트비하인드"
"ny5ZVoC-pp4","승찬, 우정을 느끼다 [총몇명 프리퀄]","2020-09-09T09:00:12Z","UCRuSxVu4iqTK5kCh90ntAgA","총몇명","1","20.13.09","총몇명|유승찬|민모리|ㅋㅋㅋ|웃긴|부락토스","1774173","40213","781","4807","https://i.ytimg.com/vi/ny5ZVoC-pp4/default.jpg","False","False","오늘도 역시 감사드립니다!!총몇명 스튜디오 - 총몇명, 십제곱, 5G민, MOVE혁, 찐스톤, Jin, 정영준♬BGM1.Romantic Autumn by MusicLFilesLink: https://filmmusic.io/song/6495-romantic-autumnLicense: http://creativecommons.org/licenses/by/4.0/2.Fluffing a Duck by Kevin MacLeodLink: https://filmmusic.io/song/3766-fluffing-a-duckLicense: http://creativecommons.org/licenses/by/4.0/3.Jazzi  by Frank SchröterLink: https://filmmusic.io/song/6469-jazzi-License: http://creativecommons.org/licenses/by/4.0/4.Happy Boy End Theme by Kevin MacLeodLink: https://filmmusic.io/song/3854-happy-boy-end-themeLicense: http://creativecommons.org/licenses/by/4.0/5.Doh De Oh by Kevin MacLeodLink: https://filmmusic.io/song/3666-doh-de-ohLicense: http://creativecommons.org/licenses/by/4.0/6.Chase Pulse Faster by Kevin MacLeodLink: https://filmmusic.io/song/3487-chase-pulse-fasterLicense: http://creativecommons.org/licenses/by/4.0/7.Happy Whistling Ukulele  by Rafael KruxLink: https://filmmusic.io/song/5453-happy-whistling-ukulele-License: http://creativecommons.org/licenses/by/4.0/8.Dark Secrets (DECISION) by Sascha EndeLink: https://filmmusic.io/song/246-dark-secrets-decision-License: http://creativecommons.org/licenses/by/4.0/"
"pF1muVR9iC4","잠시라도 눈을 떼면 점점 올라오는 상자속의 충격적인 존재 (개쩌는 공포 단편영화)","2020-09-12T08:00:07Z","UCtwxuughKbSAV0e4bnz4ORg","홍시네마","1","20.13.09","영화|공포영화|영화리뷰|예고편|영화소개|홍시네마|시네마 고어영화|스릴러영화|b급영화|무비|공포|좀비|좀비영화|스포|결말|넷플릭스|넷플|결말포함|영화추천|단편영화","106897","1600","62","345","https://i.ytimg.com/vi/pF1muVR9iC4/default.jpg","False","False","#홍시네마 #단편영화 #공포영화어느날 불편한 친구 숀에게서 상자를 선물받은 벤은그것을 열어보고..그 상자에는 충격적인 존재가 벤을 노리기 시작합니다[영화 풀 버젼 보는곳] ↓ https://www.youtube.com/watch?v=TGZg1YqXv9o&list=LL&index=13&t=1s[홍시네마 구독]↓https://www.youtube.com/channel/UCtwxuughKbSAV0e4bnz4ORg?sub_confirmation=1[홍스타그램]     ↓https://www.instagram.com/hong_cinema/[홍게임방 구독]  ↓https://www.youtube.com/channel/UCK2HwqFjgOhFqleFtqXGt0A?sub_confirmation=1"
"r9R7OXQG39A","70일간 25kg 감량 다이어트 성공했습니다.","2020-09-12T09:00:27Z","UC5XuQ-xiWAB6f-qu6gJMDBQ","흥삼","22","20.13.09","흥삼|Rooftop|먹방|Mukbang|옥탑방|Cook|eatingshow|eating show|요리|쿡방|먹방 레전드|흥삼 먹방|mukbang korea|mukbang korean|mukbang korean food|mukbang reaction|吃播|食べ放題|Korea food|K food|가마솥 요리|솥뚜껑 요리|시골먹방|시골 먹방|가족먹방|가족 먹방|ASMR|asmr|ASMR eating show|Heungsam|Heungsam mukbang|다이어트|성공|식단|운동|체지방량|골격근량|식단관리|운동법|살빼기|감량|diet|복귀|25kg 감량|다이어트 성공|diet success","229377","14348","366","3418","https://i.ytimg.com/vi/r9R7OXQG39A/default.jpg","False","False","안녕하세요 흥삼입니다.좋아요&구독하기 한 번씩 눌러주세요!!흥삼이에게 큰 힘이됩니다!!Your [Subscribe&like] would mean a lot to the creator!!각종 문의이메일 문의 주소 : gmdtka78@naver.comYouTube 구독하기 링크!!   ☞  https://goo.gl/cTsmVx"
"ZPxQFeKY86s","“우리 애도 휴가 보내라” 전화 폭탄 맞은 국방부 | 토요랭킹쇼","2020-09-12T05:40:27Z","UCfq4V1DAuaojnr2ryvWNysw","채널A 뉴스","25","20.13.09","국방부|추미애아들|휴가","626193","10106","914","6847","https://i.ytimg.com/vi/ZPxQFeKY86s/default.jpg","False","False","국방부 민원실에 항의 전화가 폭주하고 있다고 합니다.  국방부가 추 장관 아들처럼 전화만으로 휴가 연장이 가능하다고 밝힌 이후, 아들을 군대에 보낸 부모들은 단단히 뿔이 났습니다.  이어서 황하람 기자입니다.[리포트] 추미애 법무장관 아들 서모 씨의 특혜성 휴가 연장 의혹에 대해 국방부는 군 훈령과 규정 등을 제시했습니다.   허가권자의 구두승인으로 조치가 가능하며 부득이한 사유가 있을 경우 전화 등으로 휴가 연장조치를 할 수 있다는 겁니다.   법규상 문제가 없다는 국방부의 입장이 전해지자 국방부 민원실에는 전화가 폭주하고 있습니다.  [국방부 종합민원실 관계자] 이 전화 통화를 끊으면 저는 이런(휴가 문의) 전화를 또 받을 거에요. (항의성 민원) 계속 받고 있습니다.   국방부 내부 자료에 서 씨 부모의 병가 연장 민원이 담긴 것으로 알려지자 장병 부모라고 밝힌 사람들의 항의 전화도 이어졌습니다.   코로나 19로 휴가가 제한되고 있지만 전화를 했으니 우리 아들도 휴가를 내달라며 조롱 섞인 민원을 접수하고 있는 겁니다.   민원실 측은 절차만 안내한다며 진땀을 흘렸습니다.  [국방부 종합민원실 관계자] 우리나라 대통령이든 미국 대통령이 전화하든 누가 전화를 해도 저희가 휴가를 어떻게 해드릴 수 있는 권한이 없어요.   청와대 게시판에도 집에 가만히 앉아 병가 연장을 할 수가 있느냐며 서민의 자녀는 꿈도 못꾸는 이야기라고 박탈감을 털어놓는 글들이 이어졌습니다.   장성 출신 국회의원은 '참담한 심정'이라고 밝혔습니다.  [한기호 / 국민의힘 의원] 이제 부모들이 수없이 전화로 휴가연장을 신청하고 또 번복한다면 무엇으로 감당할 것입니까.   국방부도 내부적으로 휴가 제한이 풀린 뒤 실제 장병들의 요청이 쇄도할 경우 어떻게 대응할 지 고심 중인 것으로 전해졌습니다.  채널A 뉴스 황하람입니다.  yellowriver@donga.com 영상편집 : 박형기#채널A뉴스 #실시간 #뉴스 ▷ 공식 홈페이지 http://www.ichannela.com▷ 공식 페이스북 https://www.facebook.com/channelanews▷ 공식 유튜브 https://www.youtube.com/tvchanews"
"M3WxxgRHJ0E","[20/21 PL 1R] 리버풀 vs 리즈 H/L","2020-09-12T19:30:00Z","UCtm_QoN2SIxwCE-59shX7Qg","SPOTV","17","20.13.09","SPOTV|스포티비","732932","6777","232","3879","https://i.ytimg.com/vi/M3WxxgRHJ0E/default.jpg","False","False","리버풀 vs 리즈 유나이티드 경기 하이라이트"
"DNqfifnOnDg","[#하이라이트#] 수능만점자 프린스 홍★ 민준홍의 자만추(?) 연애스토리 공개! UN프로그램에서 만났다..? #유퀴즈온더블럭 | YOU QUIZ ON THE BLOCK EP.71","2020-09-10T09:47:43Z","UC920m3pMPH45qztdhppZhwA","유 퀴즈 온 더 튜브","24","20.13.09","tvN|유퀴즈온더블럭|유퀴즈|유재석|조세호|문과|이과|임두원|서지음|김성민|최현민|민준홍|김지명|백희나|과학자|작사가|물리올림피아드|수능만점자|구름빵|아스트리드린드그렌상|그림책|부먹|찍먹|문과감성|엑소|으르렁|EXO|이별|조명|f(x)|에프엑스|일렉트릭쇼크|4당5락|프린스홍|연애|자만추|백혈병|의사|2021수능|수험생|아동계의노벨상","403805","4972","94","550","https://i.ytimg.com/vi/DNqfifnOnDg/default.jpg","False","False","#유퀴즈온더블럭매주 수요일 저녁 8시 50분 tvN#유퀴즈온더블럭 #유퀴즈 #유재석 #조세호 #문과vs이과------------------------------------------------------------------ ▶[유 퀴즈 온 더 블럭] 최신 클립 다시보기 : http://www.tving.com/smr/vod/player/P/C01_B120180515?from=youtube------------------------------------------------------------------"
"24pcgZCPc0g","[놓지마정신줄 EP. 8-1] 다이어트 중 뜻밖의 먹방 🤣 왜 이렇게 논리적인데 ㅋㅋㅋ ㅣ레전드 웹드라마 ㅣWeb Drama (EN/CN/JP/ID)","2020-09-12T10:00:00Z","UC5Mtt2WIemzXJIjC64gV2EA","룰루랄라 스토리랩- Lululala Story Lab","24","20.13.09","웹시트콤|스튜디오룰루랄라|룰루랄라스토리랩|시트콤|티저|청춘시트콤|studiolululala|jtbc|lululalastorylab|idol|Kpop|Korean Idol|boy group|남돌|남자아이돌|보이그룹|썸|연애|청춘물|ASMR|정상훈|이현이|이진혁|이수민|권현빈|홍비라|손세빈|WEBSITCOM|LeeJinHyuk|업텐션|UP10TION|예능|재미|웃음|먹방|떡볶이|mukbang","160215","3141","31","388","https://i.ytimg.com/vi/24pcgZCPc0g/default.jpg","False","False","아니 떡볶이랑 치즈돈가스가 언제부터 다이어트 음식이었냐곸ㅋㅋㅋㅋㅋㅋ저도 오늘부터 다이어트합니다!!! 😍❤️정신줄 제대로 놓은 웹드라마 [놓지마 정신줄]❤️매주 (금), (토) 저녁 7시 룰루랄라 스토리랩에서 공개!❤️Instagram: https://www.instagram.com/lululala_storylab❤️A web drama that's officially lost its mind [Hanging on!]❤️Every (fri), (sat) @7PM KST on Lululala Story Lab!❤️Instagram: https://www.instagram.com/lululala_storylab#놓지마정신줄 #룰루랄라스토리랩 #웹드라마 #WebDrama #정상훈 #이현이 #이진혁 #이수민 #권현빈 #홍비라 #손세빈 #LululalaStoryLab #JungSangHoon #LeeHyunYi #LeeJinHyuk #LeeSuMin #KwonHyunBin #HongBiRa #SonSeBin #WebSitcom #Hanging_on #먹방 #mukbang"
"Tg0Knp2TQ-s","거대 장수말벌을 불개미병사 7000마리에게 먹이로 줘보았다. I gave Asian giant hornet  to the fire ant army.","2020-09-10T09:15:04Z","UCOv1v2iptqYMVEwLAIUOhPw","정브르","15","20.13.09","장수말벌|정브르|정브르 다콩|다콩|트위치스트리머|프응tv|말벌피해|해외장수말벌|말벌불개미|불개미에게말벌|불개미에게장수말벌|Asian giant hornet","1568049","9987","848","1402","https://i.ytimg.com/vi/Tg0Knp2TQ-s/default.jpg","False","False","프응님께서 잡아주신 장수말벌을 불개미에게 먹이로 줬는데 신기한 일이 ㅋㅋ..생각과는 좀 달랐네요.한국에서 가장 강한 말벌과 한국에서 가장 강한 개미의 만남입니다.#장수말벌 #불개미 #Asian giant hornet"
"StXm8UUqlgw","한국 치킨을 처음 먹어본 영국 대학생들의 반응?!? (feat. 짜파치킨)","2020-09-09T11:38:56Z","UCg-p3lQIqmhh7gHpyaOmOiQ","영국남자 Korean Englishman","23","20.13.09","Korean|영국남자|영국|조쉬|올리|Josh|Ollie|KoreanEnglish|English|Man|englishman|food|음식|외국인|반응|영상|웃긴|남자|외국|도전|매운|조니|조엘|댄|단|신부님|크리스|올리아빠|해물|치킨|삼겹살|korean|BBQ|fried|chicken|라면|불닭볶음면|미친남자","1434964","49538","733","5185","https://i.ytimg.com/vi/StXm8UUqlgw/default.jpg","False","False","#치킨 #KoreanChicken #Ad 오늘은 영국 대학생들에게 한국 치킨의 신세계를 소개해줍니다! 대부분 한국음식을 안 먹어본 친구들이었는데요, (갑툭튀 등장 수상한 학생 빼고 ㅋㅋ) 언제 먹어도 한결같이 눅눅한 영국치킨을 먹고 자란 이 친구들의 반응은 어땠을까요?!? 게다가 영국에서는 익숙치 않은 치킨 + 맥주의 조합까지! 저는 아직도 제가 처음 한국 치킨을 먹어본 날을 기억하는데,,, 이 친구들에게도 특별한 기억으로 남았으면 좋겠어요! 겉바속촉 후라이드 치킨부터 양념치킨, 그리고 짜파치킨까지 풀세트로 먹어본 영국 대학생들의 반응, 영상에서 확인해주세요!! 그리고 이 영상을 위해  4시간동안 고생해서 치킨을 만들어준 Gabie와 Elea에게 고맙다는 말 전합니다!Today we introduce Korean Chicken to British students! I still remember the first time I had Korean chicken and was just SHOCKED at how crunchy, succulent, amazingly delicious it was. And hopefully today will also be a memorable experience for the students as well! We get them to try plain fried chicken, the renowned sweet and spicy yangnyeom chicken, and the newly invented Jjapa chicken! Will they LOVE it? I think we all know the answer to that but watch till the end to… get some reassurance…?! Haha ENJOY!And a very special thank you to Gabie and Elea who made the chicken for 4 hours for this video!Huge thanks to everyone involved in the creation of this video:Written and Directed by Josh and OllieProducer/Editor: Grace ParkProducer/Editor/Translator: Hyemin LimEditor: Sejun LeeTranslator: Hannah Kang"
"kz_aEPyWGgg","Hwang scores in debut | 1. FC Nürnberg vs. RB Leipzig 0-3 | Highlights | DFB-Pokal 20/21 | 1st Round","2020-09-12T16:50:09Z","UC7am34-1rGU_ky1vWYnoOJQ","German Football","17","20.13.09","DFB|German Football|Football|Soccer|Germany|Football Highlights|Soccer Highlights|DFB-Pokal|DFB Pokal Highlights|DFB Pokal 2020/21|DFB-Pokal Round 1|German Cup|German Cup Highlights|Nürnberg|Nürnberg Highlights|Nürnberg DFB Pokal|1. FC Nürnberg|Amadou Haidara|Yussuf Poulsen|Hwang Hee-chan","71684","1534","28","208","https://i.ytimg.com/vi/kz_aEPyWGgg/default.jpg","False","False","Enjoy the highlights of 1. FC Nürnberg vs. RB Leipzig from the 1st Round of the DFB-Pokal 2020/21.Goals: 0-1 Haidara (3'), 0-2 Poulsen (67'), 0-3 Hwang (90')Subscribe now for more action and hit the bell: https://zly.de/dfb/yt_sub.Watch all Highlights from the DFB-Pokal: https://go.dfb.de/dfb-pokal-pl-2021"
"_iNhmju8tcU","『MATCH 13-14 & 개인전 D조』 | 2020 SKT 5GX JUMP 카트라이더 리그 시즌2","2020-09-12T12:08:14Z","UCKDkGnyeib7mcU7LdD3x0jQ","OGN","20","20.13.09","OGN|게임|game","78709","475","26","49","https://i.ytimg.com/vi/_iNhmju8tcU/default.jpg","False","False","----------------------------------------------------------------------------------------● 홈페이지 - http://ogn.tving.com● 페이스북 - http://www.facebook.com/OGN● 인스타그램 -  http://instagram.com/ogn_live● @44층 지하던전 : https://www.youtube.com/ognplus--------------------------------------------------------------------------------------------------"
"rTnCaYq4ZkA","MBN 뉴스파이터-김호중의 뜨거운 앨범 반응…정동원 나훈아·지드래곤 처럼","2020-09-09T14:07:42Z","UCG9aFJTZ-lMCHAiO1KJsirg","MBN News","25","20.13.09","MBN|MBN뉴스|뉴스|mbn실시간|트로트|김호중|정동원|김호중 앨범 판매량|나훈아|지드래곤|트로트 가수|김복준|홍종선|이인철|최단비|김명준 앵커","364370","19373","768","1856","https://i.ytimg.com/vi/rTnCaYq4ZkA/default.jpg","False","False","[출연자]김복준 한국범죄학연구소 연구위원홍종선 대중문화전문기자이인철 변호사최단비 변호사#MBN #트로트 #김호중 #정동원 #뉴스파이터 #김명준앵커화면 출처 : 유튜브 '김호중 공식 채널'화면 출처 : 유튜브 '정동원TV'*해당 내용은 관련 동영상 참고저작권자 ⓒ MBN(www.mbn.co.kr) 무단전재 및 재배포 금지☞ MBN 유튜브 구독하기  ☞ https://goo.gl/6ZsJGT📢 MBN 유튜브 커뮤니티https://www.youtube.com/user/mbn/community?disable_polymer=1MBN 페이스북 http://www.facebook.com/mbntvMBN 인스타그램 https://www.instagram.com/mbn_news/"
"Y3aeZ0On7zQ","온라인 수업에 음란물 틀어 놓고 안녕…여중 '발칵' / SBS","2020-09-11T12:07:49Z","UCkinYTS9IHqOEwR1Sze2JTw","SBS 뉴스","25","20.13.09","SBS|SBS NEWS|SBS 뉴스|에스비에스|에스비에스 뉴스|서울 방송|SEOUL BROADCASTING SYSTEM|KOREA NEWS|Korean News|대한민국 뉴스|News Network|수업|교사|온라인|안녕|음란물|발칵","2097232","14222","357","8379","https://i.ytimg.com/vi/Y3aeZ0On7zQ/default.jpg","False","False","어제(10일) 서울의 한 여자중학교 교사가 학생들 온라인 수업 시간에 음란 동영상을 내보내는 일이 벌어졌습니다.이 교사는 실수였다고 주장했는데, 유수환 기자가 취재했습니다.원문 기사 더보기 https://news.sbs.co.kr/y/?id=N1005976588 #SBS뉴스 #SBSNEWS #SBS_NEWS #에스비에스뉴스 #8뉴스▶SBS 뉴스 채널 구독하기 : https://n.sbs.co.kr/youtube ▶SBS 뉴스 라이브 : https://n.sbs.co.kr/youtubeLive , https://n.sbs.co.kr/live ▶SBS 뉴스 제보하기홈페이지: https://n.sbs.co.kr/inform 애플리케이션: 'SBS뉴스' 앱 설치하고 제보 - https://n.sbs.co.kr/App 카카오톡: 'SBS뉴스'와 친구 맺고 채팅 - https://pf.kakao.com/_ewsdq/chat 페이스북: 'SBS뉴스' 메시지 전송 - https://www.facebook.com/sbs8news 이메일: sbs8news@sbs.co.kr 문자: #6000 전화: 02-2113-6000 홈페이지: https://news.sbs.co.kr/ 페이스북: https://www.facebook.com/sbs8news 트위터: https://www.twitter.com/sbs8news카카오톡: https://pf.kakao.com/_ewsdq인스타그램: https://www.instagram.com/sbsnews"
"Iu7ScR7UcB8","[20/21 PL 1R] 풀럼 vs 아스날 H/L","2020-09-12T14:23:52Z","UCtm_QoN2SIxwCE-59shX7Qg","SPOTV","17","20.13.09","SPOTV|스포티비","484487","4447","253","2288","https://i.ytimg.com/vi/Iu7ScR7UcB8/default.jpg","False","False","풀럼 vs 아스날 경기 하이라이트"
"gAtSbe8D4gI","동반입대 친구가 내 동생 남자친구??","2020-09-12T09:00:09Z","UCom6YhUY62jM52nIMjf5_dw","오킹TV","24","20.13.09","오킹|오킹TV|트위치|유튜브|스트리머|오퀸|여진|윤여진|실친|군대|군대썰|우리|운전병|동생|가족|처남|선임|후임","373121","6147","76","818","https://i.ytimg.com/vi/gAtSbe8D4gI/default.jpg","False","False","◆ 오킹 팬카페! 네이버 카페 : https://oking.kr/fancafe◆ 오킹에게 후원하기            : https://oking.kr/donate◆ 오킹의 생방송 다시보기   : https://oking.kr/youtube2◆ 영상 업로드는 매일 18시! 많은 관심 부탁 드릴게요!◆ 구독과 좋아요 부탁드립니다.근거없는 낭설 / 악플, 싸움조장 댓글 삭제 합니다.BY. 종학영상 및 광고 문의이메일 : oking1025@sandbox.co.kr#오킹 #오퀸 #돌고돌아군대썰"
"tvmgCOhN2bE","[100분토론] - 코로나19 경제위기와 기본소득(884회)","2020-09-10T16:10:15Z","UCD46H9Pm3nLqCj7vv3pQkPA","MBC 100분토론","25","20.13.09","이재명|제레미 리프킨|원희룡|경기도|제주도|기본소득|경제위기|재난지원금|코로나|지원금|경제|백분토론|100분토론","185594","4589","164","3244","https://i.ytimg.com/vi/tvmgCOhN2bE/default.jpg","False","False","2020년 9월 10일 (목) 밤 11시 50분이번 주 [100분토론]에서는 원희룡 제주도지사와 이재명 경기도지사, 그리고 세계적인 미래학자 제레미 리프킨 교수 등이 출연해  2차 긴급재난지원금 지급 방식과 2차 재난지원금이 현 경제 위기에 어떠한 영향을 미칠지, 경제 위기를 기본소득제로 타개할 수 있을지 모색할 예정입니다.실시간 댓글로 많은 의견 남겨주세요~100분토론은 여러분의 참여를 기다리고 있습니다.출연패널이재명 / 경기도지사제레미 리프킨 / 경제학자원희룡 / 제주도지사0:00:00 시작0:02:03 본방송시작"
"Q9t9fl3vHl0","불사신들을 너무 많이 생산해버린 미국 제약 회사","2020-09-09T10:00:05Z","UCxlv4aOnrRTXMRSL8bVJqEw","B Man 삐맨","1","20.13.09","더보이즈|더보이즈 시즌1|더보이즈 시즌2|미드 더보이즈|미드 더보이즈 시즌2|미드 더보이즈 시즌1|더보이즈 결말|미드 더보이즈 결말|삐맨|삐맨 미드|미드|영드|미드 추천|추천 미드|꿀잼 미드|미드 꿀잼|삐맨 영화|영화 삐맨|영화|꿀잼 영화|추천 영화|더 보이즈 삐맨|삐맨 더 보이즈|삐맨 더 보이즈 시즌2|더 보이즈|더 보이즈 시즌1|더 보이즈 시즌2|홈랜더","749959","6243","290","505","https://i.ytimg.com/vi/Q9t9fl3vHl0/default.jpg","False","False","여러분 안녕하세요 삐맨입니다.오늘은 '더 보이즈' 시즌 2에 대해 알아보려 합니다. 아직 못 보신 분들은 한꺼번에 시즌 1도 보시면 좋을 것 같아, 통합본으로 업로드 합니다. 재밌게 보시고 추천과 구독 부탁드립니다.감사합니다.*드라마 '더 보이즈'는 아마존 프라임 비디오에서 시청하실 수 있습니다*오늘의 영상은 유료 광고를 포함하지 않았습니다#더보이즈, #슈퍼히어로, #도라이들00:00 - 인트로 고지00:09 - 더 보이즈 시즌 114:00 - 더 보이즈 시즌226:09 - 더 보이즈에 관하여"
"WMlk2EGz8uM","[100분토론] 원희룡 VS 이재명 그 승부는?","2020-09-11T14:02:52Z","UCD46H9Pm3nLqCj7vv3pQkPA","MBC 100분토론","25","20.13.09","100분토론|백분토론|이재명|원희룡|보편지원|선별지원|재난지원금|지원금|경기도|제주도|지원|재난|기본소득|경제","411238","6018","236","4589","https://i.ytimg.com/vi/WMlk2EGz8uM/default.jpg","False","False","884회, 코로나19 경제위기와 기본소득이재명 / 경기도지사원희룡 / 제주도지사제레미 리프킨 / 경제학자2020년 9월 10일 100분토론 884회[공지]- 매주 화요일밤 11시 35분 100분토론 유튜브 채널과 imbc를 통해 실시간 방송을 시청하실 수 있습니다."
"gey9TnrBy2Y","동부지검 밀회? 현장 들켰다! TV조선의 집요함에  추미애 충격! (진성호의 융단폭격)","2020-09-12T10:00:08Z","UC-ORGzN6c-OZyCw9YAYNjkA","진성호방송","22","20.13.09","진성호|진성호의 직설|진성호방송|진성호의 융단폭격|진성호TV","469411","38026","853","2079","https://i.ytimg.com/vi/gey9TnrBy2Y/default.jpg","False","False",""
"gbJ9QBj9dkk","대체 스팸 뚜껑은 왜 주는거임? 항의에 CJ가 보인 반응...","2020-09-12T00:00:09Z","UCAXw9EA1Ruu0Lcg_svVZ6uQ","이슈텔러 issueTeller","24","20.13.09","꿀잼|웃긴영상|웃음참기|감동|지식|정보|랭킹|공감|스팸","316816","4078","137","986","https://i.ytimg.com/vi/gbJ9QBj9dkk/default.jpg","False","False","안녕하세요~! 감성지식 채널 이슈텔러 입니다~^^구독 + 좋아요~ 부탁드려욧!^^ 그리고 항상 행복하세요!!!^^♥ 팬아트 보내는 E-mail : ianhappy0806@gmail.com♥ 이슈텔러 책(감성지식 에세이) 이번 생은 틀렸다고 느껴질 때 구경가기~ http://www.kyobobook.co.kr/product/detailViewKor.laf?mallGb=KOR&ejkGb=KOR&linkClass=&barcode=9791188469222♥ 인스타 팔로우 고고~ https://www.instagram.com/issueteller/"
"jQOrDplY1DQ","(ENG)💗두근두근 아찔한 첫 스킨십💗[웹드라마 - 서류상 아빠 ] EP.03 | Web Drama : Legally, Dad EP.03","2020-09-10T10:00:10Z","UCjOslp-74AgL4gaUWvojZbw","STUDIO DIA 스튜디오 다이아","24","20.13.09","서류상|아빠|웹드|웹드라마|K-webdrama|k-drama|최경훈|경훈|뷰티학개론|로맨스|로맨스 웹드|이현주|현주|서류상아빠|tvnd|다이아TV|스튜디오다이아|알랑말랑|뷰티학개론웹드|뷰티학웹드|설레는웹드|존잼웹드|존잘남주|잘생긴남자웹드|설렘|달달한웹드|짝사랑전세역전|짝전|나의개같은연애|나개연|너대처법|여화이|너랑하고싶어|웹드라마 알랑말랑|웹드라마 서류상 아빠|설유상|경훈배우|최경훈 배우|유니티|유니티 현주|유니티 이현주|로코|로코웹드|웹드로코|웹드 로맨스|알콩달콩|키스|키스장면","387282","10775","120","716","https://i.ytimg.com/vi/jQOrDplY1DQ/default.jpg","False","False","#웹드라마 #서류상아빠 #웹소재질▼▼웹소설로 [ 서류상 아빠 ] 먼저 만나기▼▼▼👉네이버 웹소설 링크  https://novel.naver.com/webnovel/list.nhn?novelId=905524 4박 5일간 단.둘.이 한 집에서 지내게 됐다...!!순탄한 동거 생활을 위해 평화 협정(?)을 맺던두 사람에게 찾아온 예상 못 한 아찔한 순간 👀❗❗우리 관계, 지금 이대로 괜찮은 거야...?! 01:00 유상이의 뜻밖의 취향......🙄05:55 이 상황에 심멎 안 할 강심장이신 분 ✋ (aka. 이번화 엑.기.스)08:31 내가 다 맴찢 ㅠㅠㅠㅠㅠ 갑자기 5살 차이 새아빠가 생겼다 ⎮ [서류상 아빠] EP03매주 목요일 저녁 7시에 만나요✨ 음원 도움 주신 '소각소각' 님께 감사드립니다 :) [OST 정보]소각소각 - 오늘보다 내일의 너를 더 좋아하겠지 ▼▼웹소설로 [ 서류상 아빠 ] 먼저 만나기▼▼▼👉네이버 웹소설 링크🎉Naver TV: https://tv.naver.com/studiodialxdrama🎉Facebook: https://www.facebook.com/diabeautiology/🎉Instagram: https://www.instagram.com/official_diatv/"
"vT78Gwh62YI","BTS 방탄소년단 KBS 오다! LIVE","2020-09-10T09:54:43Z","UC3m0s5XAQydCtbLHc8j1Uog","KBS 한국방송","24","20.13.09","BTS|K-POP|방탄소년단|방탄소년단 9시뉴스|방탄소년단 KBS|BTS KBS","1674406","94554","906","1063","https://i.ytimg.com/vi/vT78Gwh62YI/default.jpg","False","False","BTS KBS 9시 뉴스 전격 출연!방탄소년단!빌보드 차트 1위 대기록 달성 이후 첫번째 언론사 인터뷰!잠시 후 오후5시 부터촬영 전 과정을 실시간으로 공개합니다!every K-POP fan out there, here we have great news! #BTS will be visiting KBS in about 4 hours!! Here's our schedule for YouTube Live so stay tuned:The first live with BTS will start at 5PM(KST). Then, KBS News9, starting from 9PM(KST), will lead an exclusive interview with BTS. So don't miss out on this opportunity to watch BTS live!公告牌百强单曲榜 第一名以后，第一次在媒体采访 #BTS #防弹少年团 今天在 KBS新闻9 出演啦~ 韩国时间17:00点 #KBS #新闻9 #公告牌百强单曲榜 #直播 #韩国KBS电视台 #KBS韩国电视台"
"JTeYrBM38TQ","1년 반만에 드디어 밝혀진 엔드게임 속 비밀들","2020-09-11T08:22:20Z","UC_Aly3X5CdojHdRDGmKi1ow","엔스Ens","1","20.13.09","마블|엔드게임|어벤져스|아이언맨|스파이더맨","215384","2306","75","341","https://i.ytimg.com/vi/JTeYrBM38TQ/default.jpg","False","False","오늘은 엔드게임을 다시 봐보며 당시에 놓쳤던 디테일에 대해 알아봅니다!마블 영화 다시보기 시리즈 ↓아이언맨 1 : https://youtu.be/HsxfHBWL7R0어벤져스1 : https://youtu.be/-ii3QIgtKzk에이지 오브 울트론 : https://youtu.be/YeyjLC8qHK4시빌워 : https://youtu.be/tK5bMEAnmZw닥터 스트레인지 : https://youtu.be/NNIKDin5k6s스파이더맨 홈커밍 : https://youtu.be/56Rp9t_nO1M블랙팬서 : https://youtu.be/5iTSHHanAz0인피니티 워 : https://youtu.be/ZRu9Sp-7iZs"
"Abz9jq9blh4","[sub]🥔EP.7-1 (손)님아 그 상을 치우지 마오 | 나홀로 이식당 풀버전","2020-09-11T14:15:11Z","UCQ2O-iftmnlfrBuNsUUTofQ","채널 십오야","24","20.13.09","나영석|나PD|아간세|아이슬란드간세끼|이수근|수근세끼|은지원|지원세끼|삼시세끼|세끼|신효정|나피디|묘한이|tvN|라끼남|라면|라면끼리는남자|강호동|양정우|육봉선생|6봉선생|라면먹방|마포멋쟁이|마포|멋쟁이|송민호|표지훈|민호|지훈|피오|MINO|PO|P.O|위너|WINNER|송표|표송|패션|패션유튜버|패션유튜브|삼시네세끼|달나라공약이행프로젝트|달나라프로젝트|달나라|젝스키스|젝키|젝서키|젝스키|이재진|재진|김재덕|재덕|장수원|수원|Sechs Kies|슬의|슬기로운하드털이|슬의생|슬기로운의사생활|신원호|워노|이우정|조정석|정경호|유연석|김대명|전미도|이익준|김준완|안정원|양석형|채송화|용석민|문태유|도재학|이익순|곽선영|겨울정원|신현빈|장겨울|수빈쌤|hospitalplaylist|이식당|나홀로이식당|나노|정원겨울|춘하추동|우주|김준|피아노치는곰돌이","858468","12141","145","709","https://i.ytimg.com/vi/Abz9jq9blh4/default.jpg","False","False","손님을 뤼스펙#먼저오신분들은 #다음손님이오시면 #서빙해주세요감자 잘 캐는 법🥔https://bit.ly/2RpuQEt메인셰프 이수근, 주방보조 이수근, 설거지 이수근, 서빙 이수근, 계산 이수근, 그 외 이수근어차피 인생은 혼자~ '나홀로 이식당' 매주 금요일 밤 10시 50분 tvN풀버전은 방송직후 '채널십오야' 유튜브에서!"
"p1OGFLjtTes","TAEMIN 태민 ‘Criminal’ Dance Practice","2020-09-10T15:00:12Z","UCyPwRgc3gQGqhk6RoGS50Ug","SHINee","22","20.13.09","[none]","857713","102748","171","11409","https://i.ytimg.com/vi/p1OGFLjtTes/default.jpg","False","False","🎧 Listen and download on your favorite platform :  https://smarturl.it/TAEMIN_NGDA_Act1TAEMIN 'Criminal' MV 🌹 https://youtu.be/hFQL7BS6lrsTAEMIN Officialhttp://taemin.smtown.comhttp://www.youtube.com/shineehttp://www.facebook.com/shineehttp://www.instagram.com/shineehttps://twitter.com/SHINee#Criminal #TAEMIN #태민 #テミン #NeverGonnaDanceAgain #Act1 #DancePractice"
"RMhnnBnYHh4","인류가 만들어낸 가장 완벽하고 정교한 최고의 무기! 최초의 한국형 이지스함 '세종대왕함 (KDX-3)'","2020-09-09T07:43:47Z","UCFCtZJTuJhE18k8IXwmXTYQ","EBSDocumentary (EBS 다큐)","19","20.13.09","EBS|EBS documentary|EBS 다큐멘터리|다큐|docu|미사일|해군|전투|항공모함|전투능력|무기|잠수함|해상무기|곡사포|스텔스|세계최강|세계무기|신의방패|레이더|최고성능|안테나|재밌는|흥미로운|미친전투력|방사|방어능력|방어력|대공방어|방산|국방|머신건|대공포|근접전투|군사|국방력|제우스","348945","4895","222","267","https://i.ytimg.com/vi/RMhnnBnYHh4/default.jpg","False","False","#전투능력 #신의방패 #세계최강최강의 방어 능력을 상징하는 신의 방패 '이지스'.이지스 체계는 1983년 미국에 의해 만들어진 이례로 인류가 만든 가장 완벽하고 정교한 무기 체계로 꼽힌다. 스페인, 노르웨이, 일본 등이 이지스 체계를 앞다투어 도입했고, 우리나라는 세계에서 다섯 번째로 이지스함 보유국이 되었다.2008년 취역한 세종대왕함이 우리나라 최초의 이지스 구축함으로 우리나라 해군 기동전단의 핵심 역할을 수행하고 있다.프로그램명: EBS 다큐 프라임 - 바다를 지켜라 이지스 구축함방송일자: 2011.06.30"
"U3b1Q6EY6BM","사실 슈뻘맨의 전 직업은 (　　　) 였습니다. [Q & A 답변 영상]","2020-09-10T07:30:01Z","UCXZx953K0FgkT3H2FaFAcew","슈뻘맨 [슈퍼 뻘짓 도전기]","24","20.13.09","슈뻘맨|QnA|Q&A|슈뻘맨 QnA|슈뻘맨 Q&A|슈뻘맨 궁금증|흔한 호기심|슈뻘맨 형들|동욱이형|영식이형|슈뻘맨 큐앤에이|슈뻘맨 10만|파뿌리|파뿌리24|궁금한이야기|흔한남매|민또tv|샌드박스|도티|더블비|급식왕|얌생이|광자|닮음","275700","9119","188","2296","https://i.ytimg.com/vi/U3b1Q6EY6BM/default.jpg","False","False","뻘둥이들 모두 안녕~!!ㅎㅎㅎ오늘은 우리가 드디어 기다리고 기다리던Q&A답변 영상을 공개하는 날이야!!!!다들 엄청나게 많은 질문을 해줬는데우리가 하나하나 다 답변해주지 못해서 너무 미안해ㅠㅠㅠ그래도 그 중에 가장 많이 나온 질문들 위주로답변 영상 찍었으니까 재밌게봐줘!!!우리 뻘둥이들의 궁금증이 모두 해소되길!!ㅎㅎㅎ엄청난 질문들과 엄청난 답변들이기다리고 있으니까 영상 꼭 끝까지 봐주기!!!!슈뻘맨을 사랑해주고 응원해주는 뻘둥이들~!!!항상 고마워!!더 열심히 뻘짓하는 슈뻘맨이 될게 형들 응원해줘!!슈뻘맨의 슈퍼 뻘짓 영상은 매주 월요일!! 목요일!! 토요일!! 오후 4시30분에 업로드 되고 있어!많은 기대와 관심 부탁해!!슈뻘맨 틱톡이 있어요! 놀러와~https://vt.tiktok.com/DhQCuj/그럼 우리 다음 뻘짓에 만나요 !! 안뇽~~#슈뻘맨QnA #QnA #무엇이든물어보삼 #슈뻘맨 #슈뻘맨질문 #슈뻔맨Q&A Music by 브금대통령  Music provided by 브금대통령 Youtube :https://www.youtube.com/channel/UC7oH_BYk5rSP0JF7IDn-jRQ/ Homepage : https://miocross0145.wixsite.com/bgmpresident/+by 브금팩토리 https://bgmfactory.com/"
"SXCDG1SI0IE","【던파】 15년 던파인생을 걸고 운영자 궁댕이맨단의 부정행위 모든것을 말씀드립니다","2020-09-11T03:00:08Z","UCXybGky1c_63xzXFzI0eU8A","에어비스","20","20.13.09","던파|던전앤파이터|BJ에어비스|에어비스|창성|이기|루크|dnf|전섭|최강|강화|증폭|에어|공기|DPL|던페|총검사|안톤|시로코|마수던전|테이베르스|할렘|에어비스 최강공참사|에어비스 핀드워|핀드워|에어비스 초시공레이드|초시공레이드|프레이|이시스|오퍼","126535","1062","79","481","https://i.ytimg.com/vi/SXCDG1SI0IE/default.jpg","False","False","에어비스 유튜브 구독하기 :: http://bitly.kr/wNOVJ에어비스 아프리카 방송국 :: http://afreeca.com/zetk다양한 컨탠츠로 찾아뵙겠습니다모든문의 :: zetk@naver.com#슈퍼계정 #운영자 #궁댕이맨단 #게이트 #횡령"
"8TsF4iw-p3g","[BRUSH] SCP-053 VS SCP-682 애니메이션","2020-09-11T09:00:03Z","UCRqcPtAY2IrOjjOPt2TbYVQ","BRUSH","20","20.13.09","SCP|SCP GCL|하다 SCP|유령시티 SCP|펄렁붓 scp|brush scp|SCP 소녀|SCP 053|scp 682|brush scp 682|053|682","427973","7987","197","726","https://i.ytimg.com/vi/8TsF4iw-p3g/default.jpg","False","False","#SCP #SCP682 #SCP053ㅡㅡㅡㅡㅡㅡㅡㅡㅡㅡㅡㅡㅡㅡㅡㅡㅡㅡㅡㅡㅡㅡㅡㅡㅡㅡㅡㅡㅡ"
"QfpzduQRqeA","[ENG] 메킷레인 멤버들이 보는 블루(BLOO)는 어떤 사람일까?","2020-09-11T09:00:06Z","UCjRS-SUfmPHelbp2cARJ0bQ","메킷원 MKIT WON","24","20.13.09","나플라|nafla|루피|loopy|loopy&nafla|나플라루피|오왼|owenovadoz|wu|나플라wu|메킷레인|메킷원|창업|장사|bloo|블루|쇼미더머니|쇼미더머니9|쇼미|쇼미9|김현웅|앞담화|몰래카메라|몰카","111445","3894","18","427","https://i.ytimg.com/vi/QfpzduQRqeA/default.jpg","False","False","MKIT RAIN의 본격 예능 버라이어티 💡 매주 금요일 오후 6시 업로드 💡[메킷원 채널 구독] ▶ http://bit.ly/2t60a0R#메킷레인 #MKITRAIN #메킷원MKITWON 앞담화 블루 BGM LIST00:03-00:13 MKIT RAIN - Weathermen00:24-00:30 Loopy, nafla - 코쿤 (Chosen)00:31-00:41 Owen - makaveli (prod. eggu)01:00-01:04 BLOO - 싸가지 (So Rude)01:07-01:09 Owen - gimmick (feat. BRADYSTREET, LO VOLF)(prod. TylianMTB)01:10-01:15 Owen - love & hate (prod. moocean)01:15-01:19 nafla - Stanky01:19-01:22 Loopy, nafla - Coca Coca01:31-01:42 BLOO - Bud Light02:07-02:18 BLOO - BadBoy Intro02:19-02:40 BLOO - Wanna Go Everywhere02:41-02:46 Owen - makaveli (prod. eggu)02:46-02:53 nafla - been03:08-03:14 nafla - Stanky03:25-03:27 Loopy - Take Me03:27-03:38 Loopy - DO NOT UNDERSTAND03:56-04:11 BLOO - I Wish04:35-04:51 BLOO, Owen - Businessmen04:52-04:59 nafla - 러브미 (love me)(feat.hoody)05:30-05:38 Loopy - TURE05:54-05:58 BLOO - FRESH AS F05:58-06:02 MKIT RAIN - 12 (feat. Owen, nafla, BLOO)06:03-06:14 Owen - love & hate (prod. moocean)06:15-06:18 MKIT RAIN - Ghetto Dance (feat. nafla, Owen, BLOO)06:19-06:40 BLOO - Downtown Baby07:42-07:51 MKIT RAIN - Cadilllac (feat. Owen, Loopy, BLOO)08:15-08:20 Loopy, nafla - Ex08:30-08:48 BLOO - 도망가09:32-09:44 Loopy, nafla - Woke Up Like This09:44-09:52 MKIT RIAN - Internet War09:54-10:08  MKIT RAIN - Kim10:08-10:31 MKIT RAIN - Don't move"
"K7eXYGoS6cc","[구독자요청] 전국노래자랑으로 상봉한 남매 풀영상","2020-09-10T09:00:04Z","UCZ-n5TNN1OjqTgEVl7T-TeQ","KOREAN DIASPORA KBS","27","20.13.09","이산가족을찾습니다|divided_families|finding_dispersed_families|pray_for_divided_families|koreandiaspora|korean_diaspora|korean_war|625|KBS|family_reunion|상봉|이산가족|만남|가족|그리움|하이라이트|생방송 이산가족을 찾습니다|생방송|디아스포라|전국노래자랑|노래|남매|송해","129450","1198","65","39","https://i.ytimg.com/vi/K7eXYGoS6cc/default.jpg","False","False","■ 이것이 인생이다 1998년 3월 방송 풀영상 입니다.유복순님 가족들의 요청으로 올려드립니다.일곱살때 가난으로 수양딸로 보내진 유복순씨는 성장후 가족들을 찾았지만 연이은 6.25 한국전쟁 발발로 다시 가족들과 소식이 끊겼습니다. 96년 10월, 전국노래자랑 정선군편에서 정선 사투리로 인기상을 수상, 그장면을 동생이 시청해 그리던 가족들을 만날 수 있었습니다■ Official Web page : http://diaspora.kbs.co.kr"
"0lSQdDX2Gjg","국방부 민원실에 ‘휴가 문의’ 전화 빗발 | 토요랭킹쇼","2020-09-12T05:44:03Z","UCfq4V1DAuaojnr2ryvWNysw","채널A 뉴스","25","20.13.09","국방부|민원|추미애","412542","12331","541","3705","https://i.ytimg.com/vi/0lSQdDX2Gjg/default.jpg","False","False","우리 아들도 휴가 내달라 항의 전화 폭주절차만 안내… 진땀 흘리는 국방부 민원실?추미애 논란에 강력 옹호 나선 민주당※자세한 내용은 토요랭킹쇼에서 확인하실 수 있습니다#채널A뉴스 #실시간 #뉴스 ▷ 공식 홈페이지 http://www.ichannela.com▷ 공식 페이스북 https://www.facebook.com/channelanews▷ 공식 유튜브 https://www.youtube.com/tvchanews"
"sk-qyR224fU","[MV] 마마무(MAMAMOO) - WANNA BE MYSELF","2020-09-10T09:00:10Z","UCuhAUMLzJxlP1W7mEk0_6lA","MAMAMOO","10","20.13.09","MAMAMOO|마마무|WANNA BE MYSELF|마마무 WANNA BE MYSELF|안다르|andar|마마무 안다르|마마무 andar|MAMAMOO andar|WANNA BE MYSELF MV|WANNA BE MYSELF 뮤직비디오|WANNA BE MYSELF 뮤비","10909892","961697","6412","64176","https://i.ytimg.com/vi/sk-qyR224fU/default.jpg","False","False","[MV] 마마무(MAMAMOO) - WANNA BE MYSELFInstagram: https://bit.ly/2TrQPJDFacebook: https://bit.ly/2OYoA1WTwitter: https://bit.ly/2TuKNboAbout MAMAMOO.MAMAMOO(마마무) OFFICIAL CHANNEL#MAMAMOO #마마무MAMAMOO.SUBSCRIBE: https://bit.ly/2PFdfsIhttps://www.youtube.com/c/MAMAMOO_OFFICIALDon't forget to subscribe, like and leave a comment."
"wRVco_pdobA","[김어준의 뉴스공장 FULL/9월 11일]","2020-09-11T02:05:58Z","UC5HSw5OY2vfVFSihpiB-AVQ","TBS 시민의방송","25","20.13.09","TBS|TBSTV|김어준|뉴스공장|이재용|삼성|미국|흑인|시위|국회|코로나19|백신|한명숙|윤미향|구속|겸찰","396197","27018","581","1134","https://i.ytimg.com/vi/wRVco_pdobA/default.jpg","False","False","-9월 11일 (금) 김어준의 뉴스공장-**공지**오늘 방송된 김어준 생각 中 '가나다라'는 영상 관련 음원 저작권 문제로 업로드 되지 않습니다. 양해 부탁드리며 무삭제 버젼은 코너 영상을 통해 확인하실 수 있습니다. - https://youtu.be/0GbfW75-Ejo (11일 김어준 생각 무삭제 ver.)◎ 1부[이 정도는 알아야 할 아침 뉴스]- 류밀희 기자 (TBS)◎ 2부[인터뷰 제1공장] -전화연결완도군, 벌초 대행 서비스 제공“추석때 고향 안 오는 게 최고의 ‘효도’”- 신우철 군수 (완도군) [인터뷰 제2공장] -전화연결  제주도, 전 도민 무료 독감예방접종 실시백신에 보편‧선별 의미 없어.. 전 국민 확대해야- 원희룡 제주도지사[인터뷰 제3공장]추미애 장관 아들 군 특혜 의혹 사실관계와 법리 분석은?      - 박지훈 변호사 (前 군 법무관) - 신장식 변호사◎ 3부[해뜰날클럽]의대생 국시거부 구제 필요한가?- 김한규 (더불어민주당)- 김재섭 (국민의힘)- 박창진 (정의당)- 김윤 (국민의당)- 김성회 (열린민주당)◎ 4부[금요음악회][트레봉봉]  알바송 & 봘라 - 성기완 (기타)  - 아미두 디아바테 (퍼커션)- 김도연 (보컬)  - 김하늘 (드럼)- 최윤희 (키보드) - 김정욱 (베이스, 세션)[까칠한 미식가] -전화연결추석과 토란국 서동은 토란을 팔았다 - 황교익 맛칼럼니스트----------------------------------------------▶TBS 유튜브 구독 http://j.mp/MyLoveTBS▶TBS 페이스북 https://facebook.com/mylovetbs▶TBS 카카오스토리 https://story.kakao.com/ch/seoultbs▶TBS 인스타그램 https://instagram.com/seoultbstv▶TBS 트위터 https://twitter.com/seoultbstv▶TBS 홈페이지 http://tbs.seoul.kr/▶TBS 유튜브 커뮤니티 http://bit.ly/2EaWnQp"
"Gf9t-ySPfao","해외축구가 주말 예능인 이윸ㅋㅋㅋㅋㅋ (19/20 시즌 몸개그 모음) #SPORTSTIME","2020-09-10T07:30:01Z","UCnXNukjRxXGD8aeZGRV-lYg","스포츠타임","17","20.13.09","축구|PL|프리미어리그|무리뉴|손흥민|해축|토트넘|라리가|리버풀|맨유|맨시티|첼시|아스날|이피엘|EPL|스포티비|SPOTV|체육볶음|황희찬|이강인","427082","5364","90","1023","https://i.ytimg.com/vi/Gf9t-ySPfao/default.jpg","False","False","#1920시즌 #해외축구 #몸개그지난 시즌 꿀잼 모먼트 알차게 모아왔습니다 ㅋㅋㅋㅋㅋㅋㅋSPOTVNEWS ☞ http://www.spotvnews.co.kr/ SPOTV NOW ☞ https://www.spotvnow.co.kr/네이버 TV ☞ https://tv.naver.com/spotvmaster/clips카카오 TV ☞ https://tv.kakao.com/channel/1706/video페이스북 ☞  https://www.facebook.com/spotvnews내가 원하는 스포츠 상품 구매는? ☞  https://www.spotvmall.com"
"ft1ZIBNzHUw","[검찰 특별수사 2부작] 2부 수상한 수사 - 전반부 - PD수첩 (9월8일 방송)","2020-09-08T14:23:30Z","UCawCv9kO2UXbTtsK4EammRQ","MBC PD수첩","25","20.13.09","PD수첩|시사교양|시교|시사|고발|MBC|뉴스|이슈|사회문제|수상한수사|특수부|검찰|한동훈|이동재|김경록|조국|정경심|동양대","466889","24495","529","2463","https://i.ytimg.com/vi/ft1ZIBNzHUw/default.jpg","False","False","✔시대의 정직한 목격자, MBC PD수첩 (화 밤10시50분)✔PD수첩 본방을 놓쳤다면? 유튜브로 핵심을!   PD수첩 유튜브 공식계정 https://goo.gl/9tgdwM✔PD수첩 본방을 다시보고 싶다면?   iMBC : https://bit.ly/2ELLAyh   WAVVE : https://bit.ly/2EXiZq5#PD수첩 #특수부 #수상한수사 #한동훈 #이동재 #김경록"
"r-mXPCfhzjQ","[4K] 영혼까지 맑게 정화시켜주는 치유력 만렙 노래🧚🍃ㅣ유아(YooA)ㅣ숲의 아이 → 자각몽 → Diverㅣ낰낰낰","2020-09-10T10:59:55Z","UC9LcN9O8amxNcfu0fwGqwgQ","MUPLY 뮤플리","10","20.13.09","유아|YooA|숲의 아이|Bon voyage|오마이걸|OHMYGIRL|자각몽|Abracadabra|Diver|낰낰낰|뮤플리|MUPLY","453027","27372","259","1270","https://i.ytimg.com/vi/r-mXPCfhzjQ/default.jpg","False","False","0:41 요즘 숲의 아이 들으면서 명상합니다,, 🧘🍃〰 유아(YooA)의 플레이리스트 〰☝🚪 0:02  숲의 아이 (Bon voyage)✌🚪 3:46  자각몽 (Abracadabra)👌🚪 4:32  Diver🔻 더욱 다채로운 음악을 경험하고 싶다면 🔻뮤플리 채널을 구독해주세요!https://www.youtube.com/channel/UC9LcN9O8amxNcfu0fwGqwgQ?sub_confirmation=1#유아 #숲의아이 #낰낰낰"
"tK9UevfFFbU","전설의 웹툰 기기괴괴 성형수가 영화로 나왔다고..?","2020-09-08T07:00:05Z","UCaHGOzOyeYzLQeKsVkfLEGA","지무비 : G Movie","1","20.13.09","영화|지무비|성형수|기기괴괴|애니|beauty water","1925522","29357","591","5986","https://i.ytimg.com/vi/tK9UevfFFbU/default.jpg","False","False","#지무비 #기기괴괴 #성형수영화 ‘성형수’, 오는 9월9일 개봉합니다.중소 제작사의 영화 홍보를 돕기 위해 제작한 영상이며, 그 어떠한 금전적 지원도 받지 않았음을 알려드립니다. 한국 장편 애니메이션의 선전을 기원합니다.항상 감사합니다.▶ 문의awayout2@naver.com*The movie clips on my channel has gotten copyright permission of copyright holder."
"y_Vi-HpRyKo","박막례 된장국수.. 미쳤어요 (손녀 두그릇 먹음)","2020-09-10T11:00:50Z","UCN8CPzwkYiDVLZlgD4JQgJQ","박막례 할머니 Korea Grandma","23","20.13.09","박막례|박막례할머니|막례할머니|박막례여사","508602","18202","258","821","https://i.ytimg.com/vi/y_Vi-HpRyKo/default.jpg","False","False","이걸 왜 이제 공개하시나요ㅠㅠㅠㅠㅠ!!!!진짜 저 할머니 레시피 촬영하면서 두그릇 먹은거 처음이에요그동안 다 맛있었지만 이건 찐, 찐, 찐!!! 더 맛있어요!!가족들이 다 좋아하는 맛!집에서 가족들한테 해주고 크게 한번 생색내기 딱 좋은 비쥬얼!!!!박막례 차돌 된장국수!_______________________________________________♥막례 할머니의 유쾌한 일상이 보고싶다면 구독하기!♥할머니를 보고 즐거웠다면 좋아요!♥할머니를 친구에게 소개하고 싶다면 공유하기!인스타 ▶ https://instagram.com/Korea_Grandma페이스북 ▶ https://www.facebook.com/newra9462메일주소  ▶ newrarara@naver.com"
"O73SpkO-ic4","놀이 삼아 시작한 컨텐츠인데 참가자들의 실력이...?","2020-09-10T06:20:21Z","UCFqvKeEMGrJfJPEOafy1v4Q","레바스튜디오","1","20.13.09","레바|레자바지|스트리머|트위치|레바툰|이승권|레바하이라이트|던전속사정|레진코믹스","635537","14175","127","2790","https://i.ytimg.com/vi/O73SpkO-ic4/default.jpg","False","False","8월 30일 방송입니다타스트리머 방송에서는 예의를 지켜주시기 바랍니다!--------레바의 트위치채널 : https://www.twitch.tv/mister903레바툰 보러가기 : https://www.lezhin.com/ko/comic/revatoon레바의 팬카페 : https://cafe.naver.com/19920709reva--------Track: Axollo - Burn It [NCS Release]Music provided by NoCopyrightSounds.Watch: https://youtu.be/0ApCDO_WquIFree Download / Stream: http://ncs.io/BurnItYO---타임라인-----0:00 인트로2:40 1. 프롤로그5:36 2. 요검 미호(41화)6:44 3. 로헨(45~46화)7:47 4. 타운버스(41화)9:03 5. 마왕 오퍼(34화)11:48 6. 개뻔뻔상12:51 7. 웃음상13:30 8. 미친놈상14:38 9. 대상 귀두라이(25화)16:23 to be continued#레바 #던전속사정 #더빙대회 #레진코믹스"
"mlJ-1AJ72ak","김어준의 다스뵈이다 130회 이해찬, 추미애작업 그리고 BTS vs 블랙핑크","2020-09-11T13:00:12Z","UCxvU6bRtYhNLvZleAIGa-FQ","딴지방송국","25","20.13.09","[none]","851731","72528","1183","3327","https://i.ytimg.com/vi/mlJ-1AJ72ak/default.jpg","False","False","멤버십 가입하기 : https://www.youtube.com/channel/UCxvU6bRtYhNLvZleAIGa-FQ/join최배근 현근택 이해찬 김영대 신유진, 신장식, 장용진, 양지열 김용민 정형준"
"KwvkErYZPE4","리타럽 In 보라다방! 본캐들의 매력발산 타임ㅣ무엇이든 물어보세요 [보라다방] 특별편 (ENG)","2020-09-10T10:00:00Z","UCiV292QOaU9tTXMYegByDGA","보라다방","24","20.13.09","김보라|보라를보라|보라다방|보라|스카이캐슬|혜나|터치|신세경|한예슬|천국의아이들|김혜윤|일상|브이로그|카페|알바|카페알바|카페브이로그|리얼리티|예능|kimbora|bora|kdrama|박지빈|스푼|라디오|스푼라디오|spoon|Spoon radio|radio app|라디오어플|BJ|라이브 방송|라디오 스푼|live streaming|스푼 방송|스푼 어플|디제이|dj|리얼타임러브|최현욱|도아|박시영|허원서|리타럽|웹드라마","140689","4685","30","199","https://i.ytimg.com/vi/KwvkErYZPE4/default.jpg","False","False","*촬영 전/중/후 수차례 스탭 및 출연자 체온측정 및 사전/사후 소독 처리를 실시하였고, 해당 장소에 대한 방역 지침에 따라 최소한의 인력으로 촬영하였습니다. 사태 격상에 따른 2단계 이상 조치 공고 이전에 촬영한 영상입니다.#김보라 #보라다방 #리얼타임러브💜매주 목요일 오후 7시!! [보라다방]💜내 고민보내기 ▶ http://bitly.kr/JzPIxydDvi보라다방 채널 구독! 영상 좋아요!알림설정까지 꾹~ 눌러주세요🍠☕보라다방 라이브는 매주 금요일 저녁 7시 30분에[스푼]앱에서 진행됩니다! @purple_potato 팬추가 후 즐겨주세요☕　🎪보라다방에 놀러오세요!🎪📍주소: 서울특별시 서대문구 연희동 433-10번지(도로명: 서울특별시 서대문구 연희로11가길 48-23)📍운영시간: 오후 12시 - 오후 8시, 매주 월요일 휴무📍보라를 만나고 싶다면, 금요일 오후에 방문해주세요!"
"kWx1wHQHj1k","[내가 가장 예뻤을 때] ＂그게 하고 싶어요. 내 인생 망치는 거...＂ 8회 예고 20200910","2020-09-10T13:54:11Z","UC7lb15P-Hux7A5gBuhCxtuQ","MBCdrama","24","20.13.09","임수향|지수|하석진|황승언|예고|내가 가장 예뻤을 때|MBC|수목드라마|형제|사랑|운명|아픔|삼각관계","129882","867","18","220","https://i.ytimg.com/vi/kWx1wHQHj1k/default.jpg","False","False","★★★More clips are available★★★iMBChttp://www.imbc.com/broad/tv/drama/wheniwasmostbeautifulWAVVEhttps://www.wavve.com/player/vod?programid=M_T60375G&page=1"
"GEjXs-m7tZ8","결국 사고를 쳤고, 날 싫어하는 남자와 밤을 샜다 [리얼:타임:러브 3] EP4 (ENG/IDN)","2020-09-11T11:00:00Z","UC8DdZkTABAnSBvoRknqOTOA","리얼:타임:러브","24","20.13.09","리얼타임러브|리얼타임러브2|웹드라마|웹드|웹드라마몰아보기|웹드몰아보기|kdrama|webdrama|홍연|문예찬|일진에게찍혔을때|일찍|키스신|웹드라마 학교|웹드 추천|웹드 남사친|남사친|여사친|스킨십|키스|비밀연애|하이틴|학교|고등학교|고딩|급식|에이틴|플레이리스트|리타럽|리타럽3|최현욱|박시영|와이낫미디어|도아|DOAH|파나틱스|아이돌|여돌|프로듀스|프듀|남돌","344711","10281","117","1347","https://i.ytimg.com/vi/GEjXs-m7tZ8/default.jpg","False","False","😎매일 입고 싶은 연예찬의 데일리룩!'어스와 또이' 보러가기▶https://bit.ly/31ww4Cz💕공식 리타러버가 되어보세요! [리얼:타임:러브] 멤버십 가입하기▶ https://bit.ly/RTL_JOIN💕[리얼:타임:러브 3] 매주 금요일 8PM💕[리얼:타임:러브 3 비하인드] 매주 수요일 6PM💕공식 인스타그램 팔로우! @real_redmxxn"
"KeappnjDI-U","[리뷰] BTS 다이너마이트 세번째 NBC무대 공개! 숨은 의도 What BTS intends to do through performances of 'Dynamite' [통통TV]","2020-09-10T16:33:48Z","UCHzW_7Mf8G0JxP4b0LoAd7A","TongTongTv 통통컬처","24","20.13.09","통통TV|TongTongTV|통통티비|방탄소년단 무대|다이너마이트 무대|방탄소년단 그래미|bts|bts grammy|bts nbc|방탄소년단|dynamite","298291","8385","84","200","https://i.ytimg.com/vi/KeappnjDI-U/default.jpg","False","False","[리뷰] BTS 다이너마이트 세번째 NBC무대 공개! 숨은 의도 [통통TV]_글.영상 : 송영인(영상출처 : NBC, Recording Academy, MTV)✔️TongTong Culture is a Korean pop culture channel under Yonhap News Agency. 연합뉴스가 만드는 대중문화 전문채널 '통통컬처' (보도자료/출연문의 : syipd@yna.co.kr)"
"IkGABRxo5oE","보이스트롯 준결승 진출 김다현이 불렀던 트로트원곡 모음집 | 아모르파티 사랑님 오늘이젊은날 정말좋았네 | [트로트맛집 국민의뽕짝]","2020-09-09T08:00:06Z","UC7ITxSrzq-nhyyYzozpPmLA","트로트 맛집 - 국민의뽕짝","10","20.13.09","국뽕|국민의뽕짝|뽕짝|트로트메들리|트로트|엔카|성인가요|광주mbc|MBC|mbc|엠비씨|광주엠비씨|가요베스트|가요베스트인기곡|가요무대|가요톱텐|전국노래자랑|여수mbc|00노래모음|00메들리|00인기곡|트로트여자인기곡|트로트남자인기곡|트로트모음|trot|songofkorea|신나는트로트|추억의트로트|추억의노래|KOREAPOPSONG|KoreaTrot|미스트롯|미스터트롯|트로트라마|トロット|演歌|光州MBC|歌謡ベスト|韓国歌謡|ミストロット|ミスタートロット|ソンガイン|보이스트롯|김다현|김봉곤|김도현|무슨사랑|사랑님|정말좋았네|아모르파티|오늘이젊은날|내나이가어때서|김다현국악|김다현보이스트롯|김다현오늘이젊은날","186087","2118","151","70","https://i.ytimg.com/vi/IkGABRxo5oE/default.jpg","False","False","화제의 국악,트롯신동김봉곤 훈장님의 막내딸 끼쟁이김다현의 트로트모음과 보이스트롯에서 불렀던트로트노래 원곡모음까지 감상해보세요😎00:14 김다현&김도현 내나이가어때서03:20 김다현&김도현 무슨사랑07:10 김용임 사랑님10:51 김연자 아모르파티14:25 주현미 정말좋았네17:39 김용임 오늘이젊은날#보이스트롯 #김다현 #김봉곤딸▶ 국민의뽕짝 네이버TV https://tv.naver.com/mbc.PTROT▶ 국민의뽕짝 카카오스토리 https://story.kakao.com/ch/kjmbc▶ 광주MBC 유튜브 구독하기 https://goo.gl/jbmus1▶ 광주MBC 공식 홈페이지 http://www.kjmbc.co.kr"
"Dil4QG3BpfA","KBS News9 Interview with BTS [Subs / 2020.09.10]","2020-09-10T13:31:24Z","UC5BMQOsAB8hKUyHu9KI6yig","KBS World","24","20.13.09","kbs|kbsworld|kbs world|韓流|放送|韩国综艺|韩国电视剧|truyền hình Hàn Quốc|ประเทศเกาหลีใต้|ละคร|Corea|Corée|دراما|دراما كورية|kbskpop|yt:cc=on|kpop|Korea|Korean|Drama|KBS|K-Pop|Documentary|Music|Bank|영어자막|English|Subtitle|kbsworldTV|Caption|World|musicbank|kbs월드|월드TV|kbs 월드|world tv|worlddtv|koreaTV|koreanTV|korea TV|korean TV|케이팝|kTV|K TV|한국방송|월드|eng|sub eng|South Korea|idol stage|idol|BTS|방탄|방탄소년단|아미|ARMY|Dynamite|다이너마이트|bts kbs interview|interview|방탄 kbs","1443860","191497","684","17901","https://i.ytimg.com/vi/Dil4QG3BpfA/default.jpg","False","False","Click the Caption button to activate subtitle!▶Subscribe KBS World Official PagesYoutube Subscribe：https://www.youtube.com/kbsworldHomepage: http://www.kbsworld.co.kr Facebook: http://www.facebook.com/kbsworldTwitter: http://twitter.com/kbsworldtv Instagram: https://www.instagram.com/kbsworldtv/Line: https://goo.gl/g5iRQVAndroid Download : http://bit.ly/1NOZFKrIOS Download : http://apple.co/1NktctW#kbs #bts #dynamite #army"
"ysdA4xTmtI4","[김어준의 뉴스공장 FULL/9월 10일]","2020-09-10T01:47:52Z","UC5HSw5OY2vfVFSihpiB-AVQ","TBS 시민의방송","25","20.13.09","TBS|김어준|뉴스공장|김어준의뉴스공장|더불어민주당|원내대표|민주당|미래통합당|국회|코로나19|이재용|대국민사과|긴급재난지원금|고용보험","418259","28364","927","1760","https://i.ytimg.com/vi/ysdA4xTmtI4/default.jpg","False","False","[TBS 유튜브 (목) 생방송]▶7시 6분:김어준의 뉴스공장 ▶9시:킹슈맨▶10시:해시태그 팔로워 -9월 10일 (목) 김어준의 뉴스공장-◎ 1부[이 정도는 알아야 할 아침 뉴스]- 류밀희 기자 (TBS)[그것마저 알려주마]‘추석연휴 이동 제한’에 대한 국민 여론은?- 김주영 이사 (리얼미터)◎ 2부[인터뷰 제1공장] -전화연결추미애 장관 아들 휴가 특혜?“병가 빼면 육군 평균 54일보다 적은 39일”- 인사 업무 관련 군 관계자 (익명)  [인터뷰 제2공장] -전화연결항체치료제 임상 통과시 대량생산코로나19 치료제 공급 안정화 기대- 최원석 교수 (고대안산병원 감염내과)[인터뷰 제3공장]코로나19가 가져온 車생산 지각변동..한국, 첫 세계 4위 진입- 권용주 겸임교수 (국민대 자동차운송디자인학과)◎ 3부[인터뷰 제4공장]秋장관 아들 둘러싼 정치권 공방 - 설훈 (더불어민주당)- 홍문표 (국민의힘)- 설훈 (더불어민주당)- 홍문표 (국민의힘)◎ 4부[인터뷰 제5공장] -전화연결중국-인도 국경 분쟁지역에서 45년 만에 총격..전면 충돌 가능성은?- 김찬완 소장 (한국 외국어대 인도연구소)[문화공장]K-Pop 노하우의 정수 ‘블랙핑크’빌보드 ‘핫100’ 13위..대중적인 스타로 데뷔- 김영대 음악평론가---------------------------------------------▶TBS 유튜브 구독 http://j.mp/MyLoveTBS▶TBS 페이스북 https://facebook.com/mylovetbs▶TBS 카카오스토리 https://story.kakao.com/ch/seoultbs▶TBS 인스타그램 https://instagram.com/seoultbstv▶TBS 트위터 https://twitter.com/seoultbstv▶TBS 홈페이지 http://tbs.seoul.kr/▶TBS 유튜브 커뮤니티 http://bit.ly/2EaWnQp"
"9fu8aprHm5E","[동충하초] 민트초코","2020-09-12T03:09:54Z","UC6u3fosnyufBiUiS3w609zw","키에커","1","20.13.09","동충하초","538110","14944","352","5125","https://i.ytimg.com/vi/9fu8aprHm5E/default.jpg","False","False","문의 : rlaalsdn8855@naver.com"
"-771tnJLScs","비밀","2020-09-10T07:57:30Z","UCFOixeB9gbedVi6uwnsfHMQ","1분과학","28","20.13.09","1분과학|과학|도서|다큐|영화|우주|우주다큐","351637","12275","171","2442","https://i.ytimg.com/vi/-771tnJLScs/default.jpg","False","False","1분과학 책 나왔습니다!!만화로 나와서 아주 후루룩 쉽게 넘어가는 책입니다.사셔서 인스타에 #1분과학 이라고 해시태그 달아주시면 제가 찾아가서 맞팔 조아요 소통 다하구요, 페이스북 하시면 페북에 인증하시고 제 페북에 메시지 보내주시면 조아요 소통 팔로우 다 하겠습니다 ㅎㅎ#강매도서 1분과학 구매하기!예스24 http://www.yes24.com/Product/Goods/92323306?OzSrank=1 교보문고  http://www.kyobobook.co.kr/product/detailViewKor.laf?알라딘 https://www.aladin.co.kr/shop/wproduct.aspx?ItemId=250572624 ejkGb=KOR&mallGb=KOR&barcode=9791190908771&orderClick=LAG&Kc= 인터파크 http://book.interpark.com/product/BookDisplay.do?_method=detail&sc.shopNo=0000400000&sc.prdNo=338542823&sc.saNo=003002001&bid1=search&bid2=product&bid3=title&bid4=001 ★ 1분과학 멤버십https://www.youtube.com/channel/UCFOixeB9gbedVi6uwnsfHMQ/join★ 1분과학 모든 영상https://www.youtube.com/playlist?list=PLDE0xeBuZPULHUT0Jv_-ll43AwztXJNYO★ 후원/비지니스 문의: ONEMINSCI@GMAIL.COM★ 인스타 1minsci★ 페이스북 1minscience"
"993bbAZKUHg","[토트넘다큐]손흥민과 요리스 충돌 그 이후는? 토트넘 다큐 먼저 봤습니다!!!","2020-09-10T23:18:58Z","UCslHsYrei2VFZ3ZqHANNyzw","이건 Gun Lee의발품스토리 TV","17","20.13.09","손흥민|토트넘|요리스|다큐|미리보기|토트넘다큐","150679","906","117","549","https://i.ytimg.com/vi/993bbAZKUHg/default.jpg","False","False","토트넘 다큐 먼저 봤습니다!!!손흥민 선수와 요리스 선수의 에버턴전 충돌!라커룸에서도???"
"zWhfoVAi6ZI","친구관계에 회의감 느껴질 때 | 유형 드라마 [밍꼬발랄]","2020-09-11T09:00:09Z","UCCJkwrmhIqWkSFV-sQol4Qw","밍꼬발랄Mingggo","23","20.13.09","밍꼬발랄|밍꼬|꼬밍|발랄|모아보기|이어보기|정주행|꿀잼|꿀팁|유형|유형별|꼭있는유형|유형별공감|공감|소통|댓글요청|사건|사연|재연|연기|에피소드|이야기|상황극|공감상황극|학교공감|학생공감|친구공감|교실공감|형제공감|자매공감|아빠공감|엄마공감|가족공감|유형드라마|mingggo|story|episode|acting|type|interesting_story|funny_story|interesting_episode|funny_episode|type_drama|empathy|empathy_by_type|Must-have_type|school_empathy|student_empathy|friend_empathy|共感|类型|学校共感|学生共感|友達共感|Đồngcảm|kiểu|Đồngcảm_theoloại|Đồngcảm_của_trường|Đồngcảm_của_học_sinh|투니버스|투니버스밍꼬발랄|특별편|친구관계에회의감느껴질때|친구랑싸울때|친구랑다퉜을때|친구랑화해하는방법","528861","15878","444","5770","https://i.ytimg.com/vi/zWhfoVAi6ZI/default.jpg","False","False","[유형 드라마 #52]정작 힘들 때 주변에 아무도 없는 것 같은 느낌..'내가 그동안 잘못 살았나?'나일찐은 지난 날을 돌이켜 본다.[밍꼬 배경화면]_https://grafolio.naver.com/mingggo[밍꼬 페이스북]_https://www.facebook.com/mingggggo[밍꼬 인스타그램]_https://www.instagram.com/mingggggo#유형드라마 #특별편 #나일찐찐찐찐찐이야(BGM)Music provided by 브금대통령Track : 응답하라, 나의 소녀시대 - https://youtu.be/apUnprGe3sIKevin MacLeod의 Hep Cats은(는) Creative Commons Attribution 라이선스(https://creativecommons.org/licenses/by/4.0/)에 따라 라이선스가 부여됩니다.출처: http://incompetech.com/music/royalty-free/index.html?isrc=USUAN1500022아티스트: http://incompetech.com/"
"AAOOKbk-knM","(MV)유아(YooA)_숲의 아이 (Bon voyage)","2020-09-07T09:01:54Z","UC-qYkzKFdekoEniRu_FS3zg","OH MY GIRL","10","20.13.09","#오마이걸|OHMYGIRL","15615129","0","0","26407","https://i.ytimg.com/vi/AAOOKbk-knM/default.jpg","False","True","YooA(OH MY GIRL) 1st Mini Album [Bon Voyage] has been released.#유아 #YooA #숲의아이 #Bonvoyage:: iTunes - https://apple.co/325eu99:: Spotify - https://spoti.fi/3bD5nzEOH MY GIRL Officialhttps://www.ohmy-girl.comhttps://youtube.com/ohmygirlhttps://instagram.com/wm_ohmygirl https://twitter.com/wm_ohmygirl https://www.facebook.com/official.ohmygirl"
"BWYpNPOW7U4","[주식왕용느]금융인입니다.목표:펜트하우스.벤틀리★어린이노약자뿐아니라누구든따라하지마세요!","2020-09-11T07:04:04Z","UCbHN1sTuPySKpnqKSp0JHRQ","TV용느님","20","20.13.09","용느|주식|단타","120978","1046","130","60","https://i.ytimg.com/vi/BWYpNPOW7U4/default.jpg","False","False","▶투네이션 후원 : https://toon.at/donate/636401262335922842▶구독과 후원은 방송에 큰 힘이 됩니다. 감사합니다 :)▶VIP 가입(월 4990원)https://www.youtube.com/channel/UCbHN1sTuPySKpnqKSp0JHRQ/join▶아프리카TV 주소::http://www.afreecatv.com/drumkyn#만만 #철구 #똘끼 #난닝구 #사또"
"Asg7XIphjgM","[SEOUL X BTS] SEE YOU IN SEOUL l 서울에서 만나요 [ENG sub]","2020-09-11T08:00:10Z","UCZUPZW5idAxYp-Asj__lVAA","서울시 · Seoul","10","20.13.09","SEOULXBTS|SEE_YOU_IN_SEOUL|서울에서만나요|방탄소년단|RM|Jin|SUGA|jhope|Jimin|JungKook|SEOUL|진|슈가|제이홉|지민|정국|뷔","53102","7911","21","331","https://i.ytimg.com/vi/Asg7XIphjgM/default.jpg","False","False","[ SEOUL X BTS ]여행이 시작되면 첫 번째 목적지는 서울이 되길 바라._모두의 여행이 닫혀 있는 지금, 다시 만날 날을 손꼽아 기다리며방탄소년단이 전하는 서울의 다양하고 특별한 이야기, 같이 볼까요?SEE YOU IN SEOUL[ SEOUL X BTS ]When your journey begins, I hope it begins in Seoul.The freedom to travel the world is locked in our hearts.So we prepared something special for you! Would you let BTS guide your tours to Seoul? You will have enough inspiration to go around Seoul in one day.#SEOULXBTS #VISITSEOUL #SEE_YOU_IN_SEOUL #서울에서만나요 #SEOUL_YOUR_FIRST_DESTINATION #SEOUL #서울 #VisitSeoulTV #BTS #방탄소년단 #RM #Jin #SUGA #jhope #Jimin #V #JungKook"
"n11RHJhZkWE","단점 하나 빼면 완벽? 오랜만에 제대로된 태블릿. 삼성 갤럭시탭 S7+ 언빡싱&이슈체크! (아이패드 프로보다 나아요?)","2020-09-12T11:30:02Z","UCdUcjkyZtf-1WJyPPiETF1g","ITSub잇섭","28","20.13.09","갤럭시탭|갤럭시탭 S7+|언박싱|개봉기|언빡싱|이슈체크|녹조현상|갤럭시탭 S7|삼성|삼성 갤럭시탭 S7|갤럭시탭 S7 아이패드|아이패드|그림|아이패드 프로|필기감|Galaxy Tab|Samsung|태블릿|Galaxy Tab S7+|Unboxing|Review|issue|iPad|iPad Pro","550491","6963","204","2105","https://i.ytimg.com/vi/n11RHJhZkWE/default.jpg","False","False","사전예약한 갤럭시탭S7+가 드디어 도착했습니다. 이번에는 자세한 리뷰보다는 언박싱 그리고 초기부터 문제가 되어오던 여러가지 이슈들을, 정식 발매가 이루어진 제품에서 문제없는지 체크해봤습니다.◆ Spec. 모델명 : 삼성 갤럭시탭 S7+디스플레이 : 12.4인치 2800x1752 Super AMOLED프로세서 : 퀄컴 스냅드래곤 865+ 전면 카메라 : 800만 화소후면 광각 : 1,300만 화소후면 초광각 : 500만 화소RAM : 8GB저장공간 : 256GB UFS 3.0 무게 : 575g배터리 : 10,090mAh 색상 : 미스틱 블랙, 실버, 브론즈◆ Music. Shadows by David Cutter Music https://davidcuttermusic.comhttps://soundcloud.com/dcuttermusicFree Download / Stream: https://bit.ly/shadows-david-cutterMusic promoted by Audio Library https://youtu.be/qiBHOiEl9EI◆ Tag. #오랜만에 #제대로된 #갤럭시탭S7+◆ 잇섭의 it 다잇섭. E-MAIL - kdsk3622@gmail.com FACEBOOK - https://www.facebook.com/ITSubb/ INSTAGRAM - https://www.instagram.com/itsubb/ ◆ Timestamp.00:00 녹조 프리존00:15 오프닝00:54 갤럭시탭을 구입한 이유?01:54 언빡싱04:27 이슈 체크04:29 QC 문제05:11 녹조현상07:24 GIF 깜빡임08:33 스피커 품질09:25 오늘의 결론"
"lUZeXhe7YPw","추미애 아들 측에 고발당한 이 전 대령, 입장 발표 [뉴스현장]","2020-09-12T06:32:51Z","UCWlV3Lz_55UaX4JsMj-z__Q","뉴스TVCHOSUN","25","20.13.09","TV조선|티비조선|조선일보|종편|종합편성|TV조선뉴스|뉴스|뉴스프로그램|NEWS|채널19|CH19|뉴스9|뉴스7|포커스|신동욱|윤우리|추미애 아들|정세균|민주당","340795","10758","529","1976","https://i.ytimg.com/vi/lUZeXhe7YPw/default.jpg","False","False","정치권 소식 짚어보겠습니다. 이종근 시사평론가 신지호 박사 최창렬 용인대 교수 차재원 부산가톨릭대 특임교수 나오셨습니다. [Ch.19]  사실을 보고 진실을 말합니다.👍🏻 공식 홈페이지 http://news.tvchosun.com/👍🏻 공식  페이스북 https://www.facebook.com/tvchosunnews/👍🏻 공식 트위터 https://twitter.com/TVChosunNews* 뉴스제보 : 이메일(tvchosun@chosun.com), 카카오톡(tv조선제보), 전화(1661-0190)"
"TwoYmXX7n-A","주호영 후과를 어떻게 감당하려고...추미애는 웃어 넘겨","2020-09-08T12:21:29Z","UCHBvfByzuzamrZiL398jopQ","News1 눈TV","25","20.13.09","주호영|주호영교섭단체대표연설","267019","7508","548","1759","https://i.ytimg.com/vi/TwoYmXX7n-A/default.jpg","False","False","(서울=뉴스1) 송영성 기자 = 추 장관은 '소설 쓰네'라는 자신의 말을 입증하기 위해서라도 특임검사나 특별 검사의 수사를 자청해야 합니다. 못 하겠다면 사임하는 게 맞지 않겠습니까?주호영 국민의힘 원내대표는 8일 본회의 교섭단체 대표연설에서 정부·여당의 정책을 조목조목 비판하며 진정한 협치에 나서라고 촉구했습니다. 또 추미애 법무부 장관 아들의 '황제 휴가' 의혹에 대해 맹비난했는데요.그는 법무부 장관뿐만 아니라 대통령도, 그 누구도 법 위에 있을 수는 없다며 권력의 힘으로 덮는다면 진실은 사라지지 않고 그사이 진실은 점점 더 힘을 키워 더 큰 힘으로 세상에 나올 텐데 두 사람은 이를 어떻게 감당하려느냐고 말했습니다.이날 본회의장에서 추미애 장관이 이를 듣고 있었는데요. 어떤 표정을 지었을까요?#주호영_추미애#주호영_교섭단체_대표연설"
"asH_ryCmUO0","2020.09.11 [공주 이름 변천사]","2020-09-11T17:24:05Z","UCmHMsJ19Tx4z6O-ujMdlyYA","장추자","23","20.13.09","[none]","105805","1349","105","44","https://i.ytimg.com/vi/asH_ryCmUO0/default.jpg","False","False","03:58 하은, 려원 수다01:42:36 갈비찜 먹방02:03:43 랑이, 공주 수다02:27:02 공주 이름 변천사각종 문의 : smh1924@naver.com인스타그램 : http://www.instagram.com/vov1924영상 업로드 시간 : 오후 5시좋아요와 구독 부탁드려요♥"
"gIxEHX6F_os","[#인기급상승] 밥은 사람답게 먹어야 한다 각종 요리 자격증 섭렵한 김새론 요리 실력 대 공개✨│#온앤오프│#Diggle","2020-09-08T08:30:00Z","UCsRIHt5FkbGc6cQtCxt-ufA","tvN D ENT","24","20.13.09","tvN|tvN D ENT|인기급상승|온앤오프|김새론|온앤오프 김새론|김새론 차|김새론 요리|디글|Diggle|Kim Sae-Ron|어른|김새론 운전|#하이라이트#|티비냥|유퀴즈온더블럭|유퀴즈|김새론 아는형님|김새론 인스타라이브|아저씨|김새론 아저씨|김새론 원빈|연플리|연플리 하늘|김새론 연플리|연애플레이리스트|PLAYLIST|웹드라마|아저씨 영화|김새론 아역|아역|아역배우|김새론 근황|김새론 김민재|김새론 연기|김새론 춤|김새론 동생|김새론 엄마|예능|관찰예능|온앤오프 미초바|온앤오프 빈지노|빈지노 미초바|미초바|빈지노|캔맥|맥주|술|으른|21살|onandoff EP.19|onandoff|나혼자산다|나혼산|FLEX|영앤리치|금수저|자수성가|서지민|써지|연플리 김새론|학교 2020|드라마 학교|정소미|도시어부|한끼줍쇼|음중|쇼음악중심|볼보|카니발|새론|여대생|커리어우먼|조세호|성시경|김민아","1997956","12699","345","1383","https://i.ytimg.com/vi/gIxEHX6F_os/default.jpg","False","False","#온앤오프 #人기급상승 #Diggle유튜브에서 지금 핫한 사람 누구? 人기가 급상승한 人물 모음집Let's giggle, :Diggle!방송국놈들이 덕질하는 채널 디글 구독하기! :Diggle ☞ http://bit.ly/2Urls34기획/제작 조림, 똥강아지, 앵콜, 영원쓰, 잉지, 정띠, 메기수염"
"oNGdOIj6pBM","얘 뭐래냐? [몇대몇?블랙박스]","2020-09-09T15:18:37Z","UCs2TmEANiFrjKhzCsKsY7XA","몇대몇?블랙박스","2","20.13.09","몇대몇블랙박스|블랙박스|자동차|맨인블랙박스|블랙박스로본세상|보배드림|한문철|모음집|모음zip|블랙박스영상모음|맷때맷|맷때맷블랙빡수|블랙빡수","328325","2293","54","2229","https://i.ytimg.com/vi/oNGdOIj6pBM/default.jpg","False","False","얘 뭐래냐? [몇대몇?블랙박스]*1080P로 설정하시면 선명하게 시청하실수 있습니다.*많은영상 준비되어 있습니다*좋아요 구독하기 부탁드립니다*제보 mbox9911@gmail.com*음악: https://www.bensound.com*일러스트 작가 : 이*진 snyang0623@gmail.com#블랙박스로본세상#맨인블랙박스#블랙박스영상모음"
"Rkh--4BJFhc","기아 스팅어 마이스터 2.5 터보 시승기, 4,983만원 풀 옵션 사양(2021 Kia Stinger 2.5 Turbo AWD Test Drive) - 2020.09.09","2020-09-09T23:30:01Z","UC-IBt8pM8hWx8wiwjcDLdIQ","한상기 Han Sang Ki","2","20.13.09","스팅어마이스터|스팅어시승기|스팅어부분변경|스팅어페이스리프트|스팅어3.3|스팅어2.5|스팅어튜닝|스팅어중고|스팅어제로백|스팅어2020|2021스팅어|스팅어마이스터배기|스팅어가변배기|스팅어2.5시승기|스팅어2.5리뷰|G80시승기|G70부분변경|G70페이스리프트|스팅어마이스터가격|스팅어마이스터출고|신형스팅어|신형스팅어시승기|신형스팅어리뷰|시승기|비교시승기|자동차리뷰|한상기|한상기기자|한상기리뷰|스팅어마이스터실내|스팅어마이스터옵션|스팅어마이스터색상|스팅어마이스터광고|스팅어마이스터배기음|스팅어마이스터후기|스팅어2021리뷰|스팅어마이스터출시일|스팅어마이스터제원|스팅어마이스터가격표|스팅어마이스터 반자율|스팅어자율주행|스팅어마이스터반자율|스팅어HDA|스팅어마스터즈|스팅어플래티넘|스팅어GT패키지|스팅어3.3 런치컨트롤|스팅어마이스터견적|스팅어마이스터광고모델|스팅어마이스터엔진|스팅어부분변경엔진|스팅어신형엔진|G70신형엔진|스팅어마이스터급가속|스팅어2.5T제로백|스팅어2.5급가속|스팅어깡통","142397","1891","57","533","https://i.ytimg.com/vi/Rkh--4BJFhc/default.jpg","False","False","기아 스팅어가 부분 변경되면서 상품성을 보강했습니다. 안팎 디자인은 큰 차이 없지만 새 2.5 터보를 도입하면서 주행 성능이 좋아졌습니다. 주행에서는 가속력의 향상이 가장 두드러지며, 제 동영상 기준으로 신형 G80 2.5T나 그랜저IG 3.0보다 빠릅니다. 회전할 때의 감각은 기존의 2.0T보다는 3.3에 좀 더 가깝습니다. 솔직한 움직임이지만 제어가 어렵지는 않습니다. 소폭이지만 승차감도 개선이 됐다고 생각됩니다. 스팅어는 팔방미인 같은 성격이지만 기본적으로 스포티한 성향이라서 불특정다수에게 어필할 만한 승차감은 아닙니다. 승차감으로만 보면 G70이 낫습니다. 노면 소음도 큰 편이고, 시승차는 제동 시 차체가 떠는 현상이 있습니다. 스팅어 마이스터는 차후 3.3 터보도 시승해 보겠습니다. 본 영상은 헤이딜러의 배너 광고를 포함하고 있습니다. 기아 스팅어 마이스터 2.5T AWD 마스터즈 주요제원차체 사이즈 4,830×1,870×1,400mm, 2,905mm트레드 1,596/1,619mm엔진 2,497cc 4기통 가솔린 터보 최고 출력 304마력/5,800 rpm최대 토크 43.0kg.m/1,650~4,000 rpm변속기 자동 8단 서스펜션 듀얼 맥퍼슨스트럿/멀티링크공차중량 1,770kg트렁크 406리터타이어 미쉐린 프라이머시 투어 A/S 225/40R19, 255/35R19복합 연비 리터당 10.0km(도심 9.0km, 고속도로 11.5km)CO2 배출량 170g/km가격 4,983만원오토프레스 홈페이지 http://www.autopress.co.kr/한상기 네이버TV 채널 http://tvcast.naver.com/hansangki한상기 페이스북 https://www.facebook.com/HanSangKi0755한상기 인스타그램 https://www.instagram.com/hansangki0755한상기 네이버 블로그 http://blog.naver.com/low_quality한상기 유튜브 채널 https://www.youtube.com/channel/UC-IBt8pM8hWx8wiwjcDLdIQ네이버 인플루언서 https://in.naver.com/hansangki#스팅어마이스터#신형스팅어#스팅어부분변경"
"DrlC0wqbF94","치즈는 사드세요.....제발 (feat 페페로니 1kg 피자)","2020-09-09T12:30:12Z","UCgsffS7MfKL6YU3r_U3E-aA","승우아빠","24","20.13.09","승우아빠|사드세요|사드세요 제발|승우아빠 사드세요|승우아빠 사드세요 제발|치즈는 사드세요|승우아빠 치즈|치즈|피자|치즈피자|페페로니피자","961565","16361","259","3333","https://i.ytimg.com/vi/DrlC0wqbF94/default.jpg","False","False","#승우아빠 #사드세요 #피자 오늘은 집에서 치즈를 직접 만들어서피자를 만들어 보았습니다페페로니 피자와괴물피자도 만들어 보았습니다✔️ 트위치 https://www.twitch.tv/swab85✔️ 공식카페 https://cafe.naver.com/swab📪 문의 seungwoodaddy@sandboxnetwork.net🎁  택배수령주소 : 서울특별시 강남구 테헤란로 518 15층 샌드박스 승우아빠냉장 보관이 불가능하기 때문에 식품류는 수령이 불가능합니다"
"VWH7dnR88L4","돌직구쇼 라이브 방송 '2사 만루'┃추 장관 아들 수사…동부지검 왜 이러나 (2020년 9월 10일)","2020-09-10T02:03:45Z","UCRofX42ugIM1JKnCjfXm9LA","채널A 김진의 돌직구쇼","25","20.13.09","[none]","210053","10554","626","941","https://i.ytimg.com/vi/VWH7dnR88L4/default.jpg","False","False","동부지검의 수사가 상식적이지 않다는 비판이 제기되고 있다.'추미애 보좌관의 전화를 받았다'는 대위의 중요한 진술을 조서에서 누락했다는 의혹과, 복귀하지 않았다는 의혹을 받는 추 장관 아들과 통화했다는 당직 병사에게는 '증거를 내놓으라'고 했다고 한다.제보자에게 입증할만한 증거까지 내놓으라고 요구하는 게 도대체 상식적이냐는 비판이 제기되고 있다.최근 동부지검이 대위, 병사 등등을 다시 불러서 재조사했다고 한다.진술 조서를 고의로 누락한 것 아니냐는 의혹을 받는 주임 검사와 수사관이 영전했는데도 도로 수사팀으로 데려온 동부지검이다.과연 이 수사 제대로 될 수 있을까? #동부지검 #이성윤 #추미애 #윤석열 #국방부 #카투사 #휴가미복귀 #민원 #청탁  ◆오늘의 토커박정하 전 청와대 대변인김성진 외교안보국제부 차장"
"FCQ0RPTYXd8","[다큐플렉스 선공개] ＂설리가 왜 불편하셨나요?＂(9월10일 목 밤10시50분 방송) #다큐플렉스 #MBCLife","2020-09-08T07:16:25Z","UCfWZnsdfiKvOyHDGfzMT3Cg","MBClife","24","20.13.09","선공개|설리|다큐플렉스|MBC|다큐멘터리|플렉스|Fx|에프엑스|Sulli|최자|노브라|미친년|진리|docuflex|설리불편|악플","293290","4051","596","1658","https://i.ytimg.com/vi/FCQ0RPTYXd8/default.jpg","False","False","#다큐플렉스 9월10일 목 밤10시50분 방송설리가 왜 불편하셨나요? #MBCLife #설리★★★More clips are available★★★iMBChttp://www.imbc.com/broad/tv/culture/docuflex/#최진리 #에프엑스 #Sulli #Fx #DocuFlex"
"J-WODtL2JQw","현재 정은경 본부장이 발표한, 한국 뒤바꿔놓겠다는 놀라운 계획, 한국, 9월달 한국에서 엄청난 일 벌어질것","2020-09-08T11:35:15Z","UCVObSp4MlJwCsh6vtKz4PHQ","쓸모왕","25","20.13.09","한국|정은경|정은경 본부장|WHO|질병관리청|영국|검사|방역|중국|치료제|셀트리온|해외반응|외신반응","1012674","23104","1379","2249","https://i.ytimg.com/vi/J-WODtL2JQw/default.jpg","False","False","현재 정은경 본부장과 한국 방역당국이 발표한 놀라운 계획이 화제가 되고 있습니다.세상의 쓸모있는 지식을 전달해드리는 '쓸모왕'입니다.  영상이 도움이 되셨다면, '좋아요'와 '구독'을 부탁드립니다.  '알람'설정도 해놓으시면 제일빨리 쓸모왕 지식을 받아보실수 있습니다^^*본 채널은 연합뉴스와 콘텐츠 이용계약을 맺었으며, 연합뉴스는 본 채널의 편집방향과 무관합니다.저작권자(C)연합뉴스, 쓸모왕#한국 #정은경 #WHO"
"hzyiVkzG16o","[단독입수] A대령 입장문 공개 합니다 [라이브 EP152]","2020-09-11T03:35:12Z","UCXsbYbgwmk_zbTTdwCn_1Ig","엄튜브 /EOMTUBE","22","20.13.09","추미애|추미애 아들|문재인 지지율|문재인 지지율 하락|A대령 입장문|이재명|진중권|정부 전 국민 통신비 지원|2만원 통신비 지원|통신비 지원|박재호|박재호 SNS|박재호 음란물|추미애 아들 대화록 공개|카투사 지원반장|지원반장|추미애 아들 메신저|추미애 아들 메신저 단체 대화방|민주당 정책보좌관|민주당 정책보좌관 청탁|추미애 아들 변호사 단장 고발|국방부|국방부 추미애|미스터트롯|임영웅|영탁|이찬원|사랑의 콜센타|추미애 아들 병가|추미애 아들 휴가 미복귀|추미애 아들 통신병|추미애 아들 병가 연장|국방부 병가 연장 가능|추미애 임은정 대검 인사|김홍걸|김홍걸 부동산|엄성섭|엄튜브|TV CHOSUN","55075","6941","182","102","https://i.ytimg.com/vi/hzyiVkzG16o/default.jpg","False","False","[엄튜브 라이브 목차]00:00 오프닝06:00 문대통령 지지율 하락, 중도층 공략 이재명12:20 정부 통신비 2만원 지급17:10 A대령 입장문 공개49:00 추미애 아들 페이스북 메신저 단체 대화방 공개1:06:00 국방부 추미애 편들기1:18:00 추미애 임은정 대검 인사"
"alP4AfKrxlk","☠예능매치☠ ‘손흥민, 예능신과의 레전드 인생 경기! 19-20 아스톤 빌라 vs 토트넘","2020-09-09T02:00:01Z","UCPxCAB6hvZw20ckLaIFxUJQ","SPOiler 스포일러","17","20.13.09","SPOTV|스포티비|스포일러|SPOILER|킹비TV|킹비|토트넘|아스톤빌라|토트넘 아스톤빌라|토트넘 아스톤빌라 하이라이트|토트넘 아스톤빌라 골모음|프리미어리그|PL|EPL|손흥민|토트넘 손흥민|손흥민 아스톤빌라 골|손흥민 아스톤빌라|손흥민 아스톤빌라 극장골|손흥민 아스톤빌라 반응|손흥민 PK|손흥민 페널티킥|손흥민 골|손흥민 득점|손흥민 극장골","387361","2119","226","518","https://i.ytimg.com/vi/alP4AfKrxlk/default.jpg","False","False","안녕하세요~ 오늘도 축구 읽어 주러 온 쵱내 입니다.예능보다 예능같은 매치! 그 다섯 번째 매치는 19-20 아스톤 빌라와 토트넘의 경기를 준비했습니다.그럼 재미있게 봐주시고 즐거우셨다면 ‘구독’ 한번 부탁드리겠습니다!!그리고 기억에 남거나 보고 싶은 경기가 있다면 댓글 남겨주시면 감사하겠습니다~그럼 다음 주에 만나요~  끝!( @킹비TV / 축구 읽어주는 여자 도 많이 찾아 주세요~) #스포일러 #손흥민 #토트넘"
"bfy7HOcW_kk","영화 '뮬란'이 왜 욕먹는지 국내 개봉 전 총정리 해드림/스브스뉴스","2020-09-09T09:17:32Z","UCQabORQKQRHP-iUqe-xIFvg","스브스뉴스 SUBUSU NEWS","25","20.13.09","스브스뉴스|뮬란|유역비|뮬란개봉|뮬란디즈니|디즈니|디즈니영화|홍콩|홍콩시위|홍콩민주화|홍콩민주화운동|뮬란보이콧|Mulan|뮬란개봉일|disney|disneyplus|디즈니플러스","1153895","15523","282","5330","https://i.ytimg.com/vi/bfy7HOcW_kk/default.jpg","False","False","9월 17일, 영화 '뮬란'이 국내에서 개봉할 예정입니다. 그런데 지금 아시아 곳곳에서 '뮬란' 보이콧 운동이 벌어지고 있습니다.홍콩뿐 아니라 타이완, 태국 등에서도 일명 '밀크티 동맹'을 결성해 보이콧에 참여하면서 운동이 점점 확산하고 있습니다.영화 개봉일이 얼마 남지 않은 지금, 왜 보이콧 운동이 거세지고 있는지 스브스뉴스에서 정리했습니다.✔ 뉴스에는 위아래가 없다, 스브스뉴스- 스브스뉴스 링크 -Facebook : https://www.facebook.com/subusunewsInstagram :  https://www.instagram.com/subusunews/홈페이지 : http://news.sbs.co.kr/news/subusuNews.do?plink=GNB&cooper=SBSNEWS"
"xaGSvMRhFtk","믿고 싶지 않은 '의사 국가고시 선발대'와 국시 거부 이야기/시즌2 49화 1부","2020-09-09T12:30:11Z","UCcbmCvUkjCEb0BJkJbR4EVQ","댓글 읽어주는 기자들","25","20.13.09","댓글|팟캐스트|언론|kbs|kbs라디오|라디오|김기화|홍성희|옥유정|강병수|기자|기레기|방송|방송기자|인터뷰|시사|앵커|9시뉴스|KBS뉴스|정연욱|의사|의협|의대생|국가고시|국시|국시거부|선발대|의대생구제|구제|의료파업|대전협","122650","10094","195","1582","https://i.ytimg.com/vi/xaGSvMRhFtk/default.jpg","False","False","http://www.dailymedi.com/detail.php?number=860261&thread=22r04기사 보고 오세요** 묻힌 뉴스 브리핑  00:00 시작합니다05:56 전공의, 전문의 그리고 의대생07:25 의대생들의 국시 거부, 공감 얻지 못하는 이유?20:35 정부가 과한 거 아니냐고요?29:47 '국시 거부'에서 뜻하지 않게 드러난 '선발대'? ** 관련 기사 전공의 “단체행동 유보”…복귀 시점은 내일 결정할 듯http://news.kbs.co.kr/news/view.do?ncd=4533340**댓읽기 인스타그램https://www.instagram.com/replykbs/"
"hFQL7BS6lrs","TAEMIN 태민 'Criminal' MV","2020-09-07T09:00:08Z","UCEf_Bc-KVd7onSeifS3py9g","SMTOWN","10","20.13.09","[none]","6128227","690791","4043","59437","https://i.ytimg.com/vi/hFQL7BS6lrs/default.jpg","False","False","TAEMIN's 3rd Album Never Gonna Dance Again : Act 1 is out!🎧 Listen and download on your favorite platform : https://smarturl.it/TAEMIN_NGDA_Act1TAEMIN Officialhttp://taemin.smtown.comhttp://www.youtube.com/shineehttp://www.facebook.com/shineehttp://www.instagram.com/shineehttps://twitter.com/SHINee#Criminal #TAEMIN #태민 #テミン #NeverGonnaDanceAgain #Act1TAEMIN 태민 'Criminal' MV ℗ SM Entertainment"
"D4MkH2ujEJE","첫방송 예고!｜투니버스｜신비아파트 고스트볼 더블X : 수상한 의뢰","2020-09-10T03:00:01Z","UCoHsxU1eDWHom6D7Fce6kLA","신비아파트 공식 채널","1","20.13.09","신비아파트|신비아파트고스트볼X의탄생|고스트볼X의탄생|고스트볼X|신비아파트두번째이야기|고스트볼의비밀|신비아파트예고|신비아파트극장판|신비|금비|강림|최강림|하리|구하리|두리|리온|아이기스|퇴마|귀신|신비아파트귀신|투니버스|tooniverse|shinbi|thehauntedhouse|고스트볼더블X|예언|신비시즌3|신비아파트3|신비아파트 시즌3|오피키언|신비 마지막|신비 최종|최후의 예언|신비 최종 보스|가은 마지막|신비아파트 결말|수상한의뢰|신비예고|신비첫방","193501","2593","110","999","https://i.ytimg.com/vi/D4MkH2ujEJE/default.jpg","False","False","✨신비아파트 고스트볼 더블X : 수상한 의뢰✨드디어.. 포스터 이후에 공개된 대망의 첫 예고 영상!!우리 학교를 뒤흔든…😱😱😱괴담의 실체...👻👻10.8 목요일 저녁 8시 첫방송!오직 투니버스에서만!#신비아파트 #고스트볼더블X #신비예고"
"yWQ1MAi_QI8","[#연극이끝나고난뒤] 안보현X유라 첫 만남❤️ 파스타 맛있게 먹는 유라 보고 눈 반짝반짝거리는 안보현 ㅋㅋ 나같아도 유라보면 귀여워서 못 참을듯,,│#Diggle","2020-09-07T12:30:04Z","UCsRIHt5FkbGc6cQtCxt-ufA","tvN D ENT","24","20.13.09","tvN|tvN D ENT|연극이끝나고난뒤|Diggle|디글|하석진|윤소희|안보현|유라|이민혁|Diggle 연극이끝난고난뒤|연극이끝나고난뒤 다시보기|연극이끝나고난뒤 모아보기|연극이끝나고난뒤 정주행|연극이끝나고난뒤 안보현|연극이끝나고난뒤 하석진|안보현 유라|하석진 윤소희|안보현 유라 키스신|하석진 윤소희 키스신|tvn 우리결혼했어요|비투비 이민혁|tvn 안보현|Diggle 안보현|Diggle 유라|Diggle 하석진|이태원클라쓰 안보현|안보현 연기|안보현 성격|안보현 모음|안보현 레전드|tvn 우결|tvn 하트시그널|안보현 유라 결혼|안보현 유라 키스|유라 수영복|안보현 유라 연애|Ahn Bo hyun|yu ra|Ahn Bo hyun yura|ahn bo hyun kiss|after the play ends|ahn bo hyun after the play ends","2541042","20298","360","2847","https://i.ytimg.com/vi/yWQ1MAi_QI8/default.jpg","False","False","#연극이끝나고난뒤 #Diggle #디글Let's giggle, :Diggle! 방송국놈들이 덕질하는 채널 디글 구독하기! :Diggle ☞ https://bit.ly/2Urls34"
"fCmZ_EllAZs","송다희 x 윤재석 꽁냥꽁냥 인테리어 매장 방문기 !! 93-96 하이라이트♡다재커플♡ (ft.#한번다녀왔습니다)","2020-09-09T11:00:09Z","UC3m0s5XAQydCtbLHc8j1Uog","KBS 한국방송","24","20.13.09","KBS|한국방송공사|mylovekbs|예고|티저","309617","3109","71","297","https://i.ytimg.com/vi/fCmZ_EllAZs/default.jpg","False","False","#한번다녀왔습니다 #이민정 #이상엽 #이초희 #이상이 KBS 2TV 토,일 오후 7:55 본방송!!!"
"dEmf7u21q-A","산책 중 토끼를 만난 미어캣의 반응 [냥이아빠]","2020-09-12T02:53:10Z","UC5AAf4_zZxk-mCl46TogZQQ","냥이아빠","15","20.13.09","미어캣|미어캣 키우기|미어캣 키우는 법|미어캣 키우는 방법|미어캣 분양|미어캣 입양|미어캣 산책|미어캣 산책 시키기|미어캣 산책줄|미어캣 목줄|미어캣 주인|미어캣 애교|미어캣 가격|미어캣 분양가|미어캣 카페|미어캣 목욕|미어캣 핸들링|미어캣 준비물|미어캣 풀어놓고|미어캣 집|미어캣 집에서|미어캣 간식|미어캣 머리|미어캣 뒤통수|미어캣 지능|미어캣 훈련|미어캣 반응|미어캣은 또 속았습니다|미어캣 밀웜|미어캣 장난감|미어캣 벌레|작은동물|소동물|특수동물|특수소동물|특수반려동물|특수애완동물|반려미어캣|애완 미어캣|귀여운|귀여운 미어캣|미어캣 꾸릉이|꾸릉이|미어캣 본능|미어캣 집에서 키우기|미어캣 발톱|미어캣 응가|미어캣 배변 훈련|meerkat|meerkat care|meerkat cage|ミーアキャット|愛くるしい|動物","272266","8149","110","2432","https://i.ytimg.com/vi/dEmf7u21q-A/default.jpg","False","False","#브이쉴드마스크 #브이실드마스크 #유즈앤러브 브이쉴드 쿨 마스크 당장 사러 가야겠는걸?냥이아빠 팬카페https://fanding.kr/user/46QduwVvxzOm"
"cY8NpiDGfJ4","모기가 앉아도 터지는 초강력 지뢰 만들기!! (절대 따라하지 마세요)","2020-09-09T07:13:56Z","UCuPeQ50gyXAl_70p0UT7WAQ","공돌이 용달","27","20.13.09","[none]","578108","8340","330","1911","https://i.ytimg.com/vi/cY8NpiDGfJ4/default.jpg","False","False","사실 따라해도 됨. 근데, 아이오딘 및 암모니아수(25~28%)이 다소 위험하다보니 절대 집에서는 하지 마세요(할 수도 없음 애초에). 실험실 후드안에서 하시는 걸 추천합니다만.. 외국 영상들 보면 그냥 집에서도 하네요 띠용!?+ 적극적으로 도와주신 유니스트 화학과 문회리 교수님 및 이홍규님 진심으로 감사합니다 :)실험 및 콘텐츠 제보 : http://bitly.kr/lHIYzyB인스타그램 : @yyongdal문의 메일 : yyongdal@geekble.kr팬카페 : https://cafe.naver.com/gongdoryyongdall"
"pwEvn48i57o","전광훈 대신 사과한 목사들, “교회가 죄송합니다” [내손안의Q #13]","2020-09-09T11:23:23Z","UCugbqfMO94F9guLEb6Olb2A","한겨레TV","25","20.13.09","한겨레|한겨레TV|Hankyoreh|HankyorehTV|korea|한국|대한민국|전광훈|사랑제일교회|신천지|양희삼|육순종|고태진|안서교회|대면예배|비대면예배|코로나19|개신교|교회","106628","2687","804","1724","https://i.ytimg.com/vi/pwEvn48i57o/default.jpg","False","False","한국 사회가 교회를 보는 시선이 매우 따갑습니다. 최근 전광훈 목사가 속한 사랑제일교회 관련 확진자가 1,167명(9월 8일 12시 기준)을 넘겼기 때문인데요. 코로나19 재확산을 막기 위한 전국적인 사회적 거리두기 격상 조치에도 불구하고 여전히 대면예배를 고집하는 교회들이 있어 교회에 대한 사람들의 반감은 쉽사리 사라지지 않을 것 같아 보입니다. 최근 기독신문 등 개신교계 8개 언론사가 실시한 여론조사에 따르면 응답자의 63.3%가 개신교에 대한 신뢰가 나빠졌다고 대답했습니다. 이런 가운데 한국기독교장로회 소속 서울 북노회 50개 교회는 지난달 말부터 ‘교회가 진심으로 죄송합니다’라는 현수막을 달기 시작했습니다. 육순종 성북교회 목사(한국기독교장로회 총회장)는 “이러다 한국 교회가 망하는 것은 아닌지 위기감을 느꼈다”며 사회에 사과의 마음을 전하기 위해서 현수막을 걸게 되었다고 말했습니다. 처음 문구는 ‘미안합니다’였지만 교회가 더 낮아져야 한다는 생각에 ‘죄송합니다’로 수정했다고 하는데요.10여 개 단체가 모인 ‘개신교 회복을 위한 비상대책위원회’에서도 ‘한국교회가 코로나 사태에서 씻을 수 없는 죄를 지었다’며 사죄 성명서를 냈습니다. 성명서를 주도한 양희삼 카타콤 교회 목사는 “최근 일어나는 일들을 보며 한국 교회가 사망선고 당한 것이 아닌가 싶었고 무엇보다 국민들께 죄송했고, 누구라도 사죄의 말씀을 드려야한다고 생각했다”고 말했습니다. 이런 와중에 최근 ‘진정한 목사님’으로 화제가 된 분이 있었는데요. 바로 ‘이웃의 목숨을 위태롭게 하는 것은 신앙이 아니다’라면서 비대면 예배를 알리는 안내문을 붙인 고태진 안서교회 목사였습니다. 지난 2월 신천지 사태를 보면서 대면예배를 멈춰야겠다고 생각한 고 목사는 우종학 서울대 교수가 페이스북에 쓴 말을 인용해 안내문을 붙였다고 전했습니다. 위기의 상황에서 당연한 일을 한 것뿐인데 많은 관심을 받은 것이 오히려 당황스럽다는데요.사과 한 마디 없이 재수감된 전광훈 목사 대신 사과한 3명의 목사들. 이들이 코로나19 시기에 개신교 목회자로서 전하고 싶었던 메시지가 무엇인지 [내 손안의 Q]를 통해서 더 자세한 이야기를 확인해 보세요! 김현정 피디 hope0219@hani.co.kr* 주요 질문 00:00 인트로01:35 ‘교회가 진심으로 죄송합니다’ 현수막이 걸리기 시작했다 02:40 ‘개신교 단체 사죄 성명서’ 쓰게 된 이유03:08 “예배가 이웃의 목숨을 위태롭게 하면 모이지 않는 것이 신앙” 04:07 ‘대면예배’, 성경에 나와 있나?05:39 교회를 향한 따가운 시선?07:54 '종교탄압하지 마라’는 주장에 대해선?10:04 전광훈 목사에게 전하고 싶은 성경구절?10:23 코로나19 위기, 전하고 싶은 성경 구절?11:01 포스트코로나 교회의 역할?촬영 : 권영진 장승호 안수한CG/ 타이틀 : 문석진연출 : 김현정 PD ■ 한겨레 채널 모음▶ 인터넷한겨레: http://www.hani.co.kr▶ 한겨레TV: http://www.hanitv.com/▶ 한겨레TV 페이스북: https://www.facebook.com/hankyorehtv/▶ 한겨레신문 구독: https://goo.gl/MBKMLD▶ 영상과 취재 관련 제보: leepd@hani.co.kr"
"tV4M2shsf2M","【클린버전】 임영웅 & 홍지민 - 그대는 나의 인생 💙사랑의 콜센타 24화💙","2020-09-10T15:21:38Z","UCskIKQGpjI5sG2ZLtWLYSmw","미스&미스터트롯 공식계정","22","20.13.09","미스터트롯|미스트롯|사랑의콜센타|뽕숭아학당|트로트|티비조선|임영웅|홍지민|그대는나의인생","405637","15299","304","1036","https://i.ytimg.com/vi/tV4M2shsf2M/default.jpg","False","False","오직 【미스&미스터트롯】 공식계정에서만 볼 수 있는 자막 없는 클린버전#미스터트롯#미스트롯#사랑의콜센타#뽕숭아학당#트로트#티비조선#장민호#영탁#임영웅#김희재#이찬원#정동원#홍지민#그대는나의인생"
"TZeYe86sfVY","[선공개] 이 노래 들으면 오늘 무슨 바지 입나~ 홍경민&황민우 '나팔바지'♪","2020-09-11T08:36:46Z","UCYyLIlOJyqkAFKlVjzX5img","MBN Entertainment","24","20.13.09","남진|김용만|김연자|혜은이|진성|박현빈|황민우|홍경민|MBN|보이스트롯|트롯|오디션","401095","2361","176","192","https://i.ytimg.com/vi/TZeYe86sfVY/default.jpg","False","False","당신의 트롯 본능이 깨어난다. MBN 보이스트롯, 매주 금요일 밤 9시 50분 #MBN#보이스트롯#트롯#오디션#황민우#홍경민#남진#김용만#김연자#혜은이#진성#박현빈 ☞MBN Entertainment 구독하기 : https://www.youtube.com/channel/UCYyLIlOJyqkAFKlVjzX5img?sub_confirmation=1☞MBN 공식 홈페이지 : https://www.mbn.co.kr"
"dWV8IuP4RMo","풀 악셀로 차 빼기 2탄, 이번엔 전자식 파킹 브레이크(feat. 범퍼 무사할까?)","2020-09-09T11:00:30Z","UCvJnb0ty7RpquJKouRBeEzQ","픽플러스","2","20.13.09","자동차|픽플러스|중고차수출|자동차실험|CAR","309712","3102","55","772","https://i.ytimg.com/vi/dWV8IuP4RMo/default.jpg","False","False","#자동차 #자동차실험 #평행주차 #주차의신 #주차장탈출 #전자식파킹브레이크 #차빼기긴급 차빼기 두번째 도전! 많은 분들이 궁금해 하셨던 전자식파킹브레이크가 장착된 차량으로 도전해 보았습니다. 이번에도 성공할 수 있을까요? 영상으로 확인해 보시죠!:: 픽플러스 홈페이지- https://pickplus.net/:: 픽플러스 카카오톡- http://pf.kakao.com/_xjYxhxnxl/chat:: 픽플러스 인스타그램- https://www.instagram.com/pickplus/:: 픽플러스 네이버 인플루언서- https://in.naver.com/pickplus:: 촬영의 안전을 위해 관계자가 함께 동행하고 있습니다.:: 실험 차량 중 모자이크는 협력 폐차 업체의 요청에 의해 처리되는 경우도 있습니다.:: 실험 차량은 모두 픽플러스와 협력 폐차 업체의 차량이며, 폐차 예정된 차량으로 진행됩니다.※ 비지니스 제휴문의pickplus7@gmail.com"
"SZdWy5EDX5s","[EP.34] 얼굴, 물건, 말투도 모자라 남친까지 빼앗은 절친 [연애의 참견3]","2020-09-10T07:00:06Z","UCr0adenI5KeQFJkMIGjq5qw","KBS N","24","20.13.09","KBSN|연애의참견3|연참드라마|연애고민|서장훈|김숙|한혜진|주우재|곽정은|유나결|오진석|임소라|남혜리","520206","4387","149","1247","https://i.ytimg.com/vi/SZdWy5EDX5s/default.jpg","False","False","#연참드라마 EP.34 – 내 절친의 모든 것10년 이상을 함께한 절친의충격적인 행동?!▶ 배우 : 유나결, 오진석, 임소라, 남혜리로맨스 파괴 토크쇼 #연애의참견3매주 화요일 밤 10시 50분 KBS Joy 방송출연 : 서장훈, 김숙, 한혜진, 주우재, 곽정은[KBS N]▶ 홈페이지 : http://www.kbsn.co.kr▶ 페이스북 : http://www.facebook.com/happykbsn▶ 인스타그램 : https://www.instagram.com/kbsn_official"
"Oh1fNVJYhHY","[TEASER] 마마무(MAMAMOO) - WANNA BE MYSELF","2020-09-08T15:00:29Z","UCuhAUMLzJxlP1W7mEk0_6lA","MAMAMOO","10","20.13.09","MAMAMOO|마마무|WANNA BE MYSELF|마마무 WANNA BE MYSELF|안다르|마마무 안다르|andar|MAMAMOO andar|WANNA BE MYSELF TEASER|WANNA BE MYSELF 티저|마마무 티저","3081209","438809","2960","22874","https://i.ytimg.com/vi/Oh1fNVJYhHY/default.jpg","False","False","[TEASER] 마마무(MAMAMOO) - WANNA BE MYSELFInstagram: https://bit.ly/2TrQPJDFacebook: https://bit.ly/2OYoA1WTwitter: https://bit.ly/2TuKNboAbout MAMAMOO.MAMAMOO(마마무) OFFICIAL CHANNEL#MAMAMOO #마마무 MAMAMOO.SUBSCRIBE: https://bit.ly/2PFdfsIhttps://www.youtube.com/c/MAMAMOO_OFFICIALDon't forget to subscribe, like and leave a comment."
"vY5x9jBXStE","[김어준의 뉴스공장 FULL/9월 9일]추미애 장관 아들 의혹...특혜 치고는 너무 평범(?!)했다","2020-09-09T02:08:00Z","UC5HSw5OY2vfVFSihpiB-AVQ","TBS 시민의방송","25","20.13.09","TBS|김어준|뉴스공장|대북전단|삐라|이재용|삼성|정경심|타투이스트|김여정","411827","26570","1525","1577","https://i.ytimg.com/vi/vY5x9jBXStE/default.jpg","False","False","[TBS 유튜브(수) 생방송]▶7시 6분 : 김어준의 뉴스공장 ▶9시 :킹슈맨 ▶10시 : 골방라이브  9월 9일(수) 김어준의 뉴스공장◎ 1부[이 정도는 알아야 할 아침 뉴스]- 류밀희 기자 (TBS)◎ 2부[인터뷰 제1공장] -전화연결추미애 장관 아들 '황제복무' 의혹?    카투사 특성 모르는 억지 주장- 추미애 장관 아들과 함께 복무한 카투사 (익명))[인터뷰 제2공장]3기 신도시 6만호 사전청약 패닉바잉 잡고 집값 안정화할 것  - 김현미 장관 (국토교통부)◎ 3부[인터뷰 제3공장]  2차 재난지원금 선별 지급 &  막 오른 정의당 당대표 선거 - 배진교 원내대표 (정의당)  [인터뷰 제4공장] -전화연결광주시, ‘확진자 1명 당 4781만 원 소요’..방역일탈 행위 “일벌백계할 것”–  박향 복지건강국장 (광주시)[인터뷰 제5공장] -전화연결전주시 고위험시설 99.6% 휴업 협조..“행정명령 위반하면 고발, 준수하면 지원금”- 김승수 시장 (전주시)◎ 4부[영화공장]유난히 '개봉운' 없던 불운의 명작 BEST는? - 윤성은 영화평론가- 김성훈 기자 (씨네21)----------------------------------------------▶TBS 유튜브 구독 http://j.mp/MyLoveTBS▶TBS 페이스북 https://facebook.com/mylovetbs▶TBS 카카오스토리 https://story.kakao.com/ch/seoultbs▶TBS 인스타그램 https://instagram.com/seoultbstv▶TBS 트위터 https://twitter.com/seoultbstv▶TBS 홈페이지 http://tbs.seoul.kr/▶TBS 유튜브 커뮤니티 http://bit.ly/2EaWnQp"
"hp6iB26FErI","[꼼찰청장] 윤석열 도발에 대한 추미애의 답은 임은정","2020-09-11T10:00:19Z","UCljnbFCt-4doBr7wtEIIbbw","김용민TV","25","20.13.09","김용민|김용민브리핑|데마시안|김엄마|나는꼼수다|관훈라이트|히히히스토리|정치부심|카이로스|평화나무|꼼찰청장|브리핑LIVE|용칼|경제의속살|관훈라이트클럽|용디|꽁트|보수의길을묻다|안뛸수|김종알|정상근|민동기|오윤혜|김준혁|역사|수원|김성회|열린민주당|박진영|더불어민주당|신유진|소제인|장용진|김태현|아주경제|추미애|윤석열|임은정","157476","13379","173","390","https://i.ytimg.com/vi/hp6iB26FErI/default.jpg","False","False","김용민TV 9월 LIVE 편성표월~목 17시 : 김용민브리핑 LIVE 월요일 20시 30분 : 관훈라이트클럽 (with 민동기, 정상근, 이언경)화요일 20시 30분 : 정치부심 (with 김성회, 박진영)수요일 20시 30분 : 히히히스토리 (with 김준혁, 오윤혜)목요일 20시 30분 : 꼼찰청장 (with 장용진, 신유진, 소제인, 김태현)쇼핑은 김용민 닷컴 https://www.kimyongmin.com/shop광고문의master@demasian.com1544-1871"
"ugl7p5IPZCo","유아(YooA)_숲의 아이 (Bon voyage) 쇼케이스 첫 무대 [20200907 SHOWCASE]","2020-09-07T09:00:14Z","UCliLFbDUdp5P1RQzyHYgtFQ","서울신문 TheSeoulShinmun","24","20.13.09","유아|숲의 아이|쇼케이스|Bon voyage|YooA","651114","19776","686","2729","https://i.ytimg.com/vi/ugl7p5IPZCo/default.jpg","False","False","Composed by Afshin Salmani, Josh Cumbee, Ryan S. Jhun, Shari Short, Josephina CarrLyrics by 서지음Arranged by AFSHEEN, Josh Cumbee, Ryan S. Jhun대자연의 초록빛을 소환하는 시네마틱 사운드의 숲의 아이는 도입부의 플럭 사운드로 몽환적이고 신비롭게 시작하여 정글리듬으로 변주를 주며 오묘한 분위기와 더불어 긴장감까지 느끼게 해 유아만의 독보적인 세계관의 꿈을 펼치고 있다. 대체할 수 없는 유아만의 신비로운 음색이 신스팝 사운드와 어우러져 유아의 아이덴티티를 강조하며 매력을 한층 배가시킨다.#유아 #YooA #오마이걸"
"p_x8xxhf3Z8","반바지와 반팔만 있다면 어디든 갈 수 있어, 운동에 대한 지독한 로망  [예능맛집X곱빼기/미운우리새끼]","2020-09-09T09:00:18Z","UCnx4Fi4cmkLGDiFfZ311wWw","SBS ENTER PLAY","24","20.13.09","미운우리새끼|미우새|미운우리새끼 다시보기|미우새 하이라이트|My Little Old Boy|홍진영|김종국|임원희|이상민|탁재훈|김희철|신동엽|서장훈|남창희|김계란|박준형|쭈니형|박은빈","662829","5600","112","983","https://i.ytimg.com/vi/p_x8xxhf3Z8/default.jpg","False","False","꾹이 이런 초롱초롱한 눈빛 처음이야...#예능맛집_곱빼기 #미운우리새끼 #MyLittleOldBoy Ep.206 Review☞ 매주 일요일 오후 09:05"
"CMREUQyt0rI","9/11(금) - 2차 재난지원금 확정(안민석)/ 2.5단계 완화 이르다(이재갑)/ 정치의 포털 개입 역사(이정환)/ 코로나 시대 양극화 막아야(박노자) [김현정의 뉴스쇼]","2020-09-11T00:01:46Z","UC4Aa3OPkMenwTANpf0oWVRQ","CBS 김현정의 뉴스쇼","25","20.13.09","김현정|뉴스쇼|4차 추경|2차 재난지원금|밥 우드워드|사회적 거리두기 연장|이재갑 교수|박노자 교수|카카오 개입","72260","1323","103","67","https://i.ytimg.com/vi/CMREUQyt0rI/default.jpg","False","False","▣ 라이브 방송 안내뉴스쇼 라이브 방송 | 매주 월~금 오전 7시20분~9시댓꿀쇼 라이브 방송 | 뉴스쇼 본방송 끝나자마자 이어서 오전 9시▣ 김현정의 뉴스쇼 유튜브 구독하기https://goo.gl/ApKab6▣ 제보 및 의견◇ 문자: #1212◇ 뉴스쇼 제보 이메일: newsshow981@gmail.com◇ 댓꿀쇼 관련 이메일: newsshow.cbs@gmail.com◇ 모바일 레인보우- 안드로이드 구글플레이: http://goo.gl/0fboZU- 애플 앱스토어: https://apple.co/2ytJKPW◇ 홈페이지: http://www.cbs.co.kr/radio/pgm/info.asp?pgm=1378&mcd=_INTRO_◇ 카카오TV: https://tv.kakao.com/channel/3238340◇ 트위터: https://twitter.com/cbsnewsshow◇ 페이스북: https://www.facebook.com/981news◇ 인스타그램: https://www.instagram.com/khj_newsshow.cbs#김현정의뉴스쇼 #댓꿀쇼"
"yNL_Y-Zdhyg","결국 군 내부문건 공개! 오늘 탈탈 텁니다 [라이브 EP151]","2020-09-10T03:39:04Z","UCXsbYbgwmk_zbTTdwCn_1Ig","엄튜브 /EOMTUBE","22","20.13.09","윤영찬|윤영찬 카카오|윤영찬 카카오 호출|윤영찬 패러디|통신비 2만원 지원|이낙연 윤영찬|윤영찬 사과|TV조선 단독|추미애 아들|추미애 아들 휴가|추미애 아들 청탁|추미애 아들 통역병|추미애 아들 무릎 수술|추미애 아들 휴가 미복귀|추미애 아들 군 내부 문서|군 내부 문서 공개|추미애 아들 병가 연장|미스터트롯|임영웅|영탁|이찬원|사랑의 콜센터|병가 조치 면담 기록|추미애|추미애 자서전|추미애 아들 전북 현대 인턴|추미애 아들 인턴 근무|청와대|문재인|국민의힘|더불어민주당|엄성섭|엄튜브|TV CHOSUN","53054","6982","304","220","https://i.ytimg.com/vi/yNL_Y-Zdhyg/default.jpg","False","False","[엄튜브 라이브 목차]00:00 문재인 대통령 지지율 하락12:30 윤영찬 카카오 호출, 윤영찬 사과23:47 추미애 아들 군 내부 문건 빼박 증거 등장26:55 [웃음 주의] 섭콜 추미애 빙의50:10 군 내부 문건 섭브로 해설55:30 추미애 아들 무릎 수술 정형외과 전문의들 의견1:19:17 추미애 아들 전북 현대 모터스 인턴 근무"
"e9xAwtfMVu8","유아(YooA) - 숲의 아이 (Bon voyage) (Performance Video)","2020-09-08T11:00:26Z","UC-qYkzKFdekoEniRu_FS3zg","OH MY GIRL","10","20.13.09","유아|YooA|오마이걸|OHMYGIRL|숲의아이|Bonvoyage|Performance|퍼포먼스|KPOP","1000501","0","0","4201","https://i.ytimg.com/vi/e9xAwtfMVu8/default.jpg","False","True","YooA(OH MY GIRL) 1st Mini Album [Bon Voyage] has been released.#유아 #YooA #숲의아이 #Bonvoyage:: iTunes - https://apple.co/325eu99:: Spotify - https://spoti.fi/3bD5nzEOH MY GIRL Officialhttps://www.ohmy-girl.comhttps://youtube.com/ohmygirlhttps://instagram.com/wm_ohmygirl https://twitter.com/wm_ohmygirl https://www.facebook.com/official.ohmygirl"
"IkWcG9mye60","[궁극의 전쟁사]24. 연합군과 독일군의 증언으로 살펴본 '6호 전차 티거'","2020-09-09T08:18:21Z","UC1Ei9xWth3jnYypj161vBJA","건들건들","27","20.13.09","#건들건들|#우라웍스|#환장|#펜더|#조지킹|#썰PD|#밀리터리|#워키피디아|티거|6호전차|독일 전차|2차 대전|tank battle|tiger tank|panzer vi|panzer iv|티거 전차|티거 2|워썬더|구데리안|히틀러|포르쉐 티거|porsche tiger|henschel tiger|king tiger|vk 36. 01|vk30. 01|tiger tank snokel|Panzerkampfwagen|8.8cm Kwk|8.8cm|88flak|world of tank|월오탱|티타임앵글|diamond position","89097","3098","43","699","https://i.ytimg.com/vi/IkWcG9mye60/default.jpg","False","False","이번 영상은 전차의 3요소인 방어력, 화력, 기동력으로 살펴 본 티거이야기 입니다.티거를 마주했던 혹은 티거를 직접 운용했던 전차병들의 증언을 바탕으로 티거에 대한 세세한 이야기를 살펴보도록 하겠습니다.*이번 편은 볼륨 빵빵하게 시청해주시길 권해요~항상 풀 오토 연사로 임하겠습니다.[건들건들 Instagram 계정]https://www.instagram.com/uraworks_creative/[자막참여하기]http://www.youtube.com/timedtext_cs_panel?c=UC1Ei9xWth3jnYypj161vBJA&tab=2[건들건들 채널 멤버쉽가입]https://www.youtube.com/channel/UC1Ei9xWth3jnYypj161vBJA/join"
