video_id,title,publishedAt,channelId,channelTitle,categoryId,trending_date,tags,view_count,likes,dislikes,comment_count,thumbnail_link,ratings_disabled,country
n9xhJrPXop4,Dune Official Trailer,2020-09-09T16:18:02Z,UCjmJDM5pRKbUlVIzDYYWb6g,Warner Bros. Pictures,24,20.10.09,[none],6426879,280755,6622,30380,https://i.ytimg.com/vi/n9xhJrPXop4/default.jpg,False,AU
rXRQyd6_5j4,Call of Duty¬Æ: Black Ops Cold War - Multiplayer Reveal Trailer,2020-09-09T17:05:28Z,UC9YydG57epLqxA9cTzZXSeQ,Call of Duty,20,20.10.09,call of duty|cod|activision|multiplayer|cold war|black ops|video game|video games|gamer|gamers|gaming|reveal|event,1600431,117261,5190,11176,https://i.ytimg.com/vi/rXRQyd6_5j4/default.jpg,False,AU
CQta9Hq28rI,"Minecraft, But Im Not Colorblind Anymore...",2020-09-09T08:51:13Z,UCA2tt9GSU2sl8rAqjlLR3mQ,GeorgeNotFound,20,20.10.09,minecraft|challenge|Minecraft but|Minecraft But Im Not Colorblind Anymore|Minecraft Speedrunner VS Hunter|speed runner|Minecraft speed runner|minecraft hunter|minecraft mutant|Minecraft Speedrunner VS Assassin|Beating Minecraft but my friend tries to stop me|Dream Minecraft|George Minecraft youtube|minecraft challenge|minecraft server|minecraft survival|minecraft 1.14 survival|minecraft 1.15 survival|georgenotfound colorblind|colorblind glasses,6520154,741892,5629,73447,https://i.ytimg.com/vi/CQta9Hq28rI/default.jpg,False,AU
qti52FCZv7A,The Servo Guy,2020-09-06T07:58:07Z,UCQr98dS-5M_1xILTm4HAk-A,superwog1,23,20.10.09,[none],1003086,112964,1398,6989,https://i.ytimg.com/vi/qti52FCZv7A/default.jpg,False,AU
Jvcv8trEuao,"Jawsh 685, Jason Derulo - Savage Love (Laxed - Siren Beat) (Official Video)",2020-09-08T20:01:02Z,UC3rSU_enoFy28wQ5j0I9Vzw,Jawsh685VEVO,10,20.10.09,If I woke up without ya|I dont know what‚ÄÖI‚ÄÖwould do|Thought I‚ÄÖcould be single forever til I‚ÄÖmet you|Usually dont be fallin|be fallin|fallin fast|You got a way of keepin me comin back|I just found out the only reason that you lovin me|the only reason that you lovin me|Was to get back at your ex lover but before you leave|Usually I would never|would never even care|Baby I know she creepin|I feel it in the air|Every|night|and,327989,19634,481,1583,https://i.ytimg.com/vi/Jvcv8trEuao/default.jpg,False,AU
O7SVmwNta_s,Novak Djokovic out of US Open after hitting judge with tennis ball | 2020 US Open Highlights,2020-09-06T23:24:29Z,UCiWLfSweyRNmLpgEHekhoAg,ESPN,17,20.10.09,espn|#espn|us open|djokovic|novak djokovic|novak djokovic line judge|novak djokovic us open|2020 us open|pablo carreno busta|carreno busta|djokovic 2020|djokovic tennis|2020 us open highlights|us open highlights|djokovic highlights|tennis|espn tennis|espn us open|tennis highlights|tennis 2020|must see sports|sports|djokovic defaulted|djokovic defaulted full video|djokovic us open|djokovic 2020 us open|djokovic vs carreno busta|novak default|#tennis,1779248,5985,6648,7384,https://i.ytimg.com/vi/O7SVmwNta_s/default.jpg,False,AU
21bXuNkxEYo,SURPRISING SIMON WITH 24 PRESENTS IN 24 HOURS!,2020-09-08T20:12:01Z,UCfNWN9s_s8kRTCadk04WWJA,TBJZL,20,20.10.09,TOBJIZZLE|Tobi|Jizzle|Tobjizzle|Tobijizzle|tbjzl|Toby|editingaming|xbox 360,1537111,203595,738,3046,https://i.ytimg.com/vi/21bXuNkxEYo/default.jpg,False,AU
YVyHZ072wwY,NTER - SILVERSPOONS ft. Isaac Puerile,2020-09-09T08:00:06Z,UCe0ldABs4QsKVptCdSQp8SA,Nter One,10,20.10.09,NTER|Isaac puerile|aus rap|aussie rap|Australian rap|silver spoons|silverspoons|NTER silver spoons|nter silverspoons|NTER msfts|trap runners|nter one|Isaac puerile 2012|huskii|skem|deep aus rap|Dellis K|onefour|cellyonefour|my city cellyonefour|silverspoons ep nter|raised by the gutter|Sydney rap|dark aus rap|enter aus rap|Isaac purile,20819,2439,13,259,https://i.ytimg.com/vi/YVyHZ072wwY/default.jpg,False,AU
yYIdRjv94uE,Behind the Scenes of My Sailor Photoshoot,2020-09-08T21:16:38Z,UCWkYXtnAuu7VTLPwUcRSB6A,Kylie Jenner,22,20.10.09,Kylie Cosmetics|Kylie Jenner|Makeup|BTS|Behind the Scenes,1963799,0,0,5831,https://i.ytimg.com/vi/yYIdRjv94uE/default.jpg,True,AU
RXpGypeg1HU,"Polo G, Jack Harlow and Lil Keeds 2020 XXL Freshman Cypher",2020-09-08T16:00:05Z,UCbg_UMjlHJg_19SZckaKajg,XXL,10,20.10.09,cypher|cyphers|hip-hop|rap|rapper|polo g|lil keed|jack harlow|xxl freshman|xxl freshmen|2020 xxl freshman|2020 xxl freshmen|hip-hop cypher|hip-hop cyphers|polo g lil keed jack harlow cypher|polo g cypher|jack harlow cypher|lil keed cypher|xxl freshman cypher|2020 xxl freshman cypher,2747237,182241,5849,28930,https://i.ytimg.com/vi/RXpGypeg1HU/default.jpg,False,AU
3CxtK7-XtE0,DJ Khaled ft. Drake - POPSTAR (Official Music Video - Starring Justin Bieber),2020-09-04T04:15:41Z,UCrFB54bqp8sda4udJyNswlA,DJKhaledVEVO,10,20.10.09,Father Of Ashad|Ashad|Im the One|No Brainer|grateful|major key|drake|new khaled|khaled and drake|popstar|greece|we the best|epic|epic records|new music|DJ Khaled|Epic/We The Best|Hip Hop|POPSTAR,34531217,1878320,87271,107610,https://i.ytimg.com/vi/3CxtK7-XtE0/default.jpg,False,AU
XRuu2-VIw5o,Tennis star Novak Djokovic abruptly disqualified from US Open l GMA,2020-09-07T14:36:28Z,UCH1oRy1dINbMVp3UFWrKP0w,Good Morning America,24,20.10.09,tennis|star|Novak|Djokovic|disqualified|from|US|Open|men‚Äôs|player|ball|hits|judge|in|the|throat|sports|GMA|p_cmsid=2494279|p_vid=news-72859179,1254170,4593,2497,4158,https://i.ytimg.com/vi/XRuu2-VIw5o/default.jpg,False,AU
uDMWRRAEogs,Hyrule Warriors: Age of Calamity - Announcement Trailer - Nintendo Switch,2020-09-08T14:15:07Z,UCGIY_O-8vW4rfX98KlMkvRg,Nintendo,20,20.10.09,nintendo|play|play nintendo|game|gameplay|fun|video game|kids|action|adventure|rpg|Hyrule Warriors|Zelda|Musou|Breath of the Wild|Nintendo Switch|Age of Calamity|Link|Daruk|Mipha|Revali|Urbosa,2239409,157209,2044,17578,https://i.ytimg.com/vi/uDMWRRAEogs/default.jpg,False,AU
KHLfCFMKxPg,Xbox Series S - World Premiere Reveal Trailer,2020-09-08T16:34:36Z,UCjBp_7RuDBUYbd1LegWEJ8g,Xbox,20,20.10.09,Xbox|xbox 360|Xbox One|Xbox Series X|Xbox Series S|Series S|Series X|Xbox next-gen|Xbox console|Xbox gaming|Xbox next-gen console|Xbox Series X games|Xbox Games Studios|Xbox Series S games|Xbox Series S games trailer|Xbox Game Pass|Halo Infinite|Destiny 2 Beyond Light|Cyberpunk 2077|Asassins Creed Valhalla|Lego Star Wars|official trailer|world premiere|reveal|new xbox,2891160,139860,6905,13375,https://i.ytimg.com/vi/KHLfCFMKxPg/default.jpg,False,AU
L_ULVsHMzvg,New house tour and meet my roommate | VLOG,2020-09-06T20:14:43Z,UCPG6A5tNaPfv2SRNW2beq5Q,Shani Grimmond,26,20.10.09,[none],215376,7240,155,483,https://i.ytimg.com/vi/L_ULVsHMzvg/default.jpg,False,AU
58XEfDtU0Z4,I Tried Acrylic Pour Art For The First Time,2020-09-06T01:53:34Z,UCbAwSkqJ1W_Eg7wr3cp5BUA,Safiya Nygaard,22,20.10.09,I tried acrylic pour art for the first time|acrylic pour art|acrylic fluid art|I tried acrylic pour art|I tried acrylic fluid art|tiktus|tiktus color art|acrylic paint|acrylic|paint pouring|acrylic paint pouring|Safiya art|Safiya paint|Safiya and Tyler|Safiya Nygaard|safia|Safiya|oddly satisfying|visual asmr|art|paint|swirl technique with 5 colors,4005634,315457,3189,25672,https://i.ytimg.com/vi/58XEfDtU0Z4/default.jpg,False,AU
SlNCdMVzHEE,Landcruiser 4x4 Mud Run - FJ45 VS LC79,2020-09-08T06:15:01Z,UCYKEOhqqsuj5q0_zDORv2Yw,Patriot Games,2,20.10.09,landcruiser|fj45 cruiser|land cruiser|4x4|toyota land cruiser|toyota|patriot games|lc79|79 series landcruiser|4wd|mud|offroad|4wd action|off road|queensland|australia|toyota landcruiser|instagram|Gordon Country|gordon country 4wd|camping|landcruiser battle|patriot campers|overlanding|45 series landcruiser,66766,2089,27,278,https://i.ytimg.com/vi/SlNCdMVzHEE/default.jpg,False,AU
GUJqRkBEEY4,Get Glam With SELENA GOMEZ & Me! | NikkieTutorials,2020-09-06T16:59:59Z,UCzTKskwIc_-a0cGvCXA848Q,NikkieTutorials,26,20.10.09,selena gomez|selena gomez makeup|selena|gomez|selena gomez rare|rare|rare beauty|selena gomez makeup routine|vogue|blackpink|ice cream|selena gomez makeup tutorial|get ready with me|get ready with me selena gomez|nikkietutorials|nikkie tutorials|nikkitutorials|nikki tutorials|nikkietutorials selena|nikkietutorials selena gomez|drama|review|rare beauty review|honest|selenator|boyfriend|ex|justin bieber|james charles|jeffree star|music video,6233423,402055,4890,19091,https://i.ytimg.com/vi/GUJqRkBEEY4/default.jpg,False,AU
RUSnENNpIYA,BLAKE GRAY MEETS MY MOM *vlog* | Amelie Zilber,2020-09-08T18:00:08Z,UCYAXc8-3YZbau9vC7EyygqQ,Amelie,22,20.10.09,Amelie zilber|blake gray|tiktok|sway house|hype house|beach day|beach vlog|vlog|boyfriend|crush|avani gregg|josh richards|bryce hall|mcondalds|makeup|cute|charli damelio|dixie damelio|noah beck|malibu|weekend vlog|date,1017978,92376,872,3213,https://i.ytimg.com/vi/RUSnENNpIYA/default.jpg,False,AU
Dw3PlTbqC2A,"I Won 1,000,000 Subscribers From A MrBeast Challenge",2020-09-05T20:00:54Z,UCePxRBreVaMy_ontn4Vz2Yg,Zealous,24,20.10.09,Matthew Doyon|Zealous|MoreJStu Matthew|MoreJStu Matt|Zelus|Zelous|Matt Doyon|mrbeast|Mrbeast challenge|Mr Beast|Mr Beast Challenge|challenge|one million subs|one million subscribers|Subscribers,5996184,334558,10438,52388,https://i.ytimg.com/vi/Dw3PlTbqC2A/default.jpg,False,AU
TB5yhZdF8SI,2020 Italian Grand Prix: Race Highlights,2020-09-06T17:18:52Z,UCB_qr75-ydFVKSF9Dmo6izg,FORMULA 1,17,20.10.09,F1|Formula One|Formula 1|Sports|Sport|Action|GP|Grand Prix|Auto Racing|Motor Racing|Lewis Hamilton|Pierre Gasly|Ferrari|Italy|Monza|F1 race|F1 2020 Race|AlphaTauri|Scuderia|Torro Rosso|Italian F1 team,4502841,121063,1609,12676,https://i.ytimg.com/vi/TB5yhZdF8SI/default.jpg,False,AU
ifm8tpcO4vw,Hyrule Warriors: Age of Calamity - A story 100 years before The Legend of Zelda: Breath of the Wild,2020-09-08T14:00:11Z,UCGIY_O-8vW4rfX98KlMkvRg,Nintendo,20,20.10.09,nintendo|play|play nintendo|game|gameplay|fun|video game|kids|action|adventure|rpg|Nintendo Switch|Hyrule Warriors|Age of Calamity|Breath of the Wild|The Legend of Zelda|Link|Zelda|Daruk|Mipha|Urbosa|Revali|Action|Musou,2788767,176610,2385,19546,https://i.ytimg.com/vi/ifm8tpcO4vw/default.jpg,False,AU
Bfwh_taxvVA,"NLE Choppa, Rod Wave, Lil Tjay and Chikas 2020 XXL Freshman Cypher",2020-09-09T16:01:39Z,UCbg_UMjlHJg_19SZckaKajg,XXL,10,20.10.09,cypher|cyphers|hip-hop|rap|rapper|xxl freshman|xxl freshmen|2020 xxl freshman|2020 xxl freshmen|hip-hop cypher|hip-hop cyphers|nle choppa|chika|lil tjay|rod wave|nle choppa cypher|lil tjay cypher|chika cypher|rod wave cypher|nle choppa rod wave lil tjay chika cypher|2020 xxl freshman cypher|xxl freshman cypher,1572528,150266,2304,25505,https://i.ytimg.com/vi/Bfwh_taxvVA/default.jpg,False,AU
8K0lnarZ0oQ,The Travis Scott Meal | McDonald‚Äôs,2020-09-08T16:45:11Z,UCRI5ZedBs0_BYY4PlxD6m7w,McDonalds,1,20.10.09,[none],1580281,52725,8704,0,https://i.ytimg.com/vi/8K0lnarZ0oQ/default.jpg,False,AU
2L6gsn7rGqI,GAME  (Full Video)  Shooter Kahlon | Sidhu Moose Wala | Hunny PK Films | Gold Media | 5911 Records,2020-09-03T02:30:13Z,UCV4iYJ7wTDWrRGbGZEvQsSg,5911 Records,10,20.10.09,sidhu moose wala|game official video|shooter kahlon|game|game sidhu moose wala|game song video|5911 records|5911 songs|music video|punjabi music|inspirational|motivational|new song|latest song|2020|punjabi songs,21408317,1156313,54659,3472380,https://i.ytimg.com/vi/2L6gsn7rGqI/default.jpg,False,AU
RBB9GSMkLHc,How To Win Rock Paper Scissors Every Time,2020-08-23T22:07:27Z,UC4-79UOlP48-QNGgCko5p2g,MrBeast Shorts,22,20.10.09,[none],1684201,81973,3210,18884,https://i.ytimg.com/vi/RBB9GSMkLHc/default.jpg,False,AU
SfpUM5Wrh2A,Ryan & Rick Moranis,2020-09-09T13:50:30Z,UCA3-nIYWu4PTWkb6NwhEpzg,Ryan Reynolds,22,20.10.09,[none],516301,22895,215,1662,https://i.ytimg.com/vi/SfpUM5Wrh2A/default.jpg,False,AU
RAoe0VtwB0o,Try Not To Laugh Challenge #53,2020-09-08T17:00:04Z,UCYJPby9DRCteedh5tfxVbrw,Smosh Pit,22,20.10.09,smosh|smosh pit|smosh games|funny|comedy|Try Not To Laugh Challenge #53|try not to laugh|smosh try not to laugh,1003287,57457,1352,3668,https://i.ytimg.com/vi/RAoe0VtwB0o/default.jpg,False,AU
4BlU2tYDUug,I Cant Believe He Actually Pulled This Off,2020-09-08T18:23:48Z,UC3L9XPe0_FGfRG-CMGtBvFg,JxmyHighroller,17,20.10.09,LeBron James|LA Lakers|House of Highlights|ESPN|NBA highlights|Zion Williamson|Giannis Antetokounmpo|Jimmy Highroller|Lamelo Ball|James Harden|Kobe Bryant|Stephen A Smith|NBA trash talk|Michael Jordan highlights|Wilt Chamberlain|NBA playoffs|Buzzer Beaters|Highest Vertical jump|Michael Jordan best plays|NBA returning|81 point game|Kobe Bryants best game|Jamal Murray|Donovan Mitchell|NBA Bubble|NBA Playoffs|Clippers|Kawhi Leonard,639798,34830,587,2368,https://i.ytimg.com/vi/4BlU2tYDUug/default.jpg,False,AU
cQl_2qmzzGw,"VLOG: gals weekend, raw mental health talk & apartment update",2020-09-09T08:00:13Z,UCkDAPmJfpVSORGHMWyJkz6A,Isabelle Clarke,22,20.10.09,Isabelle clarke|jai waetford|Isabelle and jai break up|Isabelle instagram|weekly vlog|Isabelle weekly vlog|hugo|boozy brunch|gals weekend|meshki|Isabelle Clarke workout|Isabelle|Hugo isabelle|anxiety|raw vlog|mental health|Madison woolley|lexie murray|Kaitlyn Rodriguez,20696,1557,4,77,https://i.ytimg.com/vi/cQl_2qmzzGw/default.jpg,False,AU
DZaRL5zGCTs,10 Funny Pranks + 24 Hour Prank Wars!!! How To Do Insane Pool Pranks VS The Best Candy Challenge,2020-09-06T17:10:07Z,UC7TTtOQKMXTWWMtWQMIgVSA,Collins Key,24,20.10.09,pranking|24 hours|24|hours|best|prank|target|prank wars|challenge|vs|how|to|how to|do|funny|pool|swimming pool|pranks|best pranks|how to prank|girl|girls|diy|easy|school|easy pranks|walmart|scare prank|coca cola|ball pit balls|amazon|unspeakable|try not to laugh|car pranks|mrbeast|the royalty family|preston|mrbeast gaming|vy qwaint|sssniperwolf|ben azelart|candy|10 Funny Pranks + 24 Hour Prank Wars!!! How To Do Insane Pool Pranks VS The Best Candy Challenge,1740529,62072,1381,3900,https://i.ytimg.com/vi/DZaRL5zGCTs/default.jpg,False,AU
yViVVRpZoEw,Broxh gets a visit from Auntie Jacinda Ardern,2020-09-07T08:36:14Z,UCKDnFdqw4bVYOQuqFQ3m-zg,Broxh,20,20.10.09,twitch|games,922696,58591,386,4418,https://i.ytimg.com/vi/yViVVRpZoEw/default.jpg,False,AU
bbA5p54Rw2M,Gorillaz - Strange Timez ft. Robert Smith (Episode Six),2020-09-09T16:15:11Z,UCfIXdjDQH9Fau7y99_Orpjw,Gorillaz,1,20.10.09,Gorillaz|gorillaz Strange Times|Strange Timez Gorillaz Robert Smith|Robert Smith|The Cure|song machine|song machine episode 6|gorillaz song machine|gorillaz new song|gorillaz 2020|gorillaz 2020 song|damon albarn|jamie hewlett|2d|noodle|russel|murdoc|alternative|episode 5|gorillaz new track|TDE|gorillaz featuring|gorillaz feat|song machine #6,732602,105347,2085,7981,https://i.ytimg.com/vi/bbA5p54Rw2M/default.jpg,False,AU
iAq1unn0lYM,"2020 Hilux Review, 600km in",2020-09-09T08:00:05Z,UChz00vupzP_mNPIYD8GSmBw,Ronny Dahl,19,20.10.09,Off-road|tracks|4wheeling|adventure|4x4-off-road|new hilux 2021|new hilux 2020|new hilux revo 2021|new hilux revo 2020|new hilux off road|new hilux release|new hilux review|new hilux 2021 release|hilix 2021 off-road|toyota hilux off road|toyota hilux 2020 review|I‚Äôve Bought a NEW Toyota 2021 HILUX SR5|I‚Äôve Bought a NEW Toyota|2021 HILUX SR5|2021 toyota hilux offroad|new hilux|toyota hilux|toyota hilux reveal|ive bought a new 4wd|2021 facelift hilux|hilux,59152,2391,44,391,https://i.ytimg.com/vi/iAq1unn0lYM/default.jpg,False,AU
8q5wNwyx5ek,Auntie Hersha Reacts to Uncle Roger ROASTING Jamie Oliver,2020-09-06T13:30:00Z,UC00IKbzqr7BnyKZLq_XmUDA,Hersha Patel,26,20.10.09,comedy|youtube comedy channel|actor|Hersha Patel|rice|uncle Roger|jamie oliver|jamie|nigelng|egg fried rice|reaction video|comedy video|funny video,988529,72333,1349,4773,https://i.ytimg.com/vi/8q5wNwyx5ek/default.jpg,False,AU
cqidD7kVnxY,Worlds Fastest Pitch - Supersonic Baseball Cannon - Smarter Every Day 242,2020-09-06T15:38:12Z,UC6107grRI4m0o2-emgoDnAA,SmarterEveryDay,28,20.10.09,Smarter|Every|Day|Science|Physics|Destin|Sandlin|Education|Math|Smarter Every Day|experiment|nature|demonstration|slow|motion|slow motion|education|math|science|science education|what is science|Physics of|projects|experiments|baseball|fastball|supersonic|aerodynamics|fastest pitch|cricket|science project|worlds fastest pitch|cnc|machining|welding|vacuum cannon|worlds fastest|fastest baseball,3188485,184780,1729,14050,https://i.ytimg.com/vi/cqidD7kVnxY/default.jpg,False,AU
WA3cZCryHvM,GIANT MUD CRABS! - Australian Catch and Cook Adventure! | Sick Puppy 4x4,2020-09-07T08:48:06Z,UCKSKD6XxpsRE1IwSyGC8bKQ,Sick Puppy 4x4 Adventures,22,20.10.09,mud crab|catch and cook|adventure|australia|camping|overland|fishing|offgrid|queensland|hunting|travel australia|4x4,38929,1914,26,158,https://i.ytimg.com/vi/WA3cZCryHvM/default.jpg,False,AU
4SFpbl-IHHk,I DRY AGED Steaks in VEGEMITE and this happened!,2020-09-09T13:15:01Z,UCfE5Cz44GlZVyoaYTHJbuZw,Guga Foods,24,20.10.09,dry age|experiment|steak|steaks|grill|grilling|vegemite|how to dry age|cooking steak|grilling steaks|best steaks|best steak|dry age steak,288594,14150,187,2336,https://i.ytimg.com/vi/4SFpbl-IHHk/default.jpg,False,AU
m46raS78d28,GIANT SQUID FISHING! Catch n Cook (Shorehawk Giveaway),2020-09-07T23:09:10Z,UCmiSIMW0lgfcMMcKvYOdklQ,Nick Fry,22,20.10.09,squid|fishing|catch n cook|catch|own|food|survival|boat|ocean|island|cooking|recipe|kitchen|wahoo|giant|huge|calamari|beer|brooke|she|her|remote|australia|creek|lemon|giveaway|shorehawk|mudcrab,134279,9503,108,724,https://i.ytimg.com/vi/m46raS78d28/default.jpg,False,AU
qkS5fnZwuUk,Roberta Battaglia Sings an AMAZING Rendition of What About Us by P!nk - Americas Got Talent 2020,2020-09-09T02:34:54Z,UCT2X19JJaJGUN7mrYuImANQ,Americas Got Talent,24,20.10.09,TV Series|Hilarious Music Songs|Simon Cowell|Howie Mandel|Terry Crews|Americas Got Talent|Americas Got Talent Best|AGT|AGT Best Auditions|Americas Got Talent 2020|Heidi Klum|Sofia Vergara|AGT 15|Americas Got Talent Season 15|New AGT|Funny Videos|Live Shows|Full Performance|AGT Full|AGT Live Shows|americas got talent|What About Us|by|P!nk|Roberta Battaglia|What About Us|Pink|Pink Cover|What About Us Cover|Semifinals|Semis|Semi Finals,371481,5794,338,1352,https://i.ytimg.com/vi/qkS5fnZwuUk/default.jpg,False,AU
X_RZ5z01Fls,BALLOON POPPING from Level 1 to Level 100,2020-09-09T00:17:45Z,UCSlyP9TyhaqjucGL5sdpQGg,Thats Amazing,24,20.10.09,trick shots|balloon pop|level 1 - 100|balloon popping trick shots|trick shots from level 1 to level 100|balloon pops 1-100|trickshots|thats amazing|thats amazing|dude perfect|amazing|ping pong|paper airplane|lvl 1-100|thats amazing trick shots|dart trick shots,513777,36302,601,0,https://i.ytimg.com/vi/X_RZ5z01Fls/default.jpg,False,AU
HivdO252eDc,Microsoft Officially Unveils Xbox Series S And Pricing For Both Consoles,2020-09-08T18:18:13Z,UC__Oy3QdB3d9_FHO_XG1PZg,ReviewTechUSA,20,20.10.09,reviewtechusa|review tech usa|Gaming News|Tech News|Gaming|Technology|xbox series s|xbox series x|xbox series x reveal|xbox series x games|xbox news|xbox series s price|series x|xbox series x specs|xbox series x news|xbox lockhart|xbox series x trailer official|xbox series x price and release date|xbox series s price and release date|xbox series x news and updates|xbox series x news and rumors|xbox series s specs leak|xbox series s vs xbox series x,240217,14058,701,3910,https://i.ytimg.com/vi/HivdO252eDc/default.jpg,False,AU
_Qi_sI9CeNQ,We Were ALL Lied To - Daisy Ridley Confirms it,2020-09-09T13:31:09Z,UC8CbFnDTYkiVweaz8y9wd_Q,Star Wars Theory,24,20.10.09,star wars expalined|star wars theory|star wars|daisy ridley|the last jedi|rise of skywalker|rey vs papatine|palpatine vs yoda|palpatine vs jedi|mace vs palpatine|anakin vs dooku|anakin vs obi wan|vader vs luke|john boyega|disney star wars|jj abrams|kathleen kennedy|rian johnson|the last jedi yoda,453540,50324,1015,12647,https://i.ytimg.com/vi/_Qi_sI9CeNQ/default.jpg,False,AU
YErG2iYCvlI,Highlights: Soccer Aid 2020 | England v World XI | ITV Sport,2020-09-06T23:04:51Z,UCBzDz6beXDfMtfxQdEutD_w,ITV Sport,17,20.10.09,Jose Mourinho|Olly Murs|Soccer Aid|Kem Cetinay|Love Island|Old Trafford|Kasabian|Serge Pizzorno|David Seaman|Ben Shephard|Blake Harrison|Inbetweeners|Eric Cantona|Unicef|Charity|Lee Mack|Mark Wright|Chunkz|Yung Filly|Penalties|Jeremy Lynch|Wayne Rooney,523559,0,0,1123,https://i.ytimg.com/vi/YErG2iYCvlI/default.jpg,True,AU
N9df606AJ6o,A Bad Lip Reading | NFL Kickoff 2020,2020-09-08T23:00:02Z,UCDVYQ4Zhbm3S2dlz7P1GBDg,NFL,17,20.10.09,NFL|Football|American Football|sport|sports|A Bad Lip Reading|bad lip reading|nfl bad lip reading 2020|nfl bad lip reading|bad lip reading nfl|nfl 2020|nfl 2020 season|nfl kickoff|nfl 2020 kickoff|kickoff|lip reading,302977,13231,406,806,https://i.ytimg.com/vi/N9df606AJ6o/default.jpg,False,AU
eeBSJZKGckQ,We Are Expecting...üë∂,2020-09-06T19:45:18Z,UC_k0qgMNIW2VmTQKjFsbXDw,FlightReacts,24,20.10.09,Reactions|Family|vlog|life|NBA|sports|Friends|fashion|friendly|nice,3056095,246773,4024,49986,https://i.ytimg.com/vi/eeBSJZKGckQ/default.jpg,False,AU
tEMp4PhbTKM,THE BEST DAY OF MY LIFE,2020-09-07T20:45:11Z,UCq3xWfTdDRjgyd7_WOK94Fg,Yung Filly,24,20.10.09,Soccer aid 2020|Soccer aid|filly goal|filly soccer aid|filly chunkz|chunkz|yung filly,582944,48859,211,1274,https://i.ytimg.com/vi/tEMp4PhbTKM/default.jpg,False,AU
pfxQkhIVquY,BEST HOME SHIRT IN THE PREMIER LEAGUE?,2020-09-08T19:07:50Z,UCWkr08nsQ9GuFvHgQYafi_w,Spencer FC,17,20.10.09,football kits|premier league kits|premier league jersey|best premier league kits|best football kits|best soccer kits|best soccer jersey|arsenal football kit|football shirt|spencer fc|wembley cup|seb on golf,215915,11831,385,1078,https://i.ytimg.com/vi/pfxQkhIVquY/default.jpg,False,AU
JbBUlojyvhs,I Opened A FAKE McDonalds,2020-09-04T19:00:55Z,UCdcUmdOxMrhRjKMw-BX19AA,Niko Omilana,24,20.10.09,Mcdonalds|fake mcdonalds|fake employee prank|fake mcdonalds employee prank|prank|i opened a fake mcdonalds|niko omilana|niko|NDL|mcdonalds drive thru|making my own mcdonalds,4049422,614842,3525,18453,https://i.ytimg.com/vi/JbBUlojyvhs/default.jpg,False,AU
vHRL47spxT4,Android 11 review: the most important settings,2020-09-08T17:00:08Z,UCddiUEpeqJcYeBxX1IVBKvQ,The Verge,28,20.10.09,android 11|android 11 review|android review|android|review|hands on|android 11 beta|google android|android os|software|software update|new android|google|google pixel|android settings|settings|new updates|new settings|pixel phones|pixel 5|google pixel 5|phones|new pixel|new pixel phone|bubbles|location permissions|power button|google home|pixel buds|os|dieter bohn|verge review|android 12|technology|tech|apple|samsung|verge|the verge,437129,15156,812,1112,https://i.ytimg.com/vi/vHRL47spxT4/default.jpg,False,AU
EXqsg0rZ0z0,BOYS VS. GIRLS PERIOD PAIN SIMULATOR!!,2020-09-07T18:52:42Z,UCbp9MyKCTEww4CxEzc_Tp0Q,Stokes Twins,22,20.10.09,boys try period pain simulator|guys try period pain simulator|boys vs girls period pain simulator|period pain simulator|pain simulator|boys vs girls challenge|boys vs girls|stokes twins|lexi rivera|sofie dossi|brent rivera|ben azelart|pierson|lexi hensler|jeremy hutchins|andrew davila|twins,1124666,98102,947,23008,https://i.ytimg.com/vi/EXqsg0rZ0z0/default.jpg,False,AU
tIRx0CzX-DQ,WHY SML GOT SWATTED!!! (Official Video),2020-09-08T20:52:21Z,UCJibHQKGbAb3PT6aCctYg2w,Lance Thirtyacre,23,20.10.09,tiktok|funny videos|viral tiktok|jason|derulo|SML|SML and Jason derulo|jeffy|sml jeffy|mario|funny|hilarious|silly|SBL|SLL|lance|thirtyacre|SML Logan|lance thirtyacre|funny voices|BTS|behind the scenes|SML behind the scenes|SML BTS|prank|funny pranks|SML jeffy|trending|trendy|sml video|SML movie|vlog|best friends|funny vlog|puppets|funny puppets|sml videos|SML drama|SML swatted|SWAT|swatted,1613201,66180,1515,12856,https://i.ytimg.com/vi/tIRx0CzX-DQ/default.jpg,False,AU
eezXnI-KQuo,Were MOVING! Lets pack and FINALLY get into the new house!,2020-09-08T02:29:54Z,UCAHufvd02viJSRdt3ojdPOg,Sarahs Day,22,20.10.09,moving|packing|speed cleaning|declutter|wardrobe|organising|organised|renovation|reno series|life update|daily vlog|day in the life|healthy life|couple goals|family vlog|vlog|my life|lifestyle|australia|house tour|home tour|dream home|white home|cute,403967,28282,109,1016,https://i.ytimg.com/vi/eezXnI-KQuo/default.jpg,False,AU
ZJkbH4H5yv8,HIGHLIGHTS: France v Croatia | UEFA Nations League,2020-09-08T22:56:03Z,UC0jPwNs4B7yJySNewHan5hQ,Optus Sport,17,20.10.09,how to watch|where can I watch|optus sport|australia|highlights|premier|league|goal|review|premier league highlights|goals|champions league highlights|europa league highlights|soccer|football|premier league|epl|ucl|uel|france|croatia|nations league,62518,947,17,207,https://i.ytimg.com/vi/ZJkbH4H5yv8/default.jpg,False,AU
oyPm5YYyl9k,Coronavirus: Violence erupts between anti-lockdown protesters and police | 9News Australia,2020-09-05T10:08:35Z,UCIYLOcEUX6TbBo7HQVF2PKA,9 News Australia,25,20.10.09,Nine News Australia|Channel 9|Nine news|channel 9 news|Australia News|Australian News|Sydney News|Melbourne News|Latest news Australia|coronavirus|coronavirus australia|coronavirus victoria|covid 19|covid 19 australia|covid victoria|woman arrested for organising protest|ballarat protest arrest|meadow heights protest|roxburgh park protest|zoe buhler|anti lockdown protest|james bartolo|protest melbourne|lockdown protest melbourne|broadmeadows protest,254922,2194,1920,0,https://i.ytimg.com/vi/oyPm5YYyl9k/default.jpg,False,AU
-PLHPmlRcmw,"Armed militia, Black Lives Matter protesters collide in Louisville marches",2020-09-05T22:06:21Z,UCPhVqO6gISmStEikSvmvYyA,Lexington Herald Leader,25,20.10.09,local|Protest|American Patriots|Black Lives Matter|Louisville|Kentucky|Downtown|Breonna Taylor|Milita,1495470,19458,2011,15976,https://i.ytimg.com/vi/-PLHPmlRcmw/default.jpg,False,AU
kvC4iKq5jHU,I Taught @Dixie DAmelio and @Addison Rae How To Box | Ryan Garcia Vlogs,2020-09-05T17:30:01Z,UCaVIKOexO3N_6Sdl-Zug0Kg,Ryan Garcia,17,20.10.09,Ryan Garcia|Boxing|Ryan Garcia boxing|DAZN|golden boy productions|ryan garcia highlights|fights|ryan garcia fight|boxing highlights|boxing vlog|ryan garcia vlog|boxing recap|ryan garcia knockout|boxing knokout|garcia|ryan garcia training|knockout|training|fight|ryan garcia youtube|vlog|boxing|dixie damelio|addison rae|dixie damelio and addison rae|dixie damelio and addison rae fighting|dixie and addison boxing|ryan garcia addison rae|ryan garcia dixie,2315709,82158,2110,4479,https://i.ytimg.com/vi/kvC4iKq5jHU/default.jpg,False,AU
1lC0r9Da8DY,THE WORST DAY OF MY LIFE,2020-09-07T20:11:57Z,UCv-GNHtqM97EaU_i7gN_Ikw,Chunkz,24,20.10.09,Chunkz Entertainment|comedy|family friendly|Funny Challenges Fun,975085,92581,819,4308,https://i.ytimg.com/vi/1lC0r9Da8DY/default.jpg,False,AU
ghPAiL5Pfl8,ROPS ft CRZYCAM - NO PRESSURE (Official Music Video),2020-09-04T07:00:12Z,UC7bNdNvkdW5k2uFG_CxiszA,ONELOVE CREATIONS,10,20.10.09,[none],96048,4039,149,324,https://i.ytimg.com/vi/ghPAiL5Pfl8/default.jpg,False,AU
_hyPif9yhX0,Flash VS Sonic (Wally West VS Archie Sonic) | DEATH BATTLE!,2020-09-07T17:00:09Z,UCB9_VH_CNbbH4GfKu8qh63w,DEATH BATTLE!,24,20.10.09,DEATH BATTLE|Rooster Teeth|RT|DBX|DEATH BATTLE Cast|screwattack|deathbattle|dc|dc comics|flash|sonic|archie sonic|sonic the hedgehog|archie comics|super sonic|ultra sonic|chaos emerald|SatAM|wally west|justice league|jlu|sega|ben singer|chad james|animation|fight animation|battle animation|sprite animation|sprite fight|animated battle|animated fight|barry|barry and iris|barry allen|grant gustin|sally acorn|sonic satam|Archie comics|Archie|tails,1525860,68407,8302,27152,https://i.ytimg.com/vi/_hyPif9yhX0/default.jpg,False,AU
C19IgOGkYGs,DMing Celebrities To Pick My Makeup!,2020-09-08T19:00:22Z,UCucot-Zp428OwkyRm2I7v2Q,James Charles,24,20.10.09,james|james charles|makeup artist|mua|covergirl|coverboy|cute|easy makeup|how-to|reviews|tutorials|funny videos|beauty tips|hacks|beauty|sister|morphe|james charles x morphe|beauty hacks|makeup 2020|prom makeup|how to apply makeup for beginners|tik tok makeup|tik tok beauty hacks|DMing celebrities to pick my makeup|celebrities|miley cyrus|selena gomez|rare beauty|cardi b|gigi hadid|review|pick my makeup|wap|megan the stallion|rita ora|karol g|rosalia,5643657,406957,5520,28638,https://i.ytimg.com/vi/C19IgOGkYGs/default.jpg,False,AU
ME7qwm7oerQ,"Brawl Stars: Brawl Talk - Welcome to Starr Park! Gift Shop, Colette & More!",2020-09-07T08:00:10Z,UCooVYzDxdwTtGYAkcPmOgOw,Brawl Stars,20,20.10.09,brawl stars|mobile game|mobile strategy game|mobile battle royale|battle royale|supercell game|starrpark|starr|park|gift shop|colette|new brawler|brawl talk|brawler|skins,19836285,775668,25470,74657,https://i.ytimg.com/vi/ME7qwm7oerQ/default.jpg,False,AU
-qErsAzvPMo,The Great Eboys Bake Off,2020-09-05T20:03:56Z,UCSShJvAVgrk2cctuC0_zrLQ,Eboys,22,20.10.09,the great eboys bake off|eboys bake off|eboys baking|bake off|baking|james marriott|imallexx|willne|memeulous|baking with james|baking with the eboys,1004091,94853,906,5659,https://i.ytimg.com/vi/-qErsAzvPMo/default.jpg,False,AU
yHt8uUZ6GLk,NEVER TOO SMALL ep 42 50sqm/538sqft Small Apartment - Compartment No.3,2020-09-08T09:00:17Z,UC_zQ777U6YTyatP3P1wi3xw,NEVER TOO SMALL,26,20.10.09,Micro apartment|interior|design|architecture|architect|centre|heritage listed|studio|smart|kitchen|joinery|building|city|urban|planning|footprint|small|sustainable|art|miniature|window|blind|property|real estate|multi|flat|apartment|home|tiny|australia|melbourne|art deco|clever|storage|sydney|sunroom|bedroom|dark|brass|ikea|sofa|low sofa|terrazzo tiles|pink|high ceiling|glass|shower|bathtub|small bathtub|dog|dachshunds|low dining chair|small furniture|laundry|small laundry,178018,11476,196,429,https://i.ytimg.com/vi/yHt8uUZ6GLk/default.jpg,False,AU
Oh1fNVJYhHY,[TEASER] ÎßàÎßàÎ¨¥(MAMAMOO) - WANNA BE MYSELF,2020-09-08T15:00:29Z,UCuhAUMLzJxlP1W7mEk0_6lA,MAMAMOO,10,20.10.09,MAMAMOO|ÎßàÎßàÎ¨¥|WANNA BE MYSELF|ÎßàÎßàÎ¨¥ WANNA BE MYSELF|ÏïàÎã§Î•¥|ÎßàÎßàÎ¨¥ ÏïàÎã§Î•¥|andar|MAMAMOO andar|WANNA BE MYSELF TEASER|WANNA BE MYSELF Ìã∞Ï†Ä|ÎßàÎßàÎ¨¥ Ìã∞Ï†Ä,2439605,409631,2524,22356,https://i.ytimg.com/vi/Oh1fNVJYhHY/default.jpg,False,AU
vPKuOy7yO0s,grateful to be alive..,2020-09-07T16:01:33Z,UCvK4bOhULCpmLabd2pDMtnA,Yes Theory,24,20.10.09,yestheory|seek discomfort,1347944,122636,1606,6495,https://i.ytimg.com/vi/vPKuOy7yO0s/default.jpg,False,AU
VpsyQJcG7QU,when you cut the earth completely in half,2020-09-07T22:41:07Z,UCzEy7pi3B7TIS9cn_sdKK9A,GrayStillPlays,20,20.10.09,graystillplays|gray still plays|universe sandbox|universe sandbox 2 gameplay|universe sandbox 2 gameplay pc|universe sandbox 2 update|ways the world could end|greystillplays|universe sandbox 2|black holes|dime sized black hole|dime sized black holes|black hole vs earth|smallest black hole|smallest black hole ever|smallest black hole possible|simulation games|god games|black hole on earth|1mm black hole|1mm black hole on earth|when you cut the earth in half,1357535,50541,956,5179,https://i.ytimg.com/vi/VpsyQJcG7QU/default.jpg,False,AU
2b0VO865EvM,ADDING THE 2021 ROLLS ROYCE GHOST TO MY COLLECTION! || Manny Khoshbin,2020-09-07T23:10:46Z,UCJmo2vO5Fsj8xKGcoCmBJvg,Manny Khoshbin,2,20.10.09,Manny Khosbin|Hypercar|Success|Millionaire|Car Collector|automotive|luxury lifestyle|Manny Khoshbin Car Collection|Manny Khoshbin Garage|Manny Khoshbin Youtube|Manny Khoshbin All Cars|Super Car|Manny Khoshbin cars|Manny Khoshbin Collection|Manny Khoshbin full car collection|Manny Khoshbin new car|2021 Rolls Royce Ghost|New Rolls Royce|Manny Khoshbin Rolls Royce|Manny Khoshbin Ghost|2021 Rolls Royce Review|adding the 2021 rolls royce ghost to my collection,735986,32790,485,2328,https://i.ytimg.com/vi/2b0VO865EvM/default.jpg,False,AU
d9Zg_I5a96Y,Uncle Roger Show Auntie Hersha Chinatown (Part 1) - ft. @Hersha Patel,2020-09-06T14:00:08Z,UCVjlpEjEY9GpksqbEesJnNA,mrnigelng,23,20.10.09,uncle roger|nigel ng|mrnigelng|mr nigel ng|nigel ng uncle roger|hersha patel|uncle roger chinatown|uncle roger hersha patel|bbc food egg fried ricee|bbc food hersha patel|nigel ng hersha patel|hersha patel comedy,2111816,115192,1124,10996,https://i.ytimg.com/vi/d9Zg_I5a96Y/default.jpg,False,AU
rNz0KwpYvTg,First Impression on Rare Beauty by Selena Gomez || Nyma Tang,2020-09-08T00:57:39Z,UCroDJPcFCf6DBmHns6Xeb8g,Nyma Tang,26,20.10.09,Nyma Tang|the darkest shade|contour for dark skin|dark skin|darkest foundation|highlighting and contour for dark skin|nyma,874201,53369,1028,2554,https://i.ytimg.com/vi/rNz0KwpYvTg/default.jpg,False,AU
hFQL7BS6lrs,TAEMIN ÌÉúÎØº Criminal MV,2020-09-07T09:00:08Z,UCEf_Bc-KVd7onSeifS3py9g,SMTOWN,10,20.10.09,[none],4127313,610084,3520,49880,https://i.ytimg.com/vi/hFQL7BS6lrs/default.jpg,False,AU
heUZzYbTlBk,"Metallica: S&M2 Tuning Room (San Francisco, CA - September 6 & 8, 2019)",2020-09-08T18:09:47Z,UCbulh9WdLtEXiooRcYK7SWw,Metallica,10,20.10.09,metallica|metallica tour|metallica live|metallica concert|metallica in concert|metallica song|metallica city|metallica country,263525,15625,113,1372,https://i.ytimg.com/vi/heUZzYbTlBk/default.jpg,False,AU
ECjye4MhmPU,HIGHLIGHTS: Denmark v England | UEFA Nations League,2020-09-08T22:35:22Z,UC0jPwNs4B7yJySNewHan5hQ,Optus Sport,17,20.10.09,how to watch|where can I watch|optus sport|australia|highlights|premier|league|goal|review|premier league highlights|goals|champions league highlights|europa league highlights|soccer|football|premier league|epl|ucl|uel|denmark|england|harry kane,51216,642,15,117,https://i.ytimg.com/vi/ECjye4MhmPU/default.jpg,False,AU
LTYZNr1mF1M,INTRO - HUSKII,2020-09-03T10:00:13Z,UCGHkPGl9ItjEKWJTuCQOjDw,KING HUSKII,10,20.10.09,[none],127763,6411,190,504,https://i.ytimg.com/vi/LTYZNr1mF1M/default.jpg,False,AU
3Q0DnSXlsR4,The $300 Xbox Series S is Real.,2020-09-08T08:24:33Z,UCXGgrKt94gR6lmN4aN3mYTg,Austin Evans,28,20.10.09,xbox series s|xbox|xbox series x|series s|xbox series|new xbox|ps5|playstation 5|series s vs ps5|xbox series s vs ps5|xbox series s vs series x|series s vs series x|game console|microsoft|sony|vs|announcement|official|leak|the test drivers|test drivers|this is|austin evans,827397,40470,1250,7123,https://i.ytimg.com/vi/3Q0DnSXlsR4/default.jpg,False,AU
wbKklnImXog,RECOVERING FROM A MELTDOWN LOL,2020-09-06T22:46:33Z,UC78cxCAcp7JfQPgKxYdyGrg,emma chamberlain,24,20.10.09,emma chamberlain|emma chambie|vlog,3629077,307683,1816,16066,https://i.ytimg.com/vi/wbKklnImXog/default.jpg,False,AU
qJlMkMtK7-8,SZA - Hit Different (Official Video) ft. Ty Dolla $ign,2020-09-04T04:00:09Z,UCKzhoblE_rPZbHtQKPVUp2A,SZAVEVO,10,20.10.09,sza|ty dolla $ign|hit different|new sza|sxa 2020|sza is back|ctrl|rnb today|new rnb|rnb collabs|the neptunes|pharrell|chad hugo|iamother|broken clocks|supermodel|choreography|sza collabs|Hit Different|R&B|SZA feat. Ty Dolla $ign|Top Dawg Entertainment/RCA Records,6551590,365662,5791,23036,https://i.ytimg.com/vi/qJlMkMtK7-8/default.jpg,False,AU
j_USHuhOqyk,Disneys Live-Action Mulan Pitch Meeting,2020-09-06T19:15:03Z,UC2iUwfYi_1FCGGqhOUNx-iA,Screen Rant,24,20.10.09,Mulan|pitch meeting|disney|live-action|remake|disney princess|mushu|yifei liu|eddie murphy|li gong|witch|phoenix|jet li|emperor|bori khan|cricket|china|battle|warrior|donnie yen|martial arts|mulan 2020|disney+|disney plus|disney remake|walt disney movies|plot holes|super easy barely an inconvenience|ryan george|screen rant|screenrant,1037517,67951,871,6910,https://i.ytimg.com/vi/j_USHuhOqyk/default.jpg,False,AU
TbxcpFJHCpE,HIGHLIGHTS: Sweden v Portugal | UEFA Nations League,2020-09-08T22:51:42Z,UC0jPwNs4B7yJySNewHan5hQ,Optus Sport,17,20.10.09,how to watch|where can I watch|optus sport|australia|highlights|premier|league|goal|review|premier league highlights|goals|champions league highlights|europa league highlights|soccer|football|premier league|epl|ucl|uel|sweden|portugal|nations league,69040,1242,12,148,https://i.ytimg.com/vi/TbxcpFJHCpE/default.jpg,False,AU
ALy6e7GbDRQ,"1,204,986 Votes Decided: What Is The Best Thing?",2020-09-07T15:00:02Z,UCBa659QWEk1AI4Tg--mrJ2A,Tom Scott,27,20.10.09,tom scott|tomscott,865359,102274,1150,7702,https://i.ytimg.com/vi/ALy6e7GbDRQ/default.jpg,False,AU
cvCi3ApHvJo,HIGHLIGHTS: North v South (2020),2020-09-05T10:02:38Z,UCsAPiUMyBjtKamxYGbSUnLA,All Blacks,17,20.10.09,All Blacks|New Zealand Rugby|Rugby|Rugby Union,374443,5956,143,1172,https://i.ytimg.com/vi/cvCi3ApHvJo/default.jpg,False,AU
HpZ-Bm4a2YI,Round 2 l Game 2 Rockets vs Lakers,2020-09-07T03:43:27Z,UCVD7l69MVGFq_wzQvbk9HbQ,Houston Rockets,17,20.10.09,houston rockets|nba|national basketball association|basketball|basketball highlights|james harden|russell westbrook|brodie|beard|houston|rockets|sports|bball|westbrook|harden|hoops|isaiah hartenstein|tyson chandler|thabo sefolosha|eric gordon|danuel house|ben mclemore|chris clemons|flash gordon|splash gordon|htown|austin rivers|mike dantoni|tilman fertitta|nba highlights|houston sports|daryl morey,353877,2007,180,300,https://i.ytimg.com/vi/HpZ-Bm4a2YI/default.jpg,False,AU
aVyx51a1yCI,"Final iPhone 12 Pro Max Leaks, 12S, AirPods 3, AirTags & iOS 14 Beta 7!",2020-09-06T05:16:01Z,UCj34AOIMl_k1fF7hcBkD_dw,EverythingApplePro,28,20.10.09,iphone 12|iphone 12 pro max|iphone 12 pro|iphone 12 leaks|iphone 12 pro leaks|apple leaks|apple news|iphone 12 price|ios 13.7|ios 14 beta 7|ios 14|ios 14 beta 7 review|everythingapplepro|phone rebel case|airpods 3|airpods pro 2|ipad air 4|airpods studio|airtags|apple watch series 6|apple watch 6|ipad air 2020|zte|apple iphone 12,1834544,48028,1693,4390,https://i.ytimg.com/vi/aVyx51a1yCI/default.jpg,False,AU
Ngy9TIbREJE,I cant believe how much I paid for this...,2020-09-06T17:00:03Z,UCXuqSBlHAE6Xw-yeJA0Tunw,Linus Tech Tips,28,20.10.09,Ostendo|ultra wide|curved|monitor|display|alienware|NEC|2008|world first|gaming|pc|43|crvd|wan|samsung,2778537,151981,2415,8547,https://i.ytimg.com/vi/Ngy9TIbREJE/default.jpg,False,AU
sZbaKxrwtZY,Can You Find Him in This Video? ‚Ä¢ Hidden in Plain Sight #18 (Final Episode),2020-09-05T13:30:03Z,UCDRbNGFusqlXX4a5vwi9ouQ,Vat19,24,20.10.09,vat19|vat 19|vat-19|hidden in plain sight|vat19 eric|hide and seek|eric is back,1318149,73950,1466,9214,https://i.ytimg.com/vi/sZbaKxrwtZY/default.jpg,False,AU
QjSyAnjE6Yo,I Made My Own Country In Minecraft!,2020-09-07T18:01:14Z,UCIPPMRA040LQr5QPyJEbmXA,MrBeast Gaming,20,20.10.09,[none],6634959,328877,4765,23605,https://i.ytimg.com/vi/QjSyAnjE6Yo/default.jpg,False,AU
ASEPfClQO9E,FIRST WORLD PROBLEMS SONG! (Old LankyBox DELETED MUSIC VIDEO!),2020-09-08T22:00:01Z,UC-UXd3xaj1I_yTvufcMdDAA,LankyBox World,24,20.10.09,lankybox|lankybox world|lankybox reacts|foxy and boxy|lankybox fan|lankybox fan art|foxy|boxy|lankybox world roblox|lankybox roblox|lankybox plushie|lankybox music|lankybox song|first world problems,418552,11899,203,1350,https://i.ytimg.com/vi/ASEPfClQO9E/default.jpg,False,AU
InJWCF5OkMo,If Social Media Apps Were People,2020-09-07T21:00:15Z,UCR9NuNwCUIhMOLUQnLN7_WA,Kyle Exum,23,20.10.09,Kyle Exum|If Social Media Apps Were People|If The Internet Was a Place|Exum|Kyle|If Social Media Apps Were a Family|Trey|When Our Generation Gets Old and Hears a Throwback Song|Grandparents Be Like|Grandpa|Vine|TikTok|Snapchat|YouTube|YouTube Rewind|MySpace|Facebook|Twitter|Social Media|Funny Social Media Videos|Comedy|Funny Videos|Bassthoven|Snapchat Be Like|YouTube Be Like|TikTok videos|Skit|Dante Williams|Dtay|basstoven|kyle exum parody songs|trap 3 little pigs,1403561,157090,1612,12187,https://i.ytimg.com/vi/InJWCF5OkMo/default.jpg,False,AU
SCAurdGjUFA,The Moment MOURINHO Gets Told HARRY KANE is out for the Season | All or Nothing: Tottenham Hotspur,2020-09-07T08:28:32Z,UC1VU-FHvhbom5tPSCEB-e4g,Amazon Prime Video Sport,17,20.10.09,Tottenham Hotspur|Spurs|AON Tottenham Hotspur|AON Spurs|Tottenham Hotspur documentary|Jose Mourinho|Harry Kane|Harry Kane Injury|Premier League|Amazon Prime|Amazon Prime Video Sport|Amazon Prime Video|Prime Video Sport,922687,11283,193,850,https://i.ytimg.com/vi/SCAurdGjUFA/default.jpg,False,AU
3hYqTTYwfdY,LeBron Lifts the Lakers to Their Game 3 Win Over Houston | NBA on TNT,2020-09-09T04:22:41Z,UCU7iRrk3xfpUk0R6VdyC1Ow,NBA on TNT,17,20.10.09,NBA on TNT|NBA|Inside the NBA|Charles Barkley|Shaq|Kenny Smith|Ernie Johnson|LeBron James|lakers|nba playoffs|james harden|rockets|los angeles lakers,925436,12913,517,1851,https://i.ytimg.com/vi/3hYqTTYwfdY/default.jpg,False,AU
s4PaE2gdNh0,Surprise Gender Reveal ‚Ä¢ Ned & Ariel,2020-09-06T07:00:06Z,UCigKnJQDto-i79bewpKwr8g,Baby Steps Podcast,23,20.10.09,Tryguys|ned|ariel|wes|keith|zach|eugene|habersberger|fulmer|kornfeld|yang|buzzfeedvideo|buzzfeed|ned & ariel|comedy|education|funny|try|learn|fail|experiment|test|tryceratops|parenting|parenting podcast|podcast|raising children|fatherhood|how to raise kids|stand up comedy|parenting advice|raising kids|parenting tips|good parenting|parents|gender reveal|gender reveal fails|surprise gender reveal|ned and ariel|ned and ariel gender reveal|ned & ariel gender reveal,950888,49088,634,2172,https://i.ytimg.com/vi/s4PaE2gdNh0/default.jpg,False,AU
urQ2D5PyWfE,TROOPZ IS LEAVING AFTV!!!,2020-09-08T11:00:18Z,UCr19bNQQxC00MI6DLbpGQhg,TroopzTV,17,20.10.09,Arsenal F.C.|Arsenal Fan TV|Football|troopz|troopztv|troopztv official|troopz tv|troopzafc|troopz aftv|man|fun|playing games|gaming|xbox one|ps4|nintendo switch|fortnite travis scott|fortnite|fifa 20|vlog|lockdown|uk lockdown|coronavirus|shopping|boris johnson|london|troopz is leaving aftv|soccer|sports|aftv|barstool sports|new york|new york city|robbie aftv|dt aftv|arsenal|aubameyang|pierre emerick aubameyang|transfer news,353126,17780,647,5650,https://i.ytimg.com/vi/urQ2D5PyWfE/default.jpg,False,AU
0hQhE4xZQ_A,ASMR STEAK & CHEESE SANDWHICH MUKBANG Î®πÎ∞© | COOKING & EATING SOUNDS | Zach Choi ASMR,2020-09-08T02:15:00Z,UCI78AdiI6f7VKhqW1i4B3Rw,Zach Choi ASMR,22,20.10.09,asmr|¬†zach choi|zachchoi|zach choi asmr|mukbang|Î®πÎ∞©|¬†Ïáº|¬†Ïù¥ÌåÖ|¬†ÏÇ¨Ïö¥Îìú|¬†korean asmr|asmr eating|asmr eating no talking|asmr mukbang|asmr mukbang no talking|asmr steak and cheese|asmr steak cooking|asmr steak and fries|asmr steak and potatoes|asmr steak eating|asmr steak mukbang|steak sandwich recipe|asmr filet mignon sandwhich|asmr sirloin steak|cinematic asmr|asmr cooking|asmr 4k|yt:cc=on,756466,57340,1665,4929,https://i.ytimg.com/vi/0hQhE4xZQ_A/default.jpg,False,AU
mg4XEJjqeZQ,MrBeast Asked Me To Compete In His Next Challenge,2020-08-27T21:07:01Z,UCePxRBreVaMy_ontn4Vz2Yg,Zealous,24,20.10.09,Matthew Doyon|Zealous|MoreJStu Matthew|MoreJStu Matt|Zelus|Zelous|Matt Doyon|MrBeast|challenge|MrBeast 24 Hours|mrbeast would you rather|mrbeast riddle|mrbeast challenges|mrbeast last to leave|mrbeast challenge|mrbeast gaming|mrbeast finger on the app|mrbeast island|mrbeast lottery|mrbeast lottery ticket|mrbeast car|mrbeast would you rather have a lamborghini or this house|mrbeast last to take hand off|mrbeast lamborghini|mrbeast house|would you rather,994162,59743,1248,4165,https://i.ytimg.com/vi/mg4XEJjqeZQ/default.jpg,False,AU
3-RknCW4d64,Xbox Series S & Xbox Series X Release Date And Price REVEALED | New Xbox Series S Details & More,2020-09-08T05:09:54Z,UCJxnwvg6KA3tr04K-tBO-bQ,Dealer - Gaming,20,20.10.09,xbox series x|xbox|ps5|playstation 5|playstation|xbox series x vs ps5|xbox one|xbox news|gaming news|ps5 price|xbox one x|xbox lockhart|xbox games|xbox series x games|xbox series x reveal|xbox series x gameplay|series x|microsoft|xbox series s|xbox series|xbox x|xbox series x price|xbox series x news|new xbox|gaming|xbox series s price|xbox series s lockhart|xbox series s vs xbox series x|xbox series s specs|next gen|xbox series x release date,329526,8225,905,2325,https://i.ytimg.com/vi/3-RknCW4d64/default.jpg,False,AU
es0Lu7Ercy0,"I Let a $100,000 Tesla Control Me For 24 Hours",2020-09-05T19:04:07Z,UCmpWLoKQBVd5YPz0cYan_Xg,Callux,24,20.10.09,callux,600513,49280,658,997,https://i.ytimg.com/vi/es0Lu7Ercy0/default.jpg,False,AU
anVNfqe1I8o,Truth or Drink! Exposing My Family,2020-09-04T18:43:22Z,UCSfLUmBHOLoL0uHcxhRCwFw,Morgan Adams,23,20.10.09,Morgan Adams|Ryland adams|Morgan|truth or drink|the cut|truth|or|drink|siblings play truth or drink|honest questions|family plays truth or drink|family|awkward questions|the truth about,990357,74396,1038,5349,https://i.ytimg.com/vi/anVNfqe1I8o/default.jpg,False,AU
uyHi1FSuGkQ,Messi: Why I am staying at Barcelona despite heartbreak,2020-09-04T17:39:51Z,UCjVd6vTuoAYLFYvX5TSK1aA,Goal,17,20.10.09,football|goal|news|soccer|bpl|barcelona|lionel messi|messi future|where is messi going?|will messi leave barcelona?|fc barcelona|messi barcelona|Lionel Messi Barcelona future|future transfer|Leo Messi|FCB|LaLiga|la liga|Will Messi Leave?|Exclusive Interview|exclusive|interview|Lionel Messi interview,3859778,165734,3079,15399,https://i.ytimg.com/vi/uyHi1FSuGkQ/default.jpg,False,AU
OFBsuEGhQkI,Greatest Football Game Ever Invented,2020-09-07T21:59:55Z,UCRijo3ddMTht_IHyNSNXpNQ,Dude Perfect,17,20.10.09,dude perfect|dude perfect stereotypes|dude perfect water bottle flip|bottle flip|water bottle flip|dude perfect bottle flip|dude perfect basketball|dp|dude perfect world record|edition|nerf|trick shots|trick shot|family|ping pong|bowling|clean|family friendly|bubble wrap|soccer|football|spinner|spinners|fidget spinners|dude|hustle|made up sport|concrete|cleats|stadium|press box|helmets|greatest|ever|created|game|fight|hustle ball|balloons|longest|throw,6193427,335056,3489,13419,https://i.ytimg.com/vi/OFBsuEGhQkI/default.jpg,False,AU
MSZntc2DtQQ,Dead by Daylight | Descend Beyond | Official Trailer,2020-09-08T15:00:10Z,UCaSgsFdGbwjfdawl3rOXiwQ,Dead by Daylight,20,20.10.09,dead by daylight|dbd|behaviour interactive|bhvr|slasher game|survival horror|descend beyond|dead by daylight descend beyond|the blight|felix richter|dbd descend beyond|dead by daylight chapter 17|dead by daylight new killer|dead by daylight new chapter|dead by daylight trailer|dead by daylight cgi|the blight trailer|descend beyond trailer|dead by daylight killer trailer,431853,27728,375,2170,https://i.ytimg.com/vi/MSZntc2DtQQ/default.jpg,False,AU
-FuJ5mOV6Vg,Survivor Says Something New About the Bermuda Triangle Mystery,2020-09-05T11:00:00Z,UC4rlAVgAK0SGk-yTfe48Qpw,BRIGHT SIDE,26,20.10.09,bright side|brightside|riddle of the bermuda triangle|bermuda triangle facts|dark energy what is it|expansion of the universe|unexplainable things|mysterious things|weird places|dangerous places|odd disappearances|mysterious places|facts about earth|secrets of the earth|plane crashing|bermuda triangle mystery|lost in the bermuda triangle|disappearances in the bermuda triangle|what happens in the bermuda triangle|survivors of the bermuda triangle,939160,29473,722,2716,https://i.ytimg.com/vi/-FuJ5mOV6Vg/default.jpg,False,AU
QwzvNAAqH3g,David Blaine Ascension,2020-09-02T16:48:48Z,UCS1lj4kyIrWBqZ5YQHWgT5w,David Blaine,1,20.10.09,David Blaine|David Blane|David Blain|street magic|card tricks|magic show,17061477,424063,16512,25492,https://i.ytimg.com/vi/QwzvNAAqH3g/default.jpg,False,AU
XOcMAPlcgCg,The Xbox Series S Is Officially Leaked,2020-09-08T04:35:01Z,UC__Oy3QdB3d9_FHO_XG1PZg,ReviewTechUSA,20,20.10.09,reviewtechusa|review tech usa|Gaming News|Tech News|Gaming|Technology|xbox series s|xbox series x|xbox lockhart|xbox news|xbox series x games|series x|xbox series x reveal|xbox series x price|xbox series x news|xbox series s price|xbox series x leaks|xbox series s specs|new xbox|next gen|xbox series x release date|xbox series x games lineup|xbox series s vs xbox series x|xbox series s controller|xbox series s release date|xbox series s vs xbox one x,152836,9435,274,2904,https://i.ytimg.com/vi/XOcMAPlcgCg/default.jpg,False,AU
qsVGvd50TMw,Jess Breaks Up With Colt! | 90 Day Fianc√©: Happily Ever After?,2020-09-07T14:00:15Z,UCgIWIkGWCV9knhMvK3Q8usA,90 Day Fianc√©,24,20.10.09,tlc|tlc shows|tlc full episodes|90 Day Fianc√©|foreign love|international dating|marriage tv show|green card marriage|90 day fiance|90 day fiance clips|90 day fiance videos|90 day fiance full episodes|before the 90 days|the other way|happily ever after|just landed|darcey & stacey|the family chantel|pillow talk|angela and michael|tania and syngin|elizabeth and adrei|kalani and asuelu|colt and larissa|colt and jess|larissa and eric|paul and karine,498543,7538,282,2379,https://i.ytimg.com/vi/qsVGvd50TMw/default.jpg,False,AU
JIRgoyg7zkI,COUPLE Q&A // GETTING TO KNOW US,2020-09-02T15:00:09Z,UCNN1dj-gW0PKFbPSlUnE6OA,Jordyn & Alphonso,22,20.10.09,football|soccer|couples|acefamily|alphonso|jordyn|messi|ronaldo|sports|game|kids|hug|laugh|smile|bayern|barcelona|tiktok|cute|happy,1841850,141569,863,5219,https://i.ytimg.com/vi/JIRgoyg7zkI/default.jpg,False,AU
ae99z6B_gbo,I have news about that ‚ÄúBel-Air‚Äù trailer...,2020-09-08T19:00:00Z,UCKuHFYu3smtrl2AwwMOXOlg,Will Smith,24,20.10.09,comedy|entertainment|will smith|will|smith|smiths|willsmith|will smith youtube|youtube will smith|will smith channel|channel will smith|will youtube|youtube will|smith youtube|youtube smith|will smith vlogs|vlogs will smith|vlogs|vlog|will smith youtube channel|fresh prince|bel air|bel-air|fresh prince of bel air|fresh prince of bel-air|morgan cooper,363226,25731,209,2173,https://i.ytimg.com/vi/ae99z6B_gbo/default.jpg,False,AU
b2yTTKQwq5g,6ix9ine - LOCKED UP PT 2 (Feat. Akon) [Official Lyric Video],2020-09-06T01:24:37Z,UCF6jRAgCbSanHolKt0Vt6Qw,Tekashi 6ix9ine,10,20.10.09,6ix9ine - LOCKED UP PT 2 (Feat. Akon) [Official Lyric Video]|6ix9ine|6ix9ine Akon|Akon 6ix9ine|6ix9ine locked up pt 2|locked up part 2 6ix9ine|6ix9ine locked up|locked up 6ix9ine|6ix9ine akon locked up|locked up 6ix9ine akon|locked up|Tekashi 69|Tekashi 6ix9ine|6ix9ine tattle tales|6ix9ine tattletales|tattle tales 6ix9ine|Tattle Tales|Tattletales|6ix9ine new album|6ix9ine new music|6ix9ine new song|tekashi 6ix9ine|6ix9ine music,3989251,224419,13741,15251,https://i.ytimg.com/vi/b2yTTKQwq5g/default.jpg,False,AU
NVksuTZHwig,Anti-lockdown protests met with heavy police presence in Melbourne | ABC News,2020-09-05T04:03:56Z,UCVgO39Bk5sMo66-6o6Spn6Q,ABC News (Australia),25,20.10.09,Australia|abc|abc news|news|coronavirus|covid-19|sars-cov-2|Melbourne|Shrine of Remembrance|Arrests|lockdown restrictions|lockdown measures|anti-lockdown protest|protests|protest,171709,1090,1781,0,https://i.ytimg.com/vi/NVksuTZHwig/default.jpg,False,AU
H2Po5uiZMco,Big Sean - Lithuania ft. Travis Scott,2020-09-04T16:00:07Z,UC7zOpx9wgvGBCDEjujnAPQA,BigSeanVEVO,10,20.10.09,Big|Sean|Lithuania|Getting|Out|Our|Dreams|Inc./Def|Jam|Recordings|Hip|Hop,3979882,203685,3899,8419,https://i.ytimg.com/vi/H2Po5uiZMco/default.jpg,False,AU
oD155zWANQg,"Get This Random Person 1,000,000 Subscribers",2020-09-05T20:00:17Z,UCX6OQ3DkcsbYNE6H8uQQuVA,MrBeast,24,20.10.09,[none],18271399,1154703,14874,107585,https://i.ytimg.com/vi/oD155zWANQg/default.jpg,False,AU
HB4L4Uin9IA,Film Theory: Dont Trust A RAT! (Ratatouille),2020-09-03T19:05:20Z,UC3sznuotAs2ohg_U__Jzj_Q,The Film Theorists,1,20.10.09,ratatouille|ratatouille movie|ratatouille full movie|pixar|disney|song from ratatouille|ratatouille song tik tok|ratatouille tiktok|ratatouille theory|ratatouille ending|ratatouille trailer|ratatouille meme|dark disney|dark pixar|film theory|film theorists|matpat|film theory disney|film theory pixar|film theory scary|ratatouille recipe|how to make ratatouille,2451514,140416,8592,14441,https://i.ytimg.com/vi/HB4L4Uin9IA/default.jpg,False,AU
u-orB1gwEXw,Her Fear Comes True (After Pregnancy),2020-09-07T23:21:19Z,UCOSGEokQQcdAVFuL_Aq8dlg,Justin Rhodes,22,20.10.09,[none],133190,7925,224,72,https://i.ytimg.com/vi/u-orB1gwEXw/default.jpg,False,AU
s_UcjEq2Dgk,Super Mario Bros. 35th Anniversary Direct,2020-09-03T13:00:12Z,UCGIY_O-8vW4rfX98KlMkvRg,Nintendo,20,20.10.09,nintendo|play|play nintendo|game|gameplay|fun|video game|kids|action|adventure|rpg|Super Mario|Super Mario 35th Anniversary|nintendo direct|Super mario direct|nintendo switch.|mario kart|super mario galaxy|super mario 64|super mario sunshine|super mario allstars|super mario 3d allstars,7857404,304822,10522,51145,https://i.ytimg.com/vi/s_UcjEq2Dgk/default.jpg,False,AU
pHkpDWBmRO8,Top 3 photos with DISTURBING backstories | Part 5,2020-09-07T20:01:03Z,UCtPrkXdtCM5DACLufB9jbsA,MrBallen,22,20.10.09,scary|disturbing|disturbing picture|scary story|true crime|story time|mrballen|terrifying|pictures|images|horror|horror fan|no sleep|true|story|australia|Keith sapsford|into the wild|alaska|regina kay walters|truck stop|captive|serial|scared|criminal|crazy person|disturbing image|scary picture|backstory|backstories|disturbing backstory|disturbing backstories|top 3|top list|list|creepy|sketchy|spooky|storytelling|narration|dark|strange|mysterious,162075,16243,79,1795,https://i.ytimg.com/vi/pHkpDWBmRO8/default.jpg,False,AU
IS8G946Oii0,Jessi Looks Back on Unpretty Rapstar I KPDB Ep. #73 Highlight,2020-09-07T18:00:02Z,UCHSWiYfkKAnjn7q-hq2A_WA,DIVE Studios,24,20.10.09,Kpop|Kdrama|Day6|Jae of Day6|Eric Nam|Jae Park|Tablo|Epik High|ÏóêÎ¶≠ÎÇ®|ÏóêÌîΩÌïòÏù¥|Îç∞Ïù¥ÏãùÏä§|ÌÉÄÎ∏îÎ°ú|Jimin Park|Jamie Park|Î∞ïÏßÄÎØº|Podcasts|DIVE Studios|Kpop podcast|Kpop Daebak|The Tablo Podcast|How Did I Get Here?|What Would Jamie Do?|CIX|IDOL 42|Korea|Korean|Asian|Asian American|Get Real|Nonsensible|Ashley Choi|BM|KARD|Peniel|Btob|Verivery|CLC|Sam Hammington|World of Dave|ÏÉòÌï¥Î∞çÌÑ¥|Îç∞Ïù¥Î∏å|Alexa|ÏïåÎ†âÏÇ¨|Jessi|Unpretty Rapstar|Unpretty rapstar Jessi|Ï†úÏãú,185034,12813,16,415,https://i.ytimg.com/vi/IS8G946Oii0/default.jpg,False,AU
UVXLPVnWoZk,NBA 2K21 My Career EP 1 - Creation & High School Debut!,2020-09-03T15:34:56Z,UCnzbVkknmqhRqUKg7RDTDeg,Chris Smoove,20,20.10.09,nba 2k21 story|NBA 2K21 MyCareer|NBA 2K21 My Career|NBA 2K21|NBA 2K21 My Career Part 1|NBA 2K21 My Career Walkthrough|NBA 2K21 female players|NBA 2K21 My Career Face scan|chris smoove|nba 2k21 female park|nba 2k21 my career my court|nba 2k21 my career story|smoove|chris|ps4|nba 2k21 park|nba 2k21 neighborhood|nba 2k21 my career gameplay|nba 2k21 high school|nba 2k21 college|nba 2k21 build|nba 2k21 best build|nba 2k21 pg build|nba 2k21 beach park,1925005,52920,1279,2322,https://i.ytimg.com/vi/UVXLPVnWoZk/default.jpg,False,AU
kGg44zdgHYM,Selena Gomezs Guide to the Perfect Cat Eye | Beauty Secrets | Vogue,2020-09-03T16:00:04Z,UCRXiA3h1no_PFkb1JCP0yMA,Vogue,26,20.10.09,selena gomez|selena gomez beauty secrets|beauty secrets selena gomez|selena gomez beauty|selena gomez vogue|vogue selena gomez|selena gomez beauty routine|selena gomez makeup routine|selena gomez getting ready|getting ready selena gomez|selena|selena gomez cat eye|selena gomez eye makeup|selena gomez how to|selena gomez beat|selena gomez skin care|makeup routine|makeup tutorial|cat eye tutorial|cat eye how to|selena vogue|selena gomez acne|vogue,7725349,482509,6909,23968,https://i.ytimg.com/vi/kGg44zdgHYM/default.jpg,False,AU
UlgHioT32hg,Ozzy Man Reviews: Russian Share Houses,2020-09-05T20:00:07Z,UCeE3lj6pLX_gCd0Yvns517Q,Ozzy Man Reviews,23,20.10.09,russian share houses|ozzyman|ozzy man reviews|aussie|ozzie|share house|aussie man|russia funny|stairs|house|pants on head|party|jumper|sweater|funny|australian|narration,2042874,56183,616,3371,https://i.ytimg.com/vi/UlgHioT32hg/default.jpg,False,AU
J6fiG6jOnLk,Melbourne COVID Protests,2020-09-05T07:24:40Z,UC64A-bbH15b5kN5A32CErOA,10 News First,25,20.10.09,10NewsFirst|TenNewsFirst|COVID19|COVID-19|Coronavirus|Protest|Protests|Conspiracy Theory,176434,1212,1157,4964,https://i.ytimg.com/vi/J6fiG6jOnLk/default.jpg,False,AU
vVZA0oebouc,Ozzy Man Reviews: Lucky People,2020-09-08T10:00:20Z,UCeE3lj6pLX_gCd0Yvns517Q,Ozzy Man Reviews,23,20.10.09,lucky|sports|funny|viral|basketball|ozzyman|aussieman|roads|airplane|formula 1|cars|dashcam|cctv|security cam|lucky people|missing|near miss|dodgy|crane|action|commentary|comedy,947743,43014,342,1737,https://i.ytimg.com/vi/vVZA0oebouc/default.jpg,False,AU
mjH0gux_3iE,Mcdonalds: The Final Word.,2020-09-09T00:00:08Z,UC2-i3KuYoODXsM99Z3-Gm0A,friendlyjordies,23,20.10.09,Friendly|Jordies|Australian|comedy|politics|political|observations|funny|street|talk|latest|watch|online|free|funniest|Jordy|jordys|Jordan|memes|review|react|youtube|live|mcdonalds|mcdonalds|maccas|food|food review|mcdonalds food|mcdonalds fries|fries|chips|nuggets|hamburgers|soylent green|filet o fish|fish|IT|IT clown,109353,12510,190,886,https://i.ytimg.com/vi/mjH0gux_3iE/default.jpg,False,AU
ZhjmPB4YJZ4,6 Things Weve Learnt From The First Week Of The Tour de France | GCNs Racing News Show,2020-09-07T12:43:51Z,UCu7phdCr-raU7OaJfEpHZww,GCN Racing,17,20.10.09,GCN Racing|Bike racing|pro cycling|cycle racing|road racing|live pro cycling|gcn global cycling network|gcn racing|bike racing|watch cycling|tour de france|tdf|le tour|2020 tour de france|yellow jersey|gc|general classification|primoz roglic|sprint|stage win|race leader|GCN|Global Cycling Network|Sports|Cycling|Bike|Bikes|Road Bike|Cyclist|race news|racing|racing news|GCN Cycling|velo|‡ΩÅ|·û∑|gc11shs|c3|gc11sas|‡∂ö|’Ç|·àô|‡¨∏|‡¨ô|·ãç|Íñê|‡∑Ö|ÍñÉ|‘≤|‘µ|‘º|‘Ω|’Å|·çï4|„ÉÖ|·ãé|4081,143122,2520,37,406,https://i.ytimg.com/vi/ZhjmPB4YJZ4/default.jpg,False,AU
NPl4pTbjxwY,6ix9ine - TattleTales ALBUM REVIEW,2020-09-08T01:40:55Z,UCt7fwAhXDy3oNFTAzF2o8Pw,theneedledrop,10,20.10.09,album|review|music|reviews|indie|underground|new|latest|lyrics|full song|listen|track|concert|live|performance|update|the needle drop|anthony fantano|vlog|talk|discussion|music nerd|rap|hip hop|trap|pop|gangsta|rat|tattle tales|6ix9ine|tekashi|latin|reggaeton|trollz|poonani|gooba|locked up,355742,15936,741,2055,https://i.ytimg.com/vi/NPl4pTbjxwY/default.jpg,False,AU
86edQauL7J0,Heroes when ANY of their allies are under mind control.,2020-09-06T04:27:54Z,UCI1XS_GkLGDOgf8YLaaXNRA,CalebCity,23,20.10.09,[none],1912074,235341,1113,10597,https://i.ytimg.com/vi/86edQauL7J0/default.jpg,False,AU
1CJOE4_QdOA,WHO LEFT...AND WHY? - HASHTAG UNITED 2020/21 SQUAD UPDATE,2020-09-07T15:31:32Z,UCeJ73ymlLhLctITwdi9iCVw,Hashtag United,17,20.10.09,hashtag united|hashtag fc|Spencer fc|Spencer Owen|football|soccer|non league football|non league|Sunday league|Sunday league football|Hashtag highlights|football highlights|soccer highlights|non-league highlights,174919,8722,72,666,https://i.ytimg.com/vi/1CJOE4_QdOA/default.jpg,False,AU
bfpjlxgJMMc,Exposing 8 Viral Video Tricks That Will Blow Your Mind | DEBUNKING 2020 How To Cook That Ann Reardon,2020-09-04T09:36:03Z,UCsP7Bpw36J666Fct5M8u-ZA,How To Cook That,24,20.10.09,debunking|fake viral videos|2020|debunking fake viral videos|ann reardon|how to cook that|5 minute crafts|mr cakes|worst channel on youtube|fake thumbnails|viral|unbelievable|mind blowing|crazy|you wont believe|iPhone toothpaste|28 simple hacks that will change your life|howtocookthat,1827289,130411,2080,10701,https://i.ytimg.com/vi/bfpjlxgJMMc/default.jpg,False,AU
x4c9mZOQY1I,Protesters clash in Salem after caravan of Trump supporters gather in Oregon City,2020-09-08T00:33:23Z,UCyWF77WR3CfkZ52cc9XK5wQ,KPTV FOX 12 Oregon,25,20.10.09,news,532756,4879,1813,6914,https://i.ytimg.com/vi/x4c9mZOQY1I/default.jpg,False,AU
xiZkXaWeVTI,Dustin Johnson & Jason Day SHORTEST DRIVE  | TaylorMade Golf,2020-09-07T16:00:15Z,UClJO9jvaU5mvNuP-XTbhHGw,TaylorMade Golf,17,20.10.09,taylormadegolf|golf,250047,2179,38,182,https://i.ytimg.com/vi/xiZkXaWeVTI/default.jpg,False,AU
zrrs9LGIfyQ,Building A Laser Baby,2020-09-02T16:45:20Z,UCtHaxi4GTYDpJgMSGy7AeSw,Michael Reeves,23,20.10.09,laser|laser baby|software|funny|code|programming|arduino|raspberry pi|robot|robotics|pneumatics|c02|laser sensor|satire|laser eyes|electronics|programmer,5898598,716644,4797,37977,https://i.ytimg.com/vi/zrrs9LGIfyQ/default.jpg,False,AU
zsXhHhSPrnc,DOING JAMES CHARLES MAKEUP *WERE BACK?*,2020-09-01T19:00:08Z,UC78cxCAcp7JfQPgKxYdyGrg,emma chamberlain,24,20.10.09,emma chamberlain|emma chambie|vlog|james charles|make up,7378513,536819,6263,27620,https://i.ytimg.com/vi/zsXhHhSPrnc/default.jpg,False,AU
AolstL1_MhE,Bring Me The Horizon - Obey with YUNGBLUD (Official Video),2020-09-02T18:00:10Z,UCUmC7gXciukRv73CQRQ5QGQ,BMTHOfficialVEVO,10,20.10.09,Bring me the horizon|BMTH|Bring me the horizon and YUNGBLUD|Bring me the horizon and YUNGBLUD obey|YUNGBLUD|young blood|Bring me the horizon featuring YUNGBLUD obey|Bring me the horizon featuring YUNGBLUD obey official video|Bring me the horizon obey|YUNGBLUD obey|obey|bring me the horizon parasite eve|bring me the horizon throne|bring me the horizon medicine|YUNGBLUD parents|YUNGBLUD original me|YUNGBLUD strawberry lipstick,4051718,275502,11626,20686,https://i.ytimg.com/vi/AolstL1_MhE/default.jpg,False,AU
Jpf6Bf5xi6U,TEACHING HER HOW TO DRIVE ON THE BEACH!!,2020-09-02T04:19:56Z,UCT-RXCskba842_rkv1XHuug,YBS Brodie,22,20.10.09,[none],389088,9141,279,910,https://i.ytimg.com/vi/Jpf6Bf5xi6U/default.jpg,False,AU
vw2FOYjCz38,NO TIME TO DIE | Trailer 2,2020-09-03T11:00:01Z,UCwTkM6CvIsYFaFiMKIKCqHw,James Bond 007,1,20.10.09,James Bond|007|Daniel Craig|Bond film|Rami Malek|Lea Seydoux|Lashana Lynch|Ralph Fiennes|Ben Whishaw|Aston Martin DB5|Naomie Harris|Ana de Armas|Jeffrey Wright,11096039,93063,2624,7985,https://i.ytimg.com/vi/vw2FOYjCz38/default.jpg,False,AU
czNNLUe1Q84,England v Australia - Highlights | Great Drama After Stunning Comeback! | 1st Vitality IT20 2020,2020-09-04T21:46:14Z,UCz1D0n02BR3t51KuBOPmfTQ,England & Wales Cricket Board,17,20.10.09,cricket videos|highlights|cricket|england cricket|batting|bowling|catch|england vs australia|england vs australia 1st t20 highlights 2020|england australia t20|england australia t20 live|england australia live|cricket highlights|eoin morgan|jofra archer bowling|jos buttler batting|steve smith|david warner|glenn maxwell|eng vs aus|aaron finch|t20 cricket highlights|tom curran|last ball finishes in cricket,9710194,208633,7699,9664,https://i.ytimg.com/vi/czNNLUe1Q84/default.jpg,False,AU
D97bOXJRZxA,Among Us in a Nutshell,2020-09-04T15:58:55Z,UCV6g95OBbVtFmN9uiJzkFqQ,CircleToonsHD,1,20.10.09,Among Us in a Nutshell|Among us|Among Us animation|Among Us funny moments|Among us imposter|Among us memes|among us|animation|cartoon|parody|satire|funny|minigame|video game|gaming|lets play|circletoonshd|circle|toons|hd|among us circletoonshd|in a nutshell|nutshell,2498763,184926,1362,8798,https://i.ytimg.com/vi/D97bOXJRZxA/default.jpg,False,AU
eusx0VW-m3M,Marvels Avengers - Before You Buy,2020-09-04T00:57:07Z,UCNvzD7Z-g64bPXxGzaQaa4g,gameranx,20,20.10.09,avengers game review|marvels avengers|avengers before you buy|before you buy avengers|avengers game|avengers gameplay|avengers pc gameplay|avengers pc 60fps|avengers game problems|avengers skins|avengers microtransactions|avengers hulk|avengers iron man gameplay|gameranx|jake baldino|before you buy|square enix avengers,1193150,41138,1210,5986,https://i.ytimg.com/vi/eusx0VW-m3M/default.jpg,False,AU
2EjxIQXBhlc,Jackson Wang & Galantis - Pretty Please (Official Music Video),2020-09-04T04:00:09Z,UCJS0K01yC8BmQtSuRdqqo3w,Jackson Wang,10,20.10.09,jackson wang|mirrors|got7|bullet to the heart|papillon|dway!|titanic|88rising|head in the clouds|team wang|galantis|seafox|kinjaz|100 ways|pretty please|china|BTS|official video|music video|dance,8109479,945394,5825,66584,https://i.ytimg.com/vi/2EjxIQXBhlc/default.jpg,False,AU
lZkskeziIf8,VMA 2020 Fashion Review,2020-09-04T17:55:28Z,UCZym84-cGUKAf1T2isIIXvw,Kelsey Kreppel,22,20.10.09,kelsey kreppel|cody ko|comedy|commentary|roast|cody ko and kelsey|kelsey and cody|met gala|fashion review|girl talk|codyko|dinner with kelsey|kelsey kreppel cody|insane baking|makeup|Chrissy teigen|VMA|VMA 2020|video music awards|quarantine|mask fashion|masks|celebrities|red carpet|fashion guru|best dressed|worst dressed|vma fashion|vma 2020 fashion|ariana grande|jaden smith|lady gaga,809238,55013,386,1959,https://i.ytimg.com/vi/lZkskeziIf8/default.jpg,False,AU
L7gruVgMCVQ,Joyner Lucas feat. Ashanti - Fall Slowly (Evolution),2020-09-02T17:00:15Z,UCUebubwSuTHfHjWJI4gCS9A,Joyner Lucas,10,20.10.09,[none],3638184,195148,3425,12904,https://i.ytimg.com/vi/L7gruVgMCVQ/default.jpg,False,AU
x0ix30SJlVk,WE GOT MARRIED,2020-09-06T18:57:41Z,UCdomP1JqhnyBQGaBmfDl4KQ,Squirmy and Grubs,22,20.10.09,Squirmy and Grubs|Shane Burcaw|Hannah Aylward|relationship goals|couple goals|dating advice|dating tips|relationship vlog|interabled relationship|shane and hannah|Shane and Hanna|muscular dystrophy|spinal Muscular Atrophy|SMA|SBSK|cole and charisma|Squirmy and Grubbs|spinraza|wheelchair user|dating with a disability|interable|minnesota vlogger,1055956,57269,1316,10364,https://i.ytimg.com/vi/x0ix30SJlVk/default.jpg,False,AU
I3igok9jQIo,BTS ‚Äì ‚ÄúDynamite‚Äù  (Live) | Press Play,2020-09-04T01:00:11Z,UCq4isO8ZYOZfmvGJ-_1UdIA,Recording Academy / GRAMMYs,10,20.10.09,grammy awards|grammys|grammy|album of the year|record of the year|song of the year|grammys red carpet|grammy red carpet|2020 grammys|62nd grammys|unexpect everything,8378040,1237821,9067,47244,https://i.ytimg.com/vi/I3igok9jQIo/default.jpg,False,AU
cOukFSAdYDs,Masi Rooc - Stick And Move (Official Music Video),2020-09-01T09:30:10Z,UCo9y6HekdkbyoRY_qKgAhzQ,Masi Rooc,10,20.10.09,Stick And Move|Hooligan Hefs no effect|Youngn Lipz misunderstood|Masi Rooc Reaction|onefour|hooligan hefs|lisi say less|dutchavelli only if you knew|abracadabra on deck|aus drill|oz drill,149767,3861,337,491,https://i.ytimg.com/vi/cOukFSAdYDs/default.jpg,False,AU
CN4fffh7gmk,[CHOREOGRAPHY] BTS (Î∞©ÌÉÑÏÜåÎÖÑÎã®) Dynamite Dance Practice,2020-09-02T10:00:01Z,UCLkAepWjdylmXSltofFvsYQ,BANGTANTV,10,20.10.09,Î∞©ÌÉÑÏÜåÎÖÑÎã®|BTS|BANGTAN|HIPHOP|ÏïåÏó†|RM|ÏäàÍ∞Ä|SUGA|Ï†úÏù¥Ìôâ|jhope|ÏßÄÎØº|JIMIN|Î∑î|Ï†ïÍµ≠|JUNGKOOK|ÏßÑ|JIN,24960022,3019702,26226,119418,https://i.ytimg.com/vi/CN4fffh7gmk/default.jpg,False,AU
lFzWQsyVHBE,BOAT HEADING INTO DANGEROUS WAVES! | Boats vs Haulover Inlet,2020-09-06T13:32:09Z,UC-exjF2T70PJd8jAl050nkw,Wavy Boats,2,20.10.09,haulover boats|haulover|haulover inlet|wavy boats|haulover inlet boat sinks|haulover inlet rough seas|angry waves|key biscayne|key biscayne florida|boats|zip zap power|fresco channel|boating around miami|florida|haulover sandbar|yachts|haulover beach|memorial day|boating|miami|south florida|poker run|sea hunt boats|spring break|summer days|boat reviews|boat fails|huge waves|things to do in miami|tourism|vacation|travel|rough waves|skiff|boat,372360,3498,183,344,https://i.ytimg.com/vi/lFzWQsyVHBE/default.jpg,False,AU
DmInwHOt8cY,Blueface - Baby (Dir. by @_ColeBennett_),2020-09-04T14:54:21Z,UCtylTUUVIGY_i5afsQYeBZA,Lyrical Lemonade,24,20.10.09,Blueface|Baby|Bleed It|Thotiana|Plan B|Plan C|Music Video|Rap|Rapper|Hip Hop|Lyrical Lemonade|Cole Bennett|Color Themed House|2020|New,2402718,187616,6197,11759,https://i.ytimg.com/vi/DmInwHOt8cY/default.jpg,False,AU
fiCiQ0sBuzQ,I Thought I Was Gonna TAP OUT! Mikey Williams Deals With PAIN & Proves Haters WRONG! Gets TATTOO!,2020-09-06T16:00:05Z,UCPHKMJbis1c0R7d7WJQ35tA,Overtime,17,20.10.09,mikey williams highlights|mikey williams vs evan mobley|mikey williams stronger than zion|mikey williams best player in high school|mikey williams tattoo|mikey williams gets tatted|mikey williams fishing|mikey williams overtime|mikey williams show|mikey williams reality show|fear nothing ep 7|mikey williams dunk|mikey williams mix|mikey williams mixtape|mikey williams best highlights|mikey williams workout|mikey williams|overtime|fear nothing,411283,15928,166,779,https://i.ytimg.com/vi/fiCiQ0sBuzQ/default.jpg,False,AU
0KeVGphFe1o,Quarterpipe BUILD and RIDE!,2020-09-06T14:10:12Z,UCnzDWHTbEE5UWd3WuQAX6zQ,Porter MTB,26,20.10.09,portermtb|porter mtb|eric porter|quarterpipe build|how to build a quarterpipe|backyard jumps|backyard ramps|backyard pumptrack|how to build a ramp|how to build a spine|bmx spine|mtb spine|mtb quarterpipe|bmx quarterpipe|bmx|mtb|how to jump bikes|how to jump mountain bike|seths bike hacks|berm peak|backyard trail builds|dirt jumper|dirt jump bike|matt beringer|mtb freeride|mtb jumps|mountain bike jumps|bmx jumps|woodworking|ramp building|porter,58223,2926,18,330,https://i.ytimg.com/vi/0KeVGphFe1o/default.jpg,False,AU
ucutmH2KvSQ,NVIDIA just made EVERYTHING ELSE obsolete.,2020-09-02T02:30:02Z,UCXuqSBlHAE6Xw-yeJA0Tunw,Linus Tech Tips,28,20.10.09,nvidia|geforce|rtx|3000|3080|3070|3090|Ampere|Turing|Ray tracing|tensor|reveal|announcement|launch|graphics|gpu|PC|gaming|nvidia broadcast|nvidia omniverse machinima|machinima|AMD|Radeon|Reflex|Anti-Lag,4534029,224008,3818,36187,https://i.ytimg.com/vi/ucutmH2KvSQ/default.jpg,False,AU
z0K6r1hoD7I,YouTube Just Gave Me a Strike...,2020-09-02T19:03:54Z,UC7_YxT-KID8kRbqZo7MyscQ,Markiplier,22,20.10.09,markiplier|youtube|strike,8715737,886028,6187,71653,https://i.ytimg.com/vi/z0K6r1hoD7I/default.jpg,False,AU
7ynupYBLlyA,The Truth about Nikola,2020-09-05T15:00:02Z,UCR1IuLEqb6UEA_zQ81kwXfg,Real Engineering,28,20.10.09,engineering|science|technology|education|history|real,646058,34259,1242,4393,https://i.ytimg.com/vi/7ynupYBLlyA/default.jpg,False,AU
ncxeDv1D4Mw,Iceland 0-1 England | Late Penalty Drama as Sterling Helps England to Victory | Official Highlights,2020-09-05T22:00:06Z,UCNT2e7Og56vm5_V-yJWvglA,England,17,20.10.09,england vs iceland|england 1-0 iceland|england vs iceland nations league|england nations league|raheem sterling england|raheem sterling england goals|jadon sancho england|phil foden england|england highlights|england goals|england full match highlights|james ward prowse england|mason greenwood england|england football team|harry kane england|danny ings england|trent alexander arnold england,1256009,14165,434,1353,https://i.ytimg.com/vi/ncxeDv1D4Mw/default.jpg,False,AU
DZ4Fs-VTTKM,TONY HAWK CHALLENGED US!,2020-09-06T17:00:02Z,UC9PgszLOAWhQC6orYejcJlw,Braille Skateboarding,26,20.10.09,skate|skateboard|skater|skateboarding|skateboarder|skateboarders|skating|sk8|sk8ing|learn to skateboard|how to skateboard|secrets of skateboarding|aaron|kyro|braille|how to skate|braille skateboarding|aaron kyro|Tony Hawk|got milk challenge|THPS,335660,17968,221,1187,https://i.ytimg.com/vi/DZ4Fs-VTTKM/default.jpg,False,AU
AAOOKbk-knM,(MV)Ïú†ÏïÑ(YooA)_Ïà≤Ïùò ÏïÑÏù¥ (Bon voyage),2020-09-07T09:01:54Z,UC-qYkzKFdekoEniRu_FS3zg,OH MY GIRL,10,20.10.09,#Ïò§ÎßàÏù¥Í±∏|OHMYGIRL,6445376,0,0,20817,https://i.ytimg.com/vi/AAOOKbk-knM/default.jpg,True,AU
XU52BmNR8q4,Samsung should explain this... Exynos vs Qualcomm?! - Note 20 Ultra,2020-09-04T12:15:01Z,UCWFKCr40YwOZQx8FHU_ZqqQ,JerryRigEverything,26,20.10.09,Note 20 Ultra review|Note 20 ultra|Samsung Note 20 Ultra|Exynos vs snapdragon|exynos|snapdragon|qualcomm|processor|SOC|best smartphone|best android|best samsung|flagship|Fail|exynos 990|Snapdragon 865+|galaxy note 20 ultra|Note 20|Benchmark,3102426,139274,2505,17432,https://i.ytimg.com/vi/XU52BmNR8q4/default.jpg,False,AU
QZ94pRB8obU,BABY SWIM LESSONS - The Ultimate Routine to Help Our 2 YR OLD Swim and Deep Dive Underwater,2020-09-06T15:00:10Z,UCuAHfJyWROB4XRReS43EWUw,The Bucket List Family,19,20.10.09,swim lessons|baby swim|baby|swim|dive|free dive|underwater|snorkel|kids|safety|pool safety|at home|diy|father|father son|swim diaper|dive toys,408114,19560,127,1513,https://i.ytimg.com/vi/QZ94pRB8obU/default.jpg,False,AU
wiwHdngMUMo,"Low Key Luxury Bags - BUY these, AVOID these! | Mel in Melbourne",2020-09-06T13:32:47Z,UC-JAYs887GcRROe_z9Kj2sQ,Mel in Melbourne,26,20.10.09,LOW KEY LUXURY BAGS BUY THESE AVOID THESE|LOW KEY LUXURY NEVER BUY THESE BAGS|BEST & WORST LOW KEY LUXURY BAGS|UNDERRATED DESIGNER BAGS 2020|5 BEST & WORST DESIGNER BAGS|TOP DESIGNER LUXURY BAGS WORTH YOUR MONEY|10 BEST VALUE FOR MONEY DESIGNER BAGS|BOTTEGA VENETA BAG UNBOXING|BOTTEGA VENETA JODIE|YSL LOULOU PUFFER BAG|YSL TOY LOULOU|HERMES HERBAG|WORST LOW KEY LUXURY BAGS|SHOPTAGR|LUXURY BAGS NO ONES TALKS ABOUT|DESIGNER BAGS WORTH INVESTING IN|MEL IN MELBOURNE,73244,1868,137,251,https://i.ytimg.com/vi/wiwHdngMUMo/default.jpg,False,AU
LdypKKKQ8uA,"Food Theory: Chuck E Cheese Pizza, Should You Be Scared?",2020-09-03T18:05:08Z,UCHYoe8kQ-7Gn9ASOlmI0k6Q,The Food Theorists,26,20.10.09,chuck e cheese|chuck e cheese pizza|pizza|chuck e cheese missing|chuck e cheese scary|chuck e cheese song|chuck e cheese animatronics|shane dawson chuck e cheese|scary chuck e cheese|chuck e cheese theory|pizza recipe|food theory|food theorists|matpat|game theory|game theorists|film theory|film theorists|eat the menu|rosanna pansino|binging with babish,3608814,175825,3034,18915,https://i.ytimg.com/vi/LdypKKKQ8uA/default.jpg,False,AU
M3fLR0iRCEQ,GYMNASTICS meets CROSSFIT! | ft Obi Vincent,2020-09-06T17:00:08Z,UCTFzlMvFx2f5D9t3fl79w7Q,Nile Wilson,17,20.10.09,nile wilson|nile wilson gymnastics|nile wilson olympics|olympic gymnast|amazing gymnastics|gymnastics|strength training|strength|hard work|vlogging|vlog|success|fitness|gymnastics meets CrossFit|crossfit|Nile Wilson crossfit|Obi Vincent|Obi Vincent workout|Nile Wilson strength challenge|ultimate gymnastics challenge|celebrity gymnastics|ultimate CrossFit challenge,247766,7777,68,311,https://i.ytimg.com/vi/M3fLR0iRCEQ/default.jpg,False,AU
bXCOI_LQ_0o,Friends: Chandler Likes Joeys New Girlfriend (Season 4 Clip) | TBS,2020-09-06T19:59:47Z,UCgCudMsK-kxYxB2RgiS3bzQ,TBS,24,20.10.09,TBS|TBS Network|Comedy|TBS Shows|Shows|TBS Funny|TBS New|New TBS|Friends|Friends TBS|Jennifer Aniston|Rachel Green|Courteney Cox|Monica Geller|Lisa Kudrow|Phoebe Buffay|Matthew Perry|Chandler Bing|Matt LeBlanc|Joey Tribbiani|David Schwimmer|Ross Geller|Jennifer|Aniston|Green|Courteney|Monica|Lisa|Kudrow|Phoebe|Matthew|Perry|Chandler|Matt|LeBlanc|Joey|Tribbiani|David|Schwimmer|Joeys New Girlfriend|Girlfriend|Season 4 Clip,332851,3600,76,151,https://i.ytimg.com/vi/bXCOI_LQ_0o/default.jpg,False,AU
oFnqWa8C6q4,Q&A with Mum ü•∞,2020-09-03T08:00:07Z,UCvIK8FfGbLJiJdWI1ndLABg,Lily Brown,1,20.10.09,[none],74383,3472,38,250,https://i.ytimg.com/vi/oFnqWa8C6q4/default.jpg,False,AU
zYsWSocdbRw,"A Serious Warning to All Car Owners, Stop Using This Engine Oil Right Now",2020-09-06T00:38:24Z,UCuxpxCCevIlF-k-K5YU8XPA,Scotty Kilmer,2,20.10.09,adding engine oil|bad engine oil|car|car advice|car diy|car engine oil|car repair|cars|changing engine oil|different engine oil grades|different kinds of engine oil|different kinds of engines|diy|engine|engine oil|engine oil explained|how to change engine oil|how to change oil|is thicker engine oil better|kinds of engine oil|oil|oil change|scotty kilmer|types of engine oil|car owners|car owner|a serious warning|stop using this engine oil,436377,10027,423,1100,https://i.ytimg.com/vi/zYsWSocdbRw/default.jpg,False,AU
LoG04Nyea8w,Lady Gaga - VMA Performance 2020,2020-09-04T05:28:22Z,UC07Kxew-cMIaykMOkzqHtBQ,LadyGagaVEVO,10,20.10.09,lady gaga|ariana grande|chromatica|rain on me|enigma|911|stupid love|gaga vmas|2020 vmas|chromatica live|rain on me live,1756332,118359,1911,5160,https://i.ytimg.com/vi/LoG04Nyea8w/default.jpg,False,AU
B-FdrJTaKTs,G-Eazy - Down (Official Video) ft. Mulatto,2020-09-04T04:00:09Z,UCjjC1Jk_1o1VWpLalgo21XQ,GEazyMusicVEVO,10,20.10.09,GEazy|Geasy|G Eazy|G Eazy VEVO|g easy youtube|g easy music|g-eazy lyrics|g-eazy new music|g-eazy|back to what you knew|down|g-eazy mulatto|g eazy mulatto|g easy mulatto|geasy mulatto|mulatto geazy|mulatto g-eazy|mulatto geasy|geazy down|g eazy down|g eazy down mulatto|g eazy down feat mulatto|g eazy down music video|g eazy down video|g eazy down mulatto video|g eazy down video mulatto|g eazy mulatto video|eazy|music,2277452,131098,2692,42089,https://i.ytimg.com/vi/B-FdrJTaKTs/default.jpg,False,AU
QjB9Hk0f5-c,A SPECIAL ANNOUNCEMENT!,2020-09-05T12:30:02Z,UCNSzfesc7IgWZwg4n6uXr1A,Tucker Budzyn,15,20.10.09,a special announcement|tucker budzyn merch|my dog has a puppy sleepover|we moved|tucker merch|dog reviews food|tucker taste test|funny mask|my dog reacts|my dog does weird things|puppy playdate|tucker the dog|tucker budzyn|tuckerbudzyn|golden retriever|funny animals|dog reviews food with girlfriend|booping my dog too many times|my dog reacts to giant cockroach|jealous dog reaction|dogs|tucker|dog videos,1433923,40997,1344,3269,https://i.ytimg.com/vi/QjB9Hk0f5-c/default.jpg,False,AU
kgC1zDCeI2g,US vs UK Dominos | Food Wars,2020-09-06T16:00:16Z,UCwiTOchWeKjrJZw7S1H__1g,Food Insider,19,20.10.09,INSIDER|FOOD INSIDER|Pizza|Dominos|Food|Cooking|Fast food|Fast food restaurants|review|calories|uk|usa|britain|england,706030,21964,457,2398,https://i.ytimg.com/vi/kgC1zDCeI2g/default.jpg,False,AU
1CB4v5L0WEc,NRL Highlights: Raiders v Roosters - Round 17 | NRL on Nine,2020-09-05T11:35:30Z,UCBVrn_SGKAOv3yKPi4Oc3-A,NRL on Nine,17,20.10.09,NRL|Sport|Rugby League|Rugby|Nine|Wide World of Sports|WWOS|NRL on Nine|NRL Highlights|NRL 2019|NRL Video|NRL News|NRL 2020|telstra premiership|fox sports|fox league|nrl.com|national rugby league|sports|nrl big hits|Canberra Raiders|Sydney Roosters|Sonny Bill Williams|James Tedesco|Jack Wighton|Josh Papalii,79966,857,39,166,https://i.ytimg.com/vi/1CB4v5L0WEc/default.jpg,False,AU
MdAKrzOLQTg,Starship SN6 150m Flight Test,2020-09-04T15:27:24Z,UCtI0Hodo5o5dUb67FeUjDeA,SpaceX,28,20.10.09,[none],1811561,69461,753,6904,https://i.ytimg.com/vi/MdAKrzOLQTg/default.jpg,False,AU
2B8S-Z1wRQI,Mulan - Movie Review,2020-09-04T00:40:49Z,UCCqEeDAUf4Mg0GgEN658tkA,Chris Stuckmann,24,20.10.09,Mulan|Movie Review|2020|Remake|Live Action|Music|Soundtrack|Score|OST|Reflection|Cartoon|Animation|Reviews|Film|Scene|Clip|Trailer|Teaser|Dragon|Cricket|Disney|Yifei Liu|Donnie Yen|Jason Scott Lee|Yoson An|Gong Li|Jet Li|Niki Caro,988906,48924,1414,10771,https://i.ytimg.com/vi/2B8S-Z1wRQI/default.jpg,False,AU
9qRn5wxnXp4,FEAR PONG CHALLENGE 2 ft. Michael Reeves Pokimane LilyPichu Scarra DisguisedToast Yvonnie,2020-09-03T21:00:05Z,UCDK9qD5DAQML-pzrtA7A4oA,Offline TV,20,20.10.09,OfflineTV|Scarra|Poki|Pokimane|Lily|LilyPichu|DisguisedToast|Toast|TwitchTV|twitch|Streaming|Vlog|Fail|Epic|Gamers|Streamers|OTV|OTV Plays|OfflineTV plays|Michael Reeves|Michael|Reeves|Michael Reeves baby|fear pong|OTV fear pong|OfflineTV fear pong|beer pong|OfflineTV beer pong|OTV beer pong|OTV pong|OfflineTV pong,2129100,145897,1277,10145,https://i.ytimg.com/vi/9qRn5wxnXp4/default.jpg,False,AU
xDpZcJXaAtE,Victorias roadmap back to COVID normal revealed,2020-09-06T05:45:50Z,UCtWWry0cgjWi9C0Ye9sh6og,news.com.au,25,20.10.09,coronavirus|covid-19|daniel andrews|victoria|melbourne|lockdown|roadmap,61102,332,550,974,https://i.ytimg.com/vi/xDpZcJXaAtE/default.jpg,False,AU
e93nZzRB9i4,6ix9ine - AVA (Official Lyric Video),2020-09-06T01:24:59Z,UCF6jRAgCbSanHolKt0Vt6Qw,Tekashi 6ix9ine,10,20.10.09,6ix9ine|AVA|6ix9ine AVA|TattleTales|Tattle Tales|6ix9ine TattleTales|6ix9ine Tattle Tales|TattleTales 6ix9ine|Tattle Tales 6ix9ine|tattle tales 6ix9ine|tattletales 6ix9ine|6ix9ine tattle tales|6ix9ine tattletales|6ix9ine new album|6ix9ine -|- 6ix9ine|6ix9ine songs|6ix9ine new song|6ix9ine new music|new album 6ix9ine|ava|69|69 ava|69 AVA|69 tattle tales|69 tattletales|tattle tales 69|tattletales 69,2811812,183985,6308,7852,https://i.ytimg.com/vi/e93nZzRB9i4/default.jpg,False,AU
VdfMIfAvzqA,"Dropping $100,000 Yacht Into Logan Pauls Pool - Episode 2",2020-09-02T19:38:55Z,UCyps-v4WNjWDnYRKmZ4BUGw,airrack,24,20.10.09,airrack|air rack|airrack logan paul|airrack logan paul couch|airrack sneaking|logan paul vlog|logan paul|logan|paul|olympics|logan paul youtube|vlog|daily|comedy|hollywood|parrot|maverick|bird|maverick clothes|Airrack Yacht Series|Airrack Boat|Airrack Patty Mayo|Logan Paul Boat In Pool|She Couldnt Hold It In Anymore...|Joe Biden Broke My Nose - IMPAULSIVE EP. 213|lele pons impaulsive,1147894,92974,3042,3474,https://i.ytimg.com/vi/VdfMIfAvzqA/default.jpg,False,AU
BUKEfQ1oas8,GIVING CATHERINE THE BEST GIFT SHE HAS EVER RECEIVED!!!,2020-09-03T20:27:55Z,UCSmUMOEPlAfAzbXIVuXso2w,Through Our Eyes,24,20.10.09,[none],1188124,78050,460,2793,https://i.ytimg.com/vi/BUKEfQ1oas8/default.jpg,False,AU
IaiUtMpJxT4,Rare Beauty by Selena Gomez: Is it the best thing about 2020?,2020-09-03T01:12:07Z,UCLFW3EKD2My9swWH4eTLaYw,Chloe Morello,26,20.10.09,australian|blogger|vlogger|blog|vlog|guru|girl|review|makeup|cosmetics|beauty|make|up|make-up|products|tutorial|how|to|how-to|DIY|video|application|caramorello|chloe|morello|chloemorello|aussie|selena gomez|selena gomez makeup|selena gomez rare beauty|rare beauty|first impressions,823414,34757,431,1592,https://i.ytimg.com/vi/IaiUtMpJxT4/default.jpg,False,AU
ZW4iVME7ACI,Cutting for Propeller / Boring for Prop-Tube ( Wooden Boat Rebuild / EP80),2020-09-05T15:59:43Z,UCg-_lYeV8hBnDSay7nmphUA,Sampson Boat Co,22,20.10.09,carpentry|carpenter|joiner|woodwork|wood|timber|plane|joinery|jig|jointer|tools|framing|timber framing|big timber|Makita|cabinetry|boatbuilding|wooden boat|traditional|power tools|hand tools|shipwright|joint|chainsaw|electric chainsaw|yacht|shipbuilding|drafting|sculpture|oak|hardwood|beam|chisel|sharp|sharpen|build|project|boat|pilot cutter|history|rebuild|restoration|transom|teak|aircraft|prop|prop shaft|propeller,280744,20574,106,1083,https://i.ytimg.com/vi/ZW4iVME7ACI/default.jpg,False,AU
4jM5ACEMXaI,SHE GOT EMOTIONAL WATCHING THIS!!,2020-09-07T04:35:30Z,UCT-RXCskba842_rkv1XHuug,YBS Brodie,22,20.10.09,[none],136649,6262,77,489,https://i.ytimg.com/vi/4jM5ACEMXaI/default.jpg,False,AU
wKC4hgv2Ka8,I BOUGHT SOME OF THE NEW RARE BEAUTY PRODUCTS...HOW DO THEY LOOK??,2020-09-05T22:41:51Z,UCC0EqtXQ9at6ON_-ZYJaImA,Katy,26,20.10.09,rare beauty review|rare beauty by selena gomez|selena gomez|rare beauty foundation|sephora|new makeup|first impression|liquid blush|rare concealer|rare blush|rare foundation|katy|lustrelux,208331,10033,297,710,https://i.ytimg.com/vi/wKC4hgv2Ka8/default.jpg,False,AU
fkjAd5zhKDs,Several boats sink during Texas parade supporting Trump on Lake Travis in Texas I ABC7,2020-09-06T06:38:47Z,UCVxBA3Cbu3pm8w8gEIoMEog,ABC7,25,20.10.09,trump boat parade|texas boat parade|boats sink at trump parade|lake travis|boat parade|texas lake travis|trump|texas|distress|sink|sunk|donald trump|MAGA,1743840,17063,7002,20729,https://i.ytimg.com/vi/fkjAd5zhKDs/default.jpg,False,AU
krQ1bYSoQ3E,My Ex‚Äôs Best Friend/Bloody Valentine (Live At The MTV VMAs/2020),2020-09-04T18:48:25Z,UC2a9zmrdjvLsrRgi4G4blWw,MGKVEVO,10,20.10.09,Machine Gun Kelly|MGK|blackbear|bear|my ex‚Äôs best friend|ex‚Äôs best friend|exs best friend|best friend mgk|best friend bear|mgk bear best friend|mtv|vma|MTV VMAs|Tickets To My Downfall,718346,48186,635,1684,https://i.ytimg.com/vi/krQ1bYSoQ3E/default.jpg,False,AU
2Qq6SyOFQ_o,Why Bigfoot Went Extinct... (SCP Animation),2020-09-05T20:01:46Z,UC8pmIe5FjmYlwP0Uf2dyQXQ,SCP Animated - Tales From The Foundation,1,20.10.09,scp animated|scp|tales from the foundation|Why Bigfoot Went Extinct|Bigfoot|SCP Bigfoot|scp-1000|Bigfoot scp|origin of SCP-1000|SCP 1000|containment|containment breach|Bigfeet|Bigfoot tale|scp animation|scp cartoon|scp illustrated|scp drawn|scp-1000 origin story|scp origins|scp explained,496421,35108,438,2126,https://i.ytimg.com/vi/2Qq6SyOFQ_o/default.jpg,False,AU
zJCdkOpU90g,BTS Performs Dynamite | 2020 MTV VMAs,2020-08-31T00:52:29Z,UCxAICW_LdkfFYwTqTHHE0vg,MTV,24,20.10.09,MTV|Video Music Awards|VMA|VMAs|Ariana Grande|Black Eyed Peas|BTS|Chloe x Halle|CNCO|DaBaby|Da Baby|Doja Cat|Jack Harlow|Lady Gaga|Lewis Capaldi|MGK|Machine Gun Kelly|Maluma|Miley Cyrus|Tate McRae|The Weeknd|Keke Palmer|Megan Thee Stallion|Cardi B|Justin Bieber|Post Malone|Juice WRLD|Drake|Taylor Swift|artist of the video|video of the year|BTS live|BTS performance|BTS dynamite,31411891,2622723,59898,149924,https://i.ytimg.com/vi/zJCdkOpU90g/default.jpg,False,AU
p2Xoi20u4J4,I Trained My Cat To Put Out Fires,2020-09-03T13:30:06Z,UCfMJ2MchTSW2kWaT0kK94Yw,William Osman,28,20.10.09,laser cutter|william osman|crappy science|peter sripol|simone giertz|allen pan|colin furze|thehacksmith|michael reeves|laser baby|the boys|amazon|train my cat|cat,1033552,92257,835,4018,https://i.ytimg.com/vi/p2Xoi20u4J4/default.jpg,False,AU
9niZRaZwN9I,Kerser Ft. Fortay - Roses Remix,2020-08-30T07:19:55Z,UCIT9YObZxGVCOXHY3zKaoZA,TheKERSER,10,20.10.09,kerser|fortay|2020|roses remix|kerser fortay|abk 225|roses|ocean eyes|wavey mixes,235578,6705,228,354,https://i.ytimg.com/vi/9niZRaZwN9I/default.jpg,False,AU
ZUwRnBhtevE,Ken Block Tests & HOONS The Worlds First All Electric Rally Cross Car!,2020-09-03T15:00:29Z,UCpCJ0y-_y03qPlG4zrYAAvQ,Ken Block,2,20.10.09,ken block|electric car|electric rallycross car|projekt-e|electric car drift|ford fiesta erx|electric race car|ken block drifts electric car|electric rally cross car|ford electric car|stard|tesla vs ford|electric car donuts|mach e|electric mustang|ken block mustang,1957588,47331,1381,3903,https://i.ytimg.com/vi/ZUwRnBhtevE/default.jpg,False,AU
nSWxinGg810,BEASTS OF THE WATERWORLD: Avatar-Themed Floating Mountains Paludarium for Ants,2020-09-05T12:00:10Z,UCONd1SNf3_QqjzjCVsURNuA,AntsCanada,15,20.10.09,2020|ants|pets|terrarium|ant farm|antfarm|antscanada|animals|insects|exotic pets|myrmecology,385555,29001,605,6375,https://i.ytimg.com/vi/nSWxinGg810/default.jpg,False,AU
PBOzG_wvWfI,David Blaine Ascension: The key moments,2020-09-02T18:03:06Z,UCshwRhftzkiov5wKR7M_LsQ,The Independent,25,20.10.09,David Blaine|Youtube|Ascension|stunt|Arizona|magic|perform|US|parachute,571658,6517,472,1142,https://i.ytimg.com/vi/PBOzG_wvWfI/default.jpg,False,AU
GRGqXodeL3w,These RTX 3090 memes didnt age well,2020-09-04T17:24:20Z,UCftcLVz-jtPXoH3cWUUDwYw,Bitwit,28,20.10.09,bitwit|bitwit kyle|computer|gaming pc|rtx 3090|rtx 3080|rtx 3070|rtx 3090 memes|rtx 3080 memes|rtx 3000 memes|bitwit rtx 3080|bitwit memes|bitwit reacts|reacting to memes|tech memes|pc gaming memes|gaming memes,718144,46804,1110,2439,https://i.ytimg.com/vi/GRGqXodeL3w/default.jpg,False,AU
iN2ERVo90QM,Minecraft Live: Announcement Trailer,2020-09-03T15:00:08Z,UC1sELGmy5jp5fQUugmuYlXQ,Minecraft,20,20.10.09,minecraft|minecon|minecraft live|minecraft live 2020|minecon 2020|minecraft dungeons|minecraft earth,2151241,121378,1251,17172,https://i.ytimg.com/vi/iN2ERVo90QM/default.jpg,False,AU
Rvk51mQqCVs,Veggie Hunt | Kevin James Short Film,2020-09-04T20:00:10Z,UC9k23HZ1xMiqxf4gFfmxr5w,Kevin James,23,20.10.09,Kevin James|King of Queens|Mall Cop|Mall Cop 2|Paul Blart|Hitch|kevin james comedy|kevin james sound guy|parody|skits|kevin james skit|saturday night live|comedy sketch|skit|Adam Sandler|Movies|Kevin James Youtube|will smith|The Crew|comedy|funny|stand up comedy|sketch|a bad lip reading|meme|movie meme|sound guy,620335,44351,514,2088,https://i.ytimg.com/vi/Rvk51mQqCVs/default.jpg,False,AU
4aaLNzQHZ28,Building a GIANT Flyover On Our Backyard Trails,2020-09-04T13:23:47Z,UC0QuCui5pNF9k9fiNXkqn_w,Skills With Phil,17,20.10.09,Mountain biking|mtb|mountain bike|bike|phil kmetz|Skills with Phl|Backyard trails|Mountain bike Feature|Backyard Features|Bike Park|Backyard Bike Park|The Playgrounds|MTB feature|Landscaping|Home Improvment|Bike park|Backyard|Rake|Shovel|Building|Bike trail|Building bike trail|bench cut|Backyard Bike Trail|MTB trail|shovel|rake|skillsaw|wooden drop|jump|mtb drop|Trail building|mtb trail|Fly Over|Flyover|Bridge|Wood,141441,7233,63,586,https://i.ytimg.com/vi/4aaLNzQHZ28/default.jpg,False,AU
jKZhswgTmgM,Cake Flavored Snacks Taste Test,2020-09-04T10:00:31Z,UCzpCc5n9hqiVC7HhPwcIKEg,Good Mythical MORE,24,20.10.09,gmm|good mythical morning|rhettandlink|rhett and link|mythical|rhett|mclaughlin|link|neal|good mythical more|gmmore|will it|taste test|gms2020|good mythical summer 2020,574688,16201,261,960,https://i.ytimg.com/vi/jKZhswgTmgM/default.jpg,False,AU
m6yepVJbUuI,NRL Highlights: Sea Eagles v Tigers - Round 17 | NRL on Nine,2020-09-05T10:20:46Z,UCBVrn_SGKAOv3yKPi4Oc3-A,NRL on Nine,17,20.10.09,NRL|Sport|Rugby League|Rugby|Nine|Wide World of Sports|WWOS|NRL on Nine|NRL Highlights|NRL 2019|NRL Video|NRL News|NRL 2020|telstra premiership|fox sports|fox league|nrl.com|national rugby league|sports|nrl big hits,61418,786,24,101,https://i.ytimg.com/vi/m6yepVJbUuI/default.jpg,False,AU
flgwsL1wAcE,The Worlds Hardest Video Game!,2020-09-04T18:32:50Z,UCIPPMRA040LQr5QPyJEbmXA,MrBeast Gaming,20,20.10.09,[none],5991201,332277,3986,27170,https://i.ytimg.com/vi/flgwsL1wAcE/default.jpg,False,AU
KqjtMKxn2TU,Kerser - Teenage Crime Remix,2020-08-30T07:20:02Z,UCIT9YObZxGVCOXHY3zKaoZA,TheKERSER,10,20.10.09,kerser|teenage crime|2020|story|abk|225|kerser new|wavey mixes,191188,5573,136,305,https://i.ytimg.com/vi/KqjtMKxn2TU/default.jpg,False,AU
c5AqSPDWflA,David Blaine ties Dixie to Giant Balloons  | The DAmelios,2020-08-31T17:00:10Z,UCIoBuVIZ9F30lmZ4ddTGnzw,The DAmelio Family,22,20.10.09,damelio|damelio|marc|marc damelio|marc damelio|heidi|heidi damelio|heidi damelio|dixie|dixie damelio|dixie damelio|charli|charli damelio|charli damelio|tik tok|tiktok|influencer|family|fun|sisters|mom|dad|mother|father|gadi|gadi schwartz|nbc|nbc news|nightly news|questions|answers|the damelios|the damelios|the damelio family|the damelio family|david blaine|david|blaine|magic|ascension|accession|youtube,4621665,149419,5128,4301,https://i.ytimg.com/vi/c5AqSPDWflA/default.jpg,False,AU
wxq4oHunvv0,Kerser - Ocean Eyes Remix,2020-08-30T07:19:47Z,UCIT9YObZxGVCOXHY3zKaoZA,TheKERSER,10,20.10.09,kerser|2020|wavey mixes|ocean eyes|kerser remix|kerser wave|lyric video|ocean eyes rap remix,195831,5481,176,301,https://i.ytimg.com/vi/wxq4oHunvv0/default.jpg,False,AU
otX8KOUUb4k,Victorian Premier Daniel Andrews unveils a roadmap to reopening the state | ABC News,2020-09-06T03:54:40Z,UCVgO39Bk5sMo66-6o6Spn6Q,ABC News (Australia),25,20.10.09,abc|coronavirus|covid-19|melbourne covid-19|victoria outbreak|pandemic|daniel andrews|new cases|daily death toll|lockdown|restrictions|victoria coronavirus|victorian premier|coronavirus victoria|coronavirus australia|covid|covid 19 victoria|covid victoria|victoria|victoria news|melbourne|melbourne news|melbourne news coronavirus,97788,821,913,0,https://i.ytimg.com/vi/otX8KOUUb4k/default.jpg,False,AU
QqrY8gUnM3o,My Dog Has a Puppy Sleepover | Part 1,2020-09-02T12:30:02Z,UCNSzfesc7IgWZwg4n6uXr1A,Tucker Budzyn,15,20.10.09,my dog has a puppy sleepover|my dog does weird things|we moved|dog reviews food|tucker taste test|taking my dog to the groomer|funny dog|my dog reacts|puppy playdate|tucker the golden|tucker the dog|tucker budzyn|tuckerbudzyn|golden retriever|funny animals|dog reviews food with girlfriend|booping my dog too many times|my dog reacts to giant cockroach|jealous dog reaction|dogs|tucker|gohan the husky|funny dog reaction|dog videos,2866121,82619,1590,6363,https://i.ytimg.com/vi/QqrY8gUnM3o/default.jpg,False,AU
5GVI2WWWvik,Im in the Cafe Chaos card game!,2020-09-04T23:55:44Z,UCn1XB-jvmd9fXMzhiA6IR0w,Domics,23,20.10.09,domics|animation,281101,19818,308,1294,https://i.ytimg.com/vi/5GVI2WWWvik/default.jpg,False,AU
v9W6sDd0RJc,NRL Highlights: Knights v Sharks - Round 17 | NRL on Nine,2020-09-04T10:09:40Z,UCBVrn_SGKAOv3yKPi4Oc3-A,NRL on Nine,17,20.10.09,NRL|Sport|Rugby League|Rugby|Nine|Wide World of Sports|WWOS|NRL on Nine|NRL Highlights|NRL 2019|NRL Video|NRL News|NRL 2020|telstra premiership|fox sports|fox league|nrl.com|national rugby league|sports|nrl big hits|Round 17|NRL on NINE|Newcastle Knights|Cronulla Sharks|Mitch Pearce|Kalyn Ponga|David Klemmer|Shaun Johnson|Andrew Fifita|Josh Dugan|John Morris|Adam O‚ÄôBrien,79061,944,19,257,https://i.ytimg.com/vi/v9W6sDd0RJc/default.jpg,False,AU
