video_id,title,publishedAt,channelId,channelTitle,categoryId,trending_date,tags,view_count,likes,dislikes,comment_count,thumbnail_link,ratings_disabled,duration,country,classementCountry
f81IeiIkhEc,Z√© Neto e Cristiano - LIVE RESGATANDO TRADI√á√ïES,2020-09-13T05:19:07Z,UCRRu9OXVYd5clj2Bs29gUVQ,Z√© Neto e Cristiano,10,20.13.09,ze neto e cristiano|workhow|workshow live|live|live sertanejo|Mar√≠lia Mendon√ßa|Z√© Neto & Cristiano|Maiara & Mara√≠sa|Diego & Victor Hugo|barzinho aleat√≥rio|bruno e marrone|live bruno e marrone,2734636,133374,2223,251,https://i.ytimg.com/vi/f81IeiIkhEc/default.jpg,False,,BR,1
U3mluPLjBwI,Treinaria o Corinthians? OLHA o que Rog√©rio Ceni RESPONDEU h√° duas semanas!,2020-09-12T15:15:02Z,UCv-Nx8pSfG_LxbViMz14RWQ,Jovem Pan Esportes,17,20.13.09,Corinthians|t√©cnico do Corinthians|novo t√©cnico do corinthians|tiago nunes|ceni|rog√©rio ceni|rog√©rio ceni no corinthians|andr√©s sanchez rog√©rio ceni|ceni no corinthians|tim√£o|meu tim√£o|esporte em discuss√£o|jovem pan esportes|camisa 10|treinador do corinthians,1638768,21545,1328,1761,https://i.ytimg.com/vi/U3mluPLjBwI/default.jpg,False,,BR,2
YiDwF_Sb9W8,LBFF - Rodada 7 - Grupos A e B | Free Fire,2020-09-12T19:39:03Z,UCr4ARxgElIO21GWfIraZezg,Free Fire - Brasil,20,20.13.09,free fire|free fire ao vivo|ao vivo|lbff ao vivo|lbff|free fire brasil|liga brasileira de free fire,2476205,238298,2081,815,https://i.ytimg.com/vi/YiDwF_Sb9W8/default.jpg,False,,BR,3
6vctXhE96eg,SANTOS 2 X 2 S√ÉO PAULO | MELHORES MOMENTOS | 10¬™ RODADA BRASILEIR√ÉO 2020 | ge.globo,2020-09-13T01:00:07Z,UCgCKagVhzGnZcuP9bSMgMCg,ge,17,20.13.09,Santos x s√£o paulo|santos x sao paulo|s√£o paulo x santos|sao paulo x santos|Santos|Santos fc|Le√£o do Mar|Peixe|S√£o Paulo|sao paulo|tricolor|Tricolor Paulista|spfc|Melhores momentos|futebol|gol|√© gol|futebol nacional|lances|times de futebol|gols|Campeonato Brasileiro|Brasileir√£o|Brasileir√£o 2020|Brasileirao|esportes|ge|ge.globo|globo esporte|globo|globoesporte.com|sportv|sansao|sans√£o|cl√°ssico|santos 2 x 2 sao paulo|san x spfc|san x spo,693672,16872,476,1434,https://i.ytimg.com/vi/6vctXhE96eg/default.jpg,False,,BR,4
JyGEfwytygk,O Fred t√° namorando a Boca Rosa?,2020-09-12T14:00:03Z,UCFjrDmEnxrG5TRGVO0TPHLA,Desimpedidos,17,20.13.09,desimpedidos|bolivia|futebol humor|futebol comedia|engra√ßado|futebol|zueira|gol|gola√ßo|tricks|soccer|mitagem|dibre|drible|time|disimpedidos|disimpididos|desimpididos|Boca Rosa|Bianca Andrade|Hist√≥ria|Namoro|Casamento|Maquiadora|Maqueadora|Youtubers|Marca|Apresentadores|M√¥nica|Villa Mix|rezendeevil|Juninho Manella|Vosso Canal|Juninho|Funk|Top|cristiano ronaldo,1105504,136359,1128,3655,https://i.ytimg.com/vi/JyGEfwytygk/default.jpg,False,,BR,5
851uKS1J-jQ,Live Gian & Giovani - Juntos Somos Mais Fortes,2020-09-13T04:10:16Z,UCL_4PX1WmsISTkrHHA0j6qA,Gian e Giovani Oficial,10,20.13.09,gian e giovani|gian|gg|live top sertanejo|cochar|cochar som|top sertanejo,244997,6257,103,34,https://i.ytimg.com/vi/851uKS1J-jQ/default.jpg,False,,BR,6
u8zgXVLertA,Live INCONDICIONALMENTE Lim√£o,2020-09-13T05:34:28Z,UCESwBZaWSnDcJjdqouSWFog,Lim√£o com Mel,10,20.13.09,[none],217093,7217,126,93,https://i.ytimg.com/vi/u8zgXVLertA/default.jpg,False,,BR,7
cY785RtZj6o,LIVE SANDRO E CICERO | Circuito Brahma Lives,2020-09-13T01:18:13Z,UCiQa02EzwZOl2ljDJSF8G7A,Sandro e C√≠cero,10,20.13.09,live|live sertaneja|sandro e cicero|me adota|barzinho aleatorio|barretos|barretao|live no barretao|live sandro e cicero|live hoje|workshow|live sertanejo|live hoje ze neto e cristiano|esquenta|live esquenta|live ao vivo|live agora|live maiara e mara√≠sa|maiara e maraisa|bruno e marrone|ze neto e cristiano|live ze neto,248141,2117,81,35,https://i.ytimg.com/vi/cY785RtZj6o/default.jpg,False,,BR,8
FeXzg4yTfLU,Maiara e Maraisa #AquinaFazenda,2020-09-12T03:43:48Z,UCULzCZWkkOb9dW8rr6dguQQ,Maiara e Maraisa,10,20.13.09,se olha no espelho|cristiano araujo|maiara e maraisa|show completo|o que temos pra hoje √© saudade|efeitos|ce que sabe|Jorge & Mateus (Musical Group)|Gusttavo Lima (Musical Artist)|M√∫sica Sertaneja (Musical Genre)|Rede Globo (TV Network)|Luan Santana (Musical Artist)|Pessoa Errada|Maiara e Maraisa Pessoa Errada,1778708,65481,1329,464,https://i.ytimg.com/vi/FeXzg4yTfLU/default.jpg,False,,BR,9
CDoywT44ayA,Kant - Far Away | Prod. Chiocki,2020-09-12T15:00:10Z,UCFYpWXxngv7ztpP3Uagv6mA,Kant,10,20.13.09,Rap|nacional|Free|freestayle|rima|na|hora|batalha|de|rap|mcs|do|santa|cruz|da|led|bh|rinha|dos|liga|nocauti|beat|box|hip|hop|grafiti|skate|sp|brun√£o|teoria|absoluta|bruul|vida|racionais|cultura|fac√ß√£o|central|manos|minas,246468,56716,554,2500,https://i.ytimg.com/vi/CDoywT44ayA/default.jpg,False,,BR,10
5p9Pb_m_ytM,Jojo Todynho vai impor regras para organizar a cozinha | A Fazenda 12,2020-09-13T08:37:57Z,UCw4YGFtvDgOL09KrFpqj6kg,A Fazenda,24,20.13.09,acelere|aclr|a fazenda|fazenda talks|marcos mion|rodrigo carelli|multiplataforma|reality show|record tv|pe√µes|ro√ßa|prova do fazendeiro|poder da chama|prova de fogo|Biel|Carol Narizinho|Cartolouco|Fernandinho Beatbox|Jakeyne Oliveira|Jojo Todynho|JP Gad√™lha|Juliano Ceglia|Lidi Lisboa|Lipe Ribeiro|Lucas|Maciel|Luiza Ambiel|Mariano|Mateus Carrieri|MC Mirella|Raissa Barbosa|Rodrigo Moraes|St√©fani Bays|Tays Reis|Vict√≥ria Villarim,626842,26755,492,1532,https://i.ytimg.com/vi/5p9Pb_m_ytM/default.jpg,False,,BR,11
_Pn37qzQr38,SUPERCOPA 2020 AO VIVO! BAYERN X REAL MADRID,2020-09-11T23:17:37Z,UCFjrDmEnxrG5TRGVO0TPHLA,Desimpedidos,17,20.13.09,desimpedidos|engra√ßado|futebol|zueira|gol|gola√ßo|time|disimpedidos|disimpididos|desimpididos|Supercopa Desimpedidos|Supercopa Desimpedidos 2020|Supercopa 2020|Fred Desimpedidos|Fred|Chicungunha Desimpedidos|Bol√≠via Desimpedidos|Times Supercopa Desimpedidos 2020|Supercopa Sorteio|Sorteio Supercopa Desimpedidos|Real Madrid|Bayern de Munique|futebol humor|futebol comedia|mitagem|bolivia|supercopa|supercopa desimpedidos|futebol ao vivo|futebol ao vivo com imagem,1677912,142604,3041,1948,https://i.ytimg.com/vi/_Pn37qzQr38/default.jpg,False,,BR,12
wxBb8ADY7SA,BASTIDORES DO DERBY | Corinthians 0 x 2 Palmeiras | BRASILEIRO 2020,2020-09-12T13:00:13Z,UCBKc-rPDivvwFiWdG-81wxw,TV Palmeiras/FAM,17,20.13.09,palmeiras|tv palmeiras|sociedade esportiva palmeiras|gols do palmeiras|bastidores do palmeiras|corinthians x palmeiras|corinthians 0 x 2 palmeiras|Brasileiro 2020|bastidores derby|Bastidores palmeiras x Corinthians|Que momento|Que momento palmeiras,217842,24563,210,1469,https://i.ytimg.com/vi/wxBb8ADY7SA/default.jpg,False,,BR,13
Afu8b6nGEO8,Live - Bruna Viola - Brasa & Viola - Drive In,2020-09-13T02:10:13Z,UCIjP9TTMtv5yH4AwUndeaew,Bruna Viola,10,20.13.09,[none],120094,4213,68,32,https://i.ytimg.com/vi/Afu8b6nGEO8/default.jpg,False,,BR,14
G9toVBRHs-Y,LEON EST√Å EM BUSCA DA VIT√ìRIA!,2020-09-12T22:04:00Z,UCSRmIdDu1XFDr2iViBvcEDA,Controle Dois,20,20.13.09,Controle Dois|ControleDois|Controle|Dois|Controle2|Controle 2|Games|Jogos|leon|leon no controle dois|leon coisa de nerd|leon e nilce|leon jogando fall guys|leon e nilce jogando fall guys|fall guys|jogando fall guys|ganhando no fall guys|fall guys jogo|leon est√° em busca da vit√≥ria|leon jogando fall guys no controle dois|fall guys no controle dois|leon republica,129545,20388,181,395,https://i.ytimg.com/vi/G9toVBRHs-Y/default.jpg,False,,BR,15
ZPcG9PCfagM,Matu√™ - M√°quina do Tempo,2020-09-11T01:30:08Z,UCoHV8LxUFKeIvifJsB3c7Ww,30PRAUM,10,20.13.09,matu√™|tu√™|matue|30|30praum|praum|rap|trap|hip|hop|pop|mature|matue maquina do tempo|matue 2020|matue status|matue musica nova|matue as melhores musicas|lan√ßamento do matue|novidades do matue|maquina do tempo matue oficial|maquina do tempo oficial|maquina do tempo letra|matue musicas|lan√ßamento tue|matue para status|maquina do tempo audio|matue maquina do tempo musica|matue album,7504336,636264,7796,28649,https://i.ytimg.com/vi/ZPcG9PCfagM/default.jpg,False,,BR,16
NQBiBGPGqk4,BRUNA MARQUEZINE CONTA TUDO!!! - RESPONDENDO AOS GIOHS,2020-09-12T13:00:08Z,UCTCykZFeSbgMuL2ZzhSyVzg,GIOH,24,20.13.09,Giovanna|Ewbank|Gio|Gioh|Bruno|Gagliasso|Divers√£o|Celebridades|Estrelas|Na|Cama|Famosos,450524,60014,715,1122,https://i.ytimg.com/vi/NQBiBGPGqk4/default.jpg,False,,BR,17
eZaTqO9ekOE,LIVE PEDRA LETICIA I 15 ANOS I #FiqueEmCasa e Cante #Comigo,2020-09-12T23:26:09Z,UCnOoQt51D8tHnethj9rRm6A,Pedra Let√≠cia,10,20.13.09,#pedraleticia|#pedra|#leticia|#fabiano|#cambota|pedra leticia|pedraleticia|fabianocambota|fabiano|cambota|m√∫sica|live|show|banda|alivedaslives|Live das Lives,102903,10309,72,176,https://i.ytimg.com/vi/eZaTqO9ekOE/default.jpg,False,,BR,18
lwyLmcYrf1o,Gilberto Gil e Gilsons @ Coala.VRTL 2020,2020-09-13T01:41:52Z,UCStXqgyucmicmfhpvnJK6cw,Gilberto Gil,10,20.13.09,[none],55619,3893,33,64,https://i.ytimg.com/vi/lwyLmcYrf1o/default.jpg,False,,BR,19
3c_tS3BOjSc,#T√°VindoVit√≥ria - Live Rose Nascimento -  | #FiqueEmCasa e Cante #Comigo,2020-09-13T02:25:09Z,UCNa-Tg8iWih5ybSnmm3ZbTw,Rose Nascimento (Oficial),10,20.13.09,[none],50301,4090,54,112,https://i.ytimg.com/vi/3c_tS3BOjSc/default.jpg,False,,BR,20
BCI16e4yiow,Epis√≥dio 04 - Sexta Temporada | Bake Off Brasil - M√£o na Massa,2020-09-12T12:01:07Z,UCw2WDC9gc0jzoHsoRAzR9Yw,Bake Off Brasil,24,20.13.09,bake off brasil|bake off|m√£o na massa|bake off brasil m√£o na massa|nadja haddad|olivier anquier|beca milano|sexta temporada bake off brasil|epis√≥dio 04|epis√≥dio 04 bake off brasil,199080,7134,168,636,https://i.ytimg.com/vi/BCI16e4yiow/default.jpg,False,,BR,21
urO5u6TvxYY,MC Nay e MC Bielzinho ZL - Dona Am√©lia Part. Toguro (Video Clipe Oficial) DJ Totu,2020-09-11T21:00:10Z,UC9OMsuaqvGdF0MtK3gYYNkA,Love Funk,10,20.13.09,funk|mc|sp love funk|love filmes|kondzilla|kond|zilla|2020|LOVE FUNK|LOVE FUNK TV|dona am√≠lia|toguro|love funk tv|mc nay|mc bielzinho,926485,138269,1405,6213,https://i.ytimg.com/vi/urO5u6TvxYY/default.jpg,False,,BR,22
wVRd4Hyctp8,HIGHLIGHTS & REACTION | Bar√ßa 3-1 N√†stic,2020-09-12T20:39:01Z,UC14UlmYlSNiQCBe9Eookf_A,FC Barcelona,17,20.13.09,FC Barcelona|ÿ®ÿ±ÿ¥ŸÑŸàŸÜÿ©ÿå|F√∫tbol|FUTBOL|soccer|FUTEBOL|Sepakbola|„Çµ„ÉÉ„Ç´„Éº|ŸÉÿ±ÿ© ÿßŸÑŸÇÿØŸÖ|football|FCB|Bar√ßa|Sport|Club|Barcelona|CAMP NOU|ter stegen|semedo|pique|busquets|suarez|luis suarez|messi|goat|leo messi|messi skills|dembele|neto|lenglet|griezmann|antoine griezmann|yt:cc=on|ansu fati|riqui puig|koeman|trincao|coutinho|nastic|friendly|3-1|estadi johan cruyff|comeback|highlights|goals|new kit|transfers|new signing|Konrad de la Fuente|Araujo|Ale√±√°|Gimn√†stic Tarragona,2291458,69949,1764,3478,https://i.ytimg.com/vi/wVRd4Hyctp8/default.jpg,False,,BR,23
N0QqNGbpTK0,LOST & CROWNED | A Clash Short,2020-09-12T03:45:10Z,UCD1Em4q90ZUK2R5HKesszJg,Clash of Clans,20,20.13.09,clash of clans|COC|Clash of Clans Gameplay|Clash of Clans Strategy|Clash of Clans Animation|Clash of Clans Commercial|Clash of Clans Attacks|Clash of Clans Town Hall|Hog Rider|PEKKA|Clan Wars|season challenges|clan war leagues|clash on|clan game|clash of clans movie|clash royale movie|clash short film|coc movie|lost and crowned|peter and larry,28128097,419495,17795,22896,https://i.ytimg.com/vi/N0QqNGbpTK0/default.jpg,False,,BR,24
umfhduWXCCc,"PlayStation 5 Showcase ‚Äì Wednesday, September 16",2020-09-13T00:40:16Z,UC-2Y8dQb0S6DtpxNgAKoJKA,PlayStation,20,20.13.09,PlayStation|Announement|Stream|Games|Developers|Reveal,1406816,106065,2948,11745,https://i.ytimg.com/vi/umfhduWXCCc/default.jpg,False,,BR,25
500bkaQh6U8,Live - Inimigos da HP #DriveIndaBandFM,2020-09-13T03:03:04Z,UChG4PctZiywvO5w2AtnN6iQ,Inimigos da HP,24,20.13.09,[none],82640,983,17,6,https://i.ytimg.com/vi/500bkaQh6U8/default.jpg,False,,BR,26
AZA2ZIAMjqc,Live #CumpraSe - Marcos & Belutti | #FiqueEmCasa e Cante #Comigo,2020-09-12T07:25:10Z,UC605s7hMHDSDaUx3txHckGQ,Marcos e Belutti,10,20.13.09,marcos e belutti|live|marcos|belutti|circuito brahma|ao vivo|sertanejo|top sertanejo|melhor sertanejo|cumpra se|mod√£o|sofr√™ncia|maiara e mara√≠sa|z√© neto e cristiano|bruno e marrone|leonardo|henrique e juliano|sony music|playlist top|gusttavo lima|michel tel√≥|amigos|mar√≠lia mendon√ßa|quarentena|fique em casa|cante|comigo|cumpra-se,538520,19090,298,185,https://i.ytimg.com/vi/AZA2ZIAMjqc/default.jpg,False,,BR,27
9lZ8Y40kyVQ,DUBDOGZ LIVE (SHERATON RIO DE JANEIRO),2020-09-13T01:12:14Z,UCnEJYGEXs33Zaomfdgc050Q,Dubdogz,10,20.13.09,dubdogz liu|dubdogz live|liu live|churras dogz|churrasdogz|liu|dubdogz|live liu|live dubdogz,43299,3327,12,63,https://i.ytimg.com/vi/9lZ8Y40kyVQ/default.jpg,False,,BR,28
8v_Q5bxKHUE,NETO PISTOLA: TIM√ÉO TIRA O CRAQUE NO S√âRIO AP√ìS DERROTA PRO VERD√ÉO | OS DONOS DA BOLA,2020-09-11T16:29:17Z,UCjlcZ5YIXlBTaob0BkS_gDg,Os Donos da Bola,17,20.13.09,craque neto|os donos da bola|band|futebol|corinthians|tiago nunes|fiel torcida|tim√£o|coring√£o,830970,24129,1064,1900,https://i.ytimg.com/vi/8v_Q5bxKHUE/default.jpg,False,,BR,29
f-_WNlceqhU,Marcos & Belutti - Tudo Indica part. Jorge e Mateus (Cumpra-se),2020-09-11T14:00:08Z,UC605s7hMHDSDaUx3txHckGQ,Marcos e Belutti,10,20.13.09,marcos e belutti|cumpra-se|tudo indica|jorge e mateus|jorge & mateus|sertanejo|sofr√™ncia|melhor sertanejo|top sertanejo|playlist sertaneja|melhor lan√ßamento|lan√ßamento 2020|lan√ßamento,2024721,22680,638,649,https://i.ytimg.com/vi/f-_WNlceqhU/default.jpg,False,,BR,30
dt8SWGVM9B0,RTX 3080! O MONSTR√ÉO de 30TFLOPS t√° sa√≠ndo do forno!,2020-09-12T17:00:04Z,UCGH4Wx-WL10iB4ZAdewkuDw,Adrenaline,28,20.13.09,[none],195797,26868,262,1586,https://i.ytimg.com/vi/dt8SWGVM9B0/default.jpg,False,,BR,31
JVQ6q_oHmHE,LIVE CARTOLA FC RODADA 10 - QUEM JOGA E QUEM N√ÉO JOGA?,2020-09-12T17:05:05Z,UCAuvouPCYSOufWtv8qbe6wA,Camillo JOGA10,20,20.13.09,CartolaFc|Cartola|FC|Camillo|Dicas|Futebol|rjcn12345|2020,181079,15654,166,44,https://i.ytimg.com/vi/JVQ6q_oHmHE/default.jpg,False,,BR,32
7qSM9Af5Mjo,MEU NAMORADO DECIDIU MINHA TRANSFORMA√á√ÉO!!!,2020-09-12T15:00:03Z,UCsaB2VrLZrtGbum6Eo0ClbA,Virg√≠nia Fonseca,22,20.13.09,vih|virginia|fonseca|virginia fonseca|rezende|rezendeevil|virginia e rezende|transforma√ß√£o|meu namorado decidiu minha transforma√ß√£o|vlog transforma√ß√£o|vlog virginia|video todo dia|virginia video todos os dias|virginia e ze felipe|ze felipe cantor|ze felipe|adr|cor|cor de cabelo|marcelo e virginia|manu,1154389,220220,3527,4623,https://i.ytimg.com/vi/7qSM9Af5Mjo/default.jpg,False,,BR,33
2QI_OI_JI04,CAIPIRA CHIFRUDO - PARAFUSO SOLTO,2020-09-10T13:00:01Z,UCfV1FFayeqmW7HzOETTGZhw,Parafuso Solto,23,20.13.09,humor|comedia|rir|engra√ßado|juiz de fora|marquinho|kelly|piada|video|parafuso solto,1962727,66079,3574,1255,https://i.ytimg.com/vi/2QI_OI_JI04/default.jpg,False,,BR,34
8PIYFO1KkOI,ELA QUER ELE - MANO DOIDO PARAFUSO SOLTO,2020-09-11T13:00:06Z,UCNriqfie6makNPGqNtO_0uA,ManoDoido Parafuso Solto,23,20.13.09,piada|humor|com√©dia|engra√ßado,192976,12159,368,377,https://i.ytimg.com/vi/8PIYFO1KkOI/default.jpg,False,,BR,35
IMdWdkrkc1o,"Para o Inter, Cavani jogar√° no Gr√™mio",2020-09-11T14:52:41Z,UCZqLwvgBgcSV5onlSrxkjQQ,Leonardo Meneghetti,22,20.13.09,Inter|Gr√™mio|Duplagrenal|Cavani|Cavaninogremio|Paraointercavanijogaranogremio|Interachaquecavanijogaranogremio|Intercavanigremio|Cavanigremio|Contrata√ß√£odecavani|Uruguaiocavanigremio,138471,9435,406,1388,https://i.ytimg.com/vi/IMdWdkrkc1o/default.jpg,False,,BR,36
CwS9Gmpsqms,+ 15 ADAPTA√á√ïES NAS DUBLAGENS BR!,2020-09-10T21:00:01Z,UCBFLqK7PAP9DQ3JpIrWFI7w,Pipocando,24,20.13.09,pipocando|rolandinho|bruno bock|cinema|s√©ries|filmes|melhores filmes|piores filmes|cenas|listas|curiosidades|humor|ADAPTA√á√ïES NAS DUBLAGENS BR|adapta√ß√µes nas dublagens brasileiras|adapta√ß√µes nas dublagens|dublagens|dublagens br|dublagem|dublagem br|dublagem brasileira|adapta√ß√µes brasileiras nas dublagens|dublagem disney|dublagem brasileira disney|dublagem desencanto|dublagem vingadores ultimato|dublagem t√° dando onda|dublagem a nova onda do imperador|dub|br,484799,67864,479,1288,https://i.ytimg.com/vi/CwS9Gmpsqms/default.jpg,False,,BR,37
gUx_R3YZf_A,PERGUNTAS COM O MEU IRM√ÉO// por Marcela Montellato,2020-09-10T22:21:20Z,UCf039w0J_37HfUFKVMv1BqQ,Marcela Montellato,22,20.13.09,[none],439004,105569,402,2592,https://i.ytimg.com/vi/gUx_R3YZf_A/default.jpg,False,,BR,38
c2u2PvD2iSs,Brawl Stars Animation: Welcome to the Gift Shop!,2020-09-10T13:13:32Z,UCooVYzDxdwTtGYAkcPmOgOw,Brawl Stars,20,20.13.09,brawl stars|mobile game|mobile strategy game|mobile rpg|mobile battle royale|battle royale|supercell game|animation|gift shop|starr park|starr|park,15811005,235275,3206,10825,https://i.ytimg.com/vi/c2u2PvD2iSs/default.jpg,False,,BR,39
1lKiGT5Wr44,Travess√£o Insano com Thiago Ventura e Futblack!,2020-09-10T22:00:00Z,UCacMjDLANAoJmxSzxweAV4w,Falc√£o 12,17,20.13.09,Falc√£o|Falcao|Falc√£o 12|futsal|futebol|indoor soccer|desafios|entrevistas de futebol|tricks|freestyle|dribles|carretilha|lambreta|soccer|best world player|brasil|Brazil|gola√ßo|great goals|desafios de futebol|freestyle soccer|soccer skills|football skills|brazilian player|brazilian soccer,296549,36188,135,460,https://i.ytimg.com/vi/1lKiGT5Wr44/default.jpg,False,,BR,40
kBtP8sHgcs4,"‚ô´ CR7 √â UMA LENDA - 100 GOLS POR PORTUGAL | Par√≥dia ME! - Taylor Swift, Brendon Urie",2020-09-11T14:20:47Z,UCGFNp4Pialo9wjT9Bo8wECA,FutPar√≥dias,17,20.13.09,Futebol|FutParodias|Par√≥dia|futparodia|futeparodia|parodia|fut parodia|fut parodias|Par√≥dia com Jogadores|cristiano ronaldo|cr7|cr7 futparodias|portugual|sele√ß√£o portuguesa|100 gols|cr7 100 gols|gols do cr7|gola√ßos cristiano ronaldo|taylor swift|brendon urie|parodia taylor swift|me taylor swift|robozao|gajo|cristeamo ronaldo|papai cris,984451,141384,1774,6389,https://i.ytimg.com/vi/kBtP8sHgcs4/default.jpg,False,,BR,41
ef2H2ChwzHI,COMO MATAR AULA ON-LINE! - Hora de P√¥r Caf√© (Parte 66),2020-09-10T22:00:09Z,UCuxfOdbKQy0tgGXcm9sjHiw,Coisa de Nerd,24,20.13.09,leon|coisadenerd|coisa de nerd|portugu√™s|brasil|pt-br|br|humor|trocadilho|trocadilhos|com√©dia|trocadilhos ruins|piadas|piada|perguntas|perguntas sobre a vida|aula on-line|ead|nota de 200 Reais|Enfim|a hipocrisia,946603,171293,1035,7556,https://i.ytimg.com/vi/ef2H2ChwzHI/default.jpg,False,,BR,42
DvqKROuCcdA,FINALIZANDO MEU CABELO EM TRANSI√á√ÉO,2020-09-10T20:28:19Z,UCbYkVYfzcTj9gkTPxbHBWwQ,Sthefane Matos,22,20.13.09,[none],139481,30337,403,1191,https://i.ytimg.com/vi/DvqKROuCcdA/default.jpg,False,,BR,43
mIbmDiEJHKQ,DEU TRETA?! ELA DISSE TUDO QUE ODEIA NELE NA LOUD!!,2020-09-10T22:02:00Z,UC7iwNp4GUynlGXvK-6KD0Rw,LOUD,20,20.13.09,free fire|mobile|playhard|crusher|loud,1714309,347243,2651,9127,https://i.ytimg.com/vi/mIbmDiEJHKQ/default.jpg,False,,BR,44
XLC88glJHSs,30 MCFRITAS DO MCDONALDS + CHEDDAR + BACON!! [10.000+ KCAL],2020-09-10T13:58:27Z,UCFgDfnoYhWM48p072kjJ8zQ,Corbucci Eats,24,20.13.09,masterchef|erik|jaquin|foga√ßa|chef|falindo|restaurantes|corbucci|desafio|challenge|comida|food|mcdonalds|noodles|burger|ifood|miojo|macarr√£o|gordo|feiojoada|churrascaria|carne|rod√≠zio|pizza|outback|batata|frita|PASTEL|past√©is|p√°scoa|chocolate|pudim|padoca|gula|picanha|sandu√≠che|mc donalds|bacon|nutella|milk|shake|milkshake|sorvete|coxinha|fritura|massa|queijo|presunto|calabresa|mini|fries|french,746645,67912,657,2519,https://i.ytimg.com/vi/XLC88glJHSs/default.jpg,False,,BR,45
HlGqp2KoLGA,A PROFESSORA HUMILDE FOI EXPULSA DA ESCOLA ( Nathanflix ),2020-09-11T13:30:11Z,UC_GPxaepRgIMY1CY5Cqoc5w,Nois √© Pobre,24,20.13.09,nois √© pobre|nathanflix|nois e pobre|nathan braga|netflix|pobre|nathan|canal de pobre|filmes caseiros|filmes|aluno pobre|HUMILDE|PROFESSORA|A PROFESSORA HUMILDE FOI EXPULSA DA ESCOLA|A PROFESSORA HUMILDE,365056,29606,760,1802,https://i.ytimg.com/vi/HlGqp2KoLGA/default.jpg,False,,BR,46
Wptbd1Ei5mI,AMIGA TALARICA!,2020-09-11T12:00:28Z,UCoIrFSMG4kt0hNF6KBgga0w,Dinah Moraes,23,20.13.09,[none],544270,53907,734,1835,https://i.ytimg.com/vi/Wptbd1Ei5mI/default.jpg,False,,BR,47
2T_ptD9JCo0,30 TERAFLOPS!? | Unboxing da INCR√çVEL NVIDIA Geforce RTX 3080,2020-09-10T15:16:06Z,UCWKtHaeXVzUscYGcm0hEunw,BRKsEDU,20,20.13.09,BRKsEDU|BRKs EDU|BRKs_EDU|BRKs|EDU|30 Teraflops|30|Teraflops|30 TF|30TF|30 TFs|Unboxing|NVIDIA|Geforce|Ampere|3080|NVIDIA RTX|RTX|RTX 3080|NVIDIA 3080|NVIDIA RTX 3080|Ray Tracing|Placa de V√≠deo|GPU|Placa|de|V√≠deo,595394,84354,1169,3483,https://i.ytimg.com/vi/2T_ptD9JCo0/default.jpg,False,,BR,48
AYxQcIc0HNY,FREE FIRE AO VIVO - LIGA NFA SEASON4 | DIA 29 - GRUPO AxB - #NFAS4,2020-09-10T03:06:37Z,UCIVnGR9XPef8boJWJHfQAiA,NFA CHANNEL,20,20.13.09,liga nfa|nfa|liga|free fire|garena|lbff|copa ff|liga brasileira|pro player|campeonato|torneio|ss|bdl|b4|los grandes|lgd|loud|loudgg|laude|pain|faz o p|god|god esports|deuses|kof|anarchysons|intz|fsk|forsaken|samuca|ale|el|gato|piu|piuzinho|thurzin|maellen|booyah|voltan|codiguin|cerol|bak|coreano|jordan|racha|price|elton|eltin|huntergod|wins|hudson|nobru|tv|ygorx|dantes|since|sharin|will|bradook|kronos|ggeasy|babi|coringa|victor|levelup|buxexa|crusherfooxi|esports|blak|blakn444,1591402,179869,1851,614,https://i.ytimg.com/vi/AYxQcIc0HNY/default.jpg,False,,BR,49
cBPSxS0IlLQ,DICAS DA RODADA 10 | CARTOLA FC 2020: NOSSO CAPIT√ÉO N√ÉO PARA DE MITAR!,2020-09-11T15:53:27Z,UCJVbvkrBLp7L2pnaqc5CmQQ,Cartoleiros Gazeta do Povo,17,20.13.09,cartola|cartola fc|cartola 2020|dicas cartola 2020|cartola fc 2020|cartoleiros gazeta do povo|gazeta do povo cartola|cartoleiros gp|professor cartola|dicas cartola 10¬™ rodada|dicas cartola rodada 10|futeloucos,186762,19262,147,1216,https://i.ytimg.com/vi/cBPSxS0IlLQ/default.jpg,False,,BR,50
RkppF8ti0HI,COME√áOU! Rola a primeira vota√ß√£o da temporada I A Fazenda 12,2020-09-09T07:01:49Z,UCw4YGFtvDgOL09KrFpqj6kg,A Fazenda,24,20.13.09,acelere|aclr|a fazenda|vem a√≠ a fazenda|fazenda talks|marcos mion|rodrigo carelli|lucas salles|multiplataforma|reality show|record tv|pe√µes|ro√ßa|prova do fazendeiro|poder da chama|prova de fogo|Andr√©a N√≥brega|Aricia Silva|Bif√£o|Diego Grossi|Drika Marinho|Guilherme Le√£o|Hari Almeida|Lucas Viana|Netto|Phellipe Haagensen|Rodrigo Phavanello|Sabrina Paiva|Tati Dias|Thayse Teixeira|T√∫lio Maravilha,2631061,80764,2192,4194,https://i.ytimg.com/vi/RkppF8ti0HI/default.jpg,False,,BR,51
NgCjAYqbINU,"Duzz - Metamorfose Avalanche (prod. LR Beats, Ecologyk) (dir. @tpiresbr)",2020-09-10T03:00:05Z,UCvoWJPM95HZ7pT-HxpQ8FMw,duzz,10,20.13.09,duzz|aquecendo a nave|metamorfose avalanche|lr beats|ecologyk|ep|trap|matue,583349,63207,747,5876,https://i.ytimg.com/vi/NgCjAYqbINU/default.jpg,False,,BR,52
4y7b03zOqGg,Mundos Paralelos Existem?,2020-09-10T20:19:41Z,UCn9Erjy00mpnWeLnRqhsA1g,Ci√™ncia Todo Dia,28,20.13.09,universos paralelos|universo paralelo|mundo paralelo|mundos paralelos|multiverso|teoria das cordas|fatos desconhecidos|curiosidades|universo|espiritualidade|f√≠sica qu√¢ntica|astronomia|mec√¢nica qu√¢ntica|fisica quantica|mecanica quantica|cosmos|multiversos|quantica|teoria do multiverso|f√≠sica qu√¢ntica e espiritualidade|quarta dimens√£o|universo alternativo|quarta dimensao|universos paralelos existem|lei da atra√ß√£o|realidades paralelas|energia|realidade paralela,146210,27447,98,1318,https://i.ytimg.com/vi/4y7b03zOqGg/default.jpg,False,,BR,53
pkG8HvCbO6M,A VERDADE SOBRE A CRIATURA MISTERIOSA QUE FOI FLAGRADA PELAS RUAS DO BRASIL,2020-09-10T18:26:44Z,UCj0O6W8yDuLg3iraAXKgCrQ,Voc√™ Sabia?,24,20.13.09,criatura misteriosa|a verdade sobre|voce|sabia|curiosidades|criatura de ilheus|fake|falso|mentira|computacao grafica|monstro de ilheus|criatura|gravado|flagrado|capturado|pelas ruas do brasil|entenda o caso,2288121,398408,3802,25381,https://i.ytimg.com/vi/pkG8HvCbO6M/default.jpg,False,,BR,54
sk-qyR224fU,[MV] ÎßàÎßàÎ¨¥(MAMAMOO) - WANNA BE MYSELF,2020-09-10T09:00:10Z,UCuhAUMLzJxlP1W7mEk0_6lA,MAMAMOO,10,20.13.09,MAMAMOO|ÎßàÎßàÎ¨¥|WANNA BE MYSELF|ÎßàÎßàÎ¨¥ WANNA BE MYSELF|ÏïàÎã§Î•¥|andar|ÎßàÎßàÎ¨¥ ÏïàÎã§Î•¥|ÎßàÎßàÎ¨¥ andar|MAMAMOO andar|WANNA BE MYSELF MV|WANNA BE MYSELF ÎÆ§ÏßÅÎπÑÎîîÏò§|WANNA BE MYSELF ÎÆ§ÎπÑ,10909892,961689,6411,64176,https://i.ytimg.com/vi/sk-qyR224fU/default.jpg,False,,BR,55
v438DURGUHU,COLETIVA I LUXEMBURGO I Corinthians 0 x 2 Palmeiras,2020-09-11T00:40:21Z,UCBKc-rPDivvwFiWdG-81wxw,TV Palmeiras/FAM,17,20.13.09,coletiva luxemburgo|Palmeiras 2x1 Santos|Vit√≥ria do Palmeiras|Coletiva do Luxa,197452,14713,179,937,https://i.ytimg.com/vi/v438DURGUHU/default.jpg,False,,BR,56
X1zTtQc6HbM,üî•Luisa assume Vit√£o e Whind reage; Lipe afronta Leo Dias; Cartolouco revolta a web e Adm de Jojo,2020-09-10T23:51:43Z,UC0LlPl_mWhIFqVxcH1l3xpQ,WebTVBrasileira,24,20.13.09,Fofocas|famosos|babados|fofoca|celebridades|noticias|memes|babado|humor|supercelebridade|fofocadosartistas|deboche|fofocando|treta|artista|a tarde √© sua|celebridade na tv|programa 10\/09/2020|programa 10\/09\/2020|ao vivo|vlog|triturando ao vivo|webtvzeiros|taticelo|webtvbrasileira|masterchef|a fazenda12|power couple brasil|de ferias com ex|bbb21|big brother brasil 21|mestre do sabor|falando de masterchef brasil|netflix|masterchef 2020|reality show|topchef 2020,305327,22314,415,826,https://i.ytimg.com/vi/X1zTtQc6HbM/default.jpg,False,,BR,57
saJ5d6zkfVs,INTERNACIONAL 2X0 CEAR√Å - Melhores Momentos - Brasileir√£o 2020 (10/09),2020-09-11T00:24:31Z,UCs-6sCz2LJm1PrWQN4ErsPw,Esporte Interativo,17,20.13.09,esporte interativo|ei|thiago galhardo|thiago galhardo gol|gol inter|thiago galhardo inter|inter x cear√°|inter 2x0 cear√°|melhores momentos internacional|melhores momentos inter x cear√°|gols inter x cear√°|inter brasileir√£o|cear√° brasileir√£o|thiago galhardo entrevista|galhardo x cear√°|galhardo inter,403222,17012,379,1328,https://i.ytimg.com/vi/saJ5d6zkfVs/default.jpg,False,,BR,58
dswqICdsdpE,PIORES MOMENTOS DA ESTREIA DE A FAZENDA 2020! | Virou Festa,2020-09-09T22:00:05Z,UCMNurW2brJo41PgUgI7Wwtg,Virou Festa,24,20.13.09,Virou festa|viroufesta|#viroufesta|fazenda|a fazenda|fazenda 2020|fazenda 12|a fazenda 2020|biel|mc Mirella|a fazenda 2020 ao vivo|estreia fazenda 2020|a fazenda ao vivo|elenco da fazenda 2020|participantes fazenda 2020|quem foi expulso da fazenda|que horas come√ßa a fazenda 2020|a fazenda ao vivo agora|Marcos Mion|Jojo Todynho|fazenda 24 horas|assistir a fazenda|votar enquete|diva depressao|diva depress√£o,342060,22533,987,1025,https://i.ytimg.com/vi/dswqICdsdpE/default.jpg,False,,BR,59
6gqDl1_MH6M,Por que fazemos tempestade em copo d√°gua?,2020-09-11T14:00:01Z,UCSTlOTcyUmzvhQi6F8lFi5w,Atila Iamarino,28,20.13.09,canal atila iamarino|tempestade|copo √°gua|ci√™ncia|tecnologia,133312,26595,344,810,https://i.ytimg.com/vi/6gqDl1_MH6M/default.jpg,False,,BR,60
kVetbVlQrCw,FLUMINENSE 1 X 2 FLAMENGO | MELHORES MOMENTOS | 9¬™ RODADA BRASILEIR√ÉO 2020 | ge.globo,2020-09-10T02:40:34Z,UCgCKagVhzGnZcuP9bSMgMCg,ge,17,20.13.09,esporte|esportes|ge|ge.globo|globo esporte|globo|globoesporte.com|sportv|Fluminense|Flamengo|Fla-Flu|flaflu|fla x flu|flamengo x fluminense|fluminense x flamengo|fla|flu|flu-fla|flu x fla|flufla|tricolor|rubronego|rubro-negro|gols|melhores momento|mms|mm|gabigol|filipe luis|felipe luis|filipe lu√≠s|dig√£o|digao|flamengoxfluminense|fluminensexflamengo|brasileir√£o|brasileirao|campeonato brasileiro|brasil|futebol nacional|futebol|melhores momentos,825518,19482,763,1564,https://i.ytimg.com/vi/kVetbVlQrCw/default.jpg,False,,BR,61
uSKSnKySmZ8,PALMEIRAS vence o TIM√ÉO; VASCO trope√ßa; INTER l√≠der; PREMIER LEAGUE de volta | De Placa (11/09/20),2020-09-11T15:23:07Z,UCdkhkda5VQPbKSzx03HohMw,De Placa,17,20.13.09,de placa|de placa ao vivo|debate esportivo|Esporte Interativo|Corinthians x Palmeiras|Palmeiras vence Corinthians|√∫ltimas not√≠cias do Palmeiras|√∫ltimas not√≠cias do Corinthians|Internacional l√≠der|Vasco perde para Atl√©tico-GO|Luiz Adriano gol contra Corinthians|Palmeiras vence Derbi|Fagner|Al√™ Oliveira|Protesto torcida Corinthians|Corinthians|Palmeiras|Mauro Beting|corinthians 0 x 2 palmeiras|inter 2 x 0 ceara|vasco 1 x 2 atletico-go|premier league|la liga,95692,9222,105,25,https://i.ytimg.com/vi/uSKSnKySmZ8/default.jpg,False,,BR,62
qXBGuGgPhhw,Carol & Vitoria - Pode Parar (Clipe Oficial),2020-09-09T14:00:10Z,UCoqCOvZxkz2HMOC6vXkXBAQ,Carol & Vitoria,10,20.13.09,Carol & Vitoria|Carol & Vitoria Marcilio|Carol e Vitoria|Carol e Vitoria Marcilio|Carol Marcilio|Vitoria Marcilio|Cover|Jura Juradinho|Mais que um Ver√£o|Numa dessas voltas|Gato Preto|Cataflor|Lan√ßamento|Resposta|Vlog|Irm√£s|Eu T√¥ Gostando De Um Menino A√≠|Pode Parar,1053347,105896,1002,3759,https://i.ytimg.com/vi/qXBGuGgPhhw/default.jpg,False,,BR,63
v65JuqxTciQ,Fazendeira distribui tarefas entre os pe√µes | A Fazenda 12,2020-09-10T12:34:44Z,UCw4YGFtvDgOL09KrFpqj6kg,A Fazenda,24,20.13.09,acelere|aclr|a fazenda|fazenda talks|marcos mion|rodrigo carelli|multiplataforma|reality show|record tv|pe√µes|ro√ßa|prova do fazendeiro|poder da chama|prova de fogo|Biel|Carol Narizinho|Cartolouco|Fernandinho Beatbox|Jakeyne Oliveira|Jojo Todynho|JP Gad√™lha|Juliano Ceglia|Lidi Lisboa|Lipe Ribeiro|Lucas|Maciel|Luiza Ambiel|Mariano|Mateus Carrieri|MC Mirella|Raissa Barbosa|Rodrigo Moraes|St√©fani Bays|Tays Reis|Vict√≥ria Villarim,649379,24444,333,1016,https://i.ytimg.com/vi/v65JuqxTciQ/default.jpg,False,,BR,64
MBOGo8KvTJE,TO NAMORANDO!  (nossa hist√≥ria + perguntinhas) - Bela Almada,2020-09-09T21:00:03Z,UCI8qvn5uozF_ft7fQhYZC3w,Bela Almada,22,20.13.09,bela almada|namoro|bela almada namorando|bela almada esta namorando|to namorando bela almada|rafael palomanes|rafael e bela|namorado da bela almada|vlog bela almada|isabela almada|bela almada bvl|bela almada beijo\|bela almada beijando,319231,56163,496,0,https://i.ytimg.com/vi/MBOGo8KvTJE/default.jpg,False,,BR,65
lTVmHKek3Io,A dobra de sangue de Avatar | Nerdologia,2020-09-10T14:23:19Z,UClu474HMt895mVxZdlIHXEA,Nerdologia,28,20.13.09,ci√™ncia|explica√ß√£o|curiosidade|Nerdologia|Atila|dobra|sangue|Avatar|Lenda|Aang|Korra|cora√ß√£o|sistema|circulat√≥rio,207491,35042,211,2315,https://i.ytimg.com/vi/lTVmHKek3Io/default.jpg,False,,BR,66
_yuQWP1H0hQ,FLUMINENSE 1x2 FLAMENGO CAMPEONATO BRASILEIRO 2020,2020-09-10T03:22:05Z,UC7Iw8YAkr08cuFYbVnmsw3w,CANHOTINHA 70,17,20.13.09,[none],195414,32252,217,2009,https://i.ytimg.com/vi/_yuQWP1H0hQ/default.jpg,False,,BR,67
2Z-7lGZnA7s,4¬™ MASTERCLASS INTERNACIONAL -  2¬™ FASE - ( AULA 4) BOLO DE ANDAR PARA CASAMENTO,2020-09-10T22:00:11Z,UCvwLsDp9qudBZfnUXl8wnBQ,Chef L√©o Oliveira,27,20.13.09,[none],97863,13282,106,2790,https://i.ytimg.com/vi/2Z-7lGZnA7s/default.jpg,False,,BR,68
6Ic2_XXJRSs,Se Liga Na Educa√ß√£o - Matem√°tica - 10/09/20,2020-09-10T16:04:37Z,UCXV8LznurdAhfXk660O27uA,Rede Minas,27,20.13.09,Governador de Minas Gerais|Minas Gerais|Governo de Minas Gerais|COVID-19|Novo Coronav√≠rus|Rede Minas|TV Minas|Rede Minas de Televis√£o|educa√ß√£o|Se Liga na Educa√ß√£o|Secretaria de Estado de Educa√ß√£o|tele aula|Regime de Estudo N√£o Presencial.|estudo n√£o presencial|professores|alunos|aulas|enem|ci√™ncias biol√≥gicas|ci√™ncias naturais|qu√≠mica|biologia|portugu√™s|ingl√™s|matem√°tica|hist√≥ria,51051,2726,488,214,https://i.ytimg.com/vi/6Ic2_XXJRSs/default.jpg,False,,BR,69
T34Un6hc-YI,AGORA √â OFICIAL,2020-09-10T14:39:49Z,UC9BUxkHwS4hIpb04DXgpvKw,Vitor Liberato,19,20.13.09,[none],49511,7372,58,586,https://i.ytimg.com/vi/T34Un6hc-YI/default.jpg,False,,BR,70
FOm8LqH5lz8,Cardi B x Megan Thee Stallion - Inside the WAP (BTS) [Part 1],2020-09-09T22:36:46Z,UCxMAbVFmxKUVGAll0WVGpFw,Cardi B,10,20.13.09,Cardi B|Cardi|Atlantic Records|rap|hip hop|trap|latin|Bodak Yellow|bloody shoes|red bottoms|i like it|invasion of privacy|offset|bruno mars|finesse,7122383,417596,10284,18976,https://i.ytimg.com/vi/FOm8LqH5lz8/default.jpg,False,,BR,71
FuhxGsu8Gq4,Cesar Mc - Eu Sou Favela part. Vk Mac e Mc Cabelinho (Videoclipe Oficial),2020-09-08T20:38:29Z,UCqrFwa5vueOTzGZ7NSlnvlQ,PineappleStormTV,10,20.13.09,rap|nacional|pineapple|brainstorm|costa|gold|poetas|no|topo|perfil|acustico|ducon|contra|corrente|menestrel|sagaz|cone|crew|diretoria|cacife|clandestino|filipe|ret|marcelo|d2|sain|bloco|djonga|baco|froid|choice|oriente|3030|haikaiss|quinto|andar|sintese|neto|modestia|parte|diomedes|chinaski|shawlin|morcego|caixa|baixa|coringa|um44k|luccas|carlos|cartel|king|mac|delarima|piramide|perdida|don|cesao|racionais|cesar mc|mc cabelinho|favela vive|eu sou favela|vk mac,1540209,192002,869,6545,https://i.ytimg.com/vi/FuhxGsu8Gq4/default.jpg,False,,BR,72
EBgUEAlTMxw,NOVO NORMAL,2020-09-10T14:00:03Z,UCEWHPFNilsT0IfQfutVzsag,Porta dos Fundos,24,20.13.09,porta dos fundos|kibe loco|fabio porchat|gregorio duviver|ian sbf|antonio tabet|jo√£o vicente de castro|comedia|humor|engra√ßado|funny|comedy|risos|risadas|hilario|bizarro|parodia|satira|cotidiano|o limite do humor|coronav√≠rus|corona|pandemia|v√≠rus|doen√ßa|flexibiliza√ß√£o|abertura|restaurante|casal|relacionamento|encontro|√°lcool em gel|prote√ß√£o|m√°scara|mandetta|simpatia|rom√£|preocupa√ß√£o|neur√≥tico|carro|beijo|lavar as m√£os,490397,54729,750,746,https://i.ytimg.com/vi/EBgUEAlTMxw/default.jpg,False,,BR,73
TDUN2fvPGBY,KARMA - Kawaki Trap (Boruto) | Takeru [Prod. 808 Ander],2020-09-09T20:00:03Z,UCTU_UNMxTPl-8xTeiFSYO6Q,TAKR,10,20.13.09,Takeru|Rap|Tributo|Takr|Anime|Geek,117085,19950,190,1098,https://i.ytimg.com/vi/TDUN2fvPGBY/default.jpg,False,,BR,74
oeCVZ1bxGgE,Moto G9 Play: nada de b√°sico aqui [Unboxing],2020-09-10T12:00:32Z,UC_bXJnsgwOqEPA_-6N6faKw,Canaltech,28,20.13.09,canaltech|canal tec|canaltec|canal tech|tecnologia,93933,11165,194,678,https://i.ytimg.com/vi/oeCVZ1bxGgE/default.jpg,False,,BR,75
n2q1ynkpxmI,√â CRUSH OU N√ÉO?! O NOVO JOGO POL√äMICO DA LOUD!!,2020-09-09T22:26:56Z,UC7iwNp4GUynlGXvK-6KD0Rw,LOUD,20,20.13.09,free fire|mobile|playhard|crusher|loud,1291407,344112,2676,16654,https://i.ytimg.com/vi/n2q1ynkpxmI/default.jpg,False,,BR,76
D5F6IdiFbis,ZE FELIPE ME FEZ UMA SURPRESA E ME DEU UM CACHORRINHO!!!,2020-09-09T22:00:02Z,UCsaB2VrLZrtGbum6Eo0ClbA,Virg√≠nia Fonseca,22,20.13.09,vih|virginia|fonseca|virginia fonseca|rezende|rezendeevil|virginia e rezende|ze felipe e virginia|virginia e ze|golden|cachorro|pet|ganhei um cachorro|ganhei um golden|meu namorado me deu um cachorro|surpresa pra virginia|vlog|vlog ze felipe|comprando um cachorro pra namorada|ze felipe cantor,1808524,237302,2486,8778,https://i.ytimg.com/vi/D5F6IdiFbis/default.jpg,False,,BR,77
V5BVX-Ffiq4,virei uma ~InDie GirL~ por um dia..! (coisas que o tiktok me fez fazer),2020-09-09T15:00:06Z,UCcP8AbUGsGLmQ9zWUsd7UEQ,Hi Nalim,22,20.13.09,indie|indie girl|indie kid|indie tiktok|alt tiktok|virando uma indie girl por um dia|transformacao indie|transformacao indie girl|transformacao nalim|nalim|nalimkirch|hi nalim,214370,37249,604,1995,https://i.ytimg.com/vi/V5BVX-Ffiq4/default.jpg,False,,BR,78
h2LZs6eQtzk,CR7 faz DOIS GOLA√áOS e PORTUGAL VENCE por 2 x 0 -  MELHORES MOMENTOS - NATIONS LEAGUE (08/09/20),2020-09-08T21:05:49Z,UCs-6sCz2LJm1PrWQN4ErsPw,Esporte Interativo,17,20.13.09,esporte interativo|ei|cr7|cr7 gola√ßo|cristiano ronaldo gola√ßo|cr7 portugal suecia|suecia 0 x 2 portugal|portugal suecia melhores momentos|cr7 gola√ßo nations league|cr7 gola√ßo portugal|cr7 100 gols,1510561,92796,700,6014,https://i.ytimg.com/vi/h2LZs6eQtzk/default.jpg,False,,BR,79
3ghhxb5txPg,Ruel - as long as you care (Official Video),2020-09-10T00:30:09Z,UCIE4WB-8c23GLhtufxZxc_A,RuelVEVO,10,20.13.09,ruel|As Long As You Care|alayc|ruel alayc|ruel as long as you care|ruelvision|ruel vision|as long as you care video|red eye|new ruel|ruel 2020|oneruel|red eye soda|bright lights red eyes|ruel live|ruel performance|ruel late night|rule|new ruel video|new ruel song|ruelvision tv|ruel tv|ruel shows|ruel interview|painkiller|ruel painkiller|face to face|ruel younger|not thinkin bout you|ruel free time|hard|love,651591,96628,309,5243,https://i.ytimg.com/vi/3ghhxb5txPg/default.jpg,False,,BR,80
ifMh11is-lI,The Walking dead vai acabar CONFIRMADO!!!,2020-09-09T22:14:13Z,UCSyGPb1z-NyakXl0whOS6NA,Lucas Torres,24,20.13.09,the walking dead vai acabar|fim de the walking dead|novo ep the walking dead|pr√≥ximo vil√£o the walking dead|depois dos sussurradores|maggie the walking dead|negan mata alpha|negan e alpha|the walking dead|rick grimes vai voltar|the walking dead 10¬∞ temporada ep 9|10 temporada the walking dead|the walking dead previa|twd 10 temporada|walking dead 10 temporada|walking dead|LUCAS TORRES|lucas torres tvd|lucas torres the walking dead|daryl dixon|twd,94770,15120,170,2005,https://i.ytimg.com/vi/ifMh11is-lI/default.jpg,False,,BR,81
jvdBGfBHgXM,PROGRAMA EU FICO LOKO #05 - VIIHTUBE,2020-09-10T00:37:37Z,UCwQSkyrft0ohf-ra21yIs9Q,EU FICO LOKO,24,20.13.09,[none],340515,38711,589,617,https://i.ytimg.com/vi/jvdBGfBHgXM/default.jpg,False,,BR,82
rXRQyd6_5j4,Call of Duty¬Æ: Black Ops Cold War - Multiplayer Reveal Trailer,2020-09-09T17:05:28Z,UC9YydG57epLqxA9cTzZXSeQ,Call of Duty,20,20.13.09,call of duty|cod|activision|multiplayer|cold war|black ops|video game|video games|gamer|gamers|gaming|reveal|event,4112872,187123,9486,17733,https://i.ytimg.com/vi/rXRQyd6_5j4/default.jpg,False,,BR,83
3cl80gmqenU,"üêîESTREIA DE ‚ÄúA Fazenda 12‚Äù TEM CLIM√ÉO, ESTRAT√âGIA, MANIPULA√á√ÉO E AMANTE DO EX",2020-09-09T04:09:27Z,UC0LlPl_mWhIFqVxcH1l3xpQ,WebTVBrasileira,24,20.13.09,a fazenda 2020 estreia|marcos mion|record|estreia|a fazenda 12|20 participantes|2 milh√µes em pr√™mio|itapecerica da serra|fazendeiros|Rodrigo Carelli|estreia da d√©cima segunda temporada do reality|comentando a fazenda 12|reality show|fazenda|afazenda12|estreia a fazenda|programa 08/09/2020|programa 08\/09\/2020|ro√ßa|chama vermelha|chama azul|poder do lampi√£o|vota√ßao|quem foi eliminado da fazenda 12|prova de fogo|prova do fazendeiro,467001,42338,823,1742,https://i.ytimg.com/vi/3cl80gmqenU/default.jpg,False,,BR,84
jsA7GRU9LBY,O OLHO DE DEUS FOI ENCONTRADO NO UNIVERSO !!,2020-09-09T15:32:00Z,UCj0O6W8yDuLg3iraAXKgCrQ,Voc√™ Sabia?,24,20.13.09,Olho de deus|deus est√° nos observando|nebulosa|helix|cabeca de cavalo|nebulosa borboleta|a m√£o de deus|o que sao nebulosas|as mais|voce|sabia|curiosidade|enigmas e|mist√©rios do universo|espaco|universo,3592302,533842,5178,29728,https://i.ytimg.com/vi/jsA7GRU9LBY/default.jpg,False,,BR,85
oRxpGWX7DTo,MASTERCHEF BRASIL (08/09/2020) | PARTE 3 | EP 09 | TEMP 07,2020-09-09T13:48:27Z,UC2EWGw-KBjEReUbXMJEiaCA,MasterChef Brasil,24,20.13.09,masterchef brasil|participantes do masterchef 2020|masterchef 2020|masterchefbrasil|assistir masterchef|assistir tv online|assistir band ao vivo|masterchef ao vivo|masterchef online|master chef|quem saiu do masterchef|eliminado masterchef|paola carosella|erick jacquin|henrique foga√ßa|ana paula padr√£o|masterchef nova temporada,1091242,17479,353,1585,https://i.ytimg.com/vi/oRxpGWX7DTo/default.jpg,False,,BR,86
eaNmsY-k7cY,Entrevista in√©dita com o goleiro Bruno | Conex√£o Rep√≥rter (07/09/20),2020-09-08T13:12:11Z,UCZ4OrTQ4RsJqsV5VvtPizJg,Conex√£o Reporter,25,20.13.09,Conex√£o Rep√≥rter|roberto cabrini|roberto cabrini sbt|goleiro bruno|entrevista goleiro bruno|entrevista in√©dita bruno|entrevista in√©dita goleiro bruno|entrevista in√©dita com bruno|entrevista bruno|bruno entrevista|goleiro bruno entrevista|cabrini entrevista bruno|cabrini entrevista goleiro bruno|roberto cabrini goleiro bruno|conex√£o rep√≥rter goleiro bruno|goleiro bruno conex√£o rep√≥rter|goleiro bruno revele√ß√£o|hist√≥ria goleiro bruno|goleiro bruno pris√£o,1871767,72437,7325,27312,https://i.ytimg.com/vi/eaNmsY-k7cY/default.jpg,False,,BR,87
uGbPC1KTh24,2. Duzz - De Volta Pro Futuro feat Abayomi & OkGucciBoy (prod. LR Beats) (Scratch DJ Jamal),2020-09-10T03:07:32Z,UCvoWJPM95HZ7pT-HxpQ8FMw,duzz,10,20.13.09,duzz|trap|aquecendo a nave|de volta pro futuro|abayomi|okgucciboy|lr beats|matue,152205,22594,92,1782,https://i.ytimg.com/vi/uGbPC1KTh24/default.jpg,False,,BR,88
_NDkLCgmIAQ,"BIN - Mira Laser (prod. Dallass, Ariel)",2020-09-08T21:45:10Z,UCP0TWIE6oz5raG3FB8tTDmw,BIN,10,20.13.09,matue|orochi|filipe ret|ngc daddy|meno tody|bin|bin assault|bin mira laser|mira laser|mira laser na sua testa|assault|mainstreet|mainstreet assault|assault crime perfeito|crime perfeito|cd matue|glockada|amor de fim de noite|Marilia mendonca|sem amor com bolso cheio de onca|marilia|bin Marilia mendonca,519912,74453,350,2829,https://i.ytimg.com/vi/_NDkLCgmIAQ/default.jpg,False,,BR,89
-go0eNgMzhQ,LIVE BASTA ACREDITAR | SARAH BEATRIZ,2020-09-09T04:53:49Z,UCNwql3VL1H62zMY_btrUjzg,Sarah Beatriz,10,20.13.09,sarah beatriz|sarah bia|srbtcovgosp123|sarahbiaa|sarahbiaa cover|live sarah beatriz|sarah bia live|sarahbiaa live|sarah beatriz live kemuel|live kemuel|sarah beatriz live leandro borges|live leandro borges|sarah beatriz live elaine martins|live elaine martins|sarah beatriz live lukas agustinho|live lukas agustinho|live basta acreditar|basta acreditar live|LIVE BASTA ACREDITAR | SARAH BEATRIZ|kemuel|leandro borges|elaine martins|lukas agustinho,426884,43375,343,1266,https://i.ytimg.com/vi/-go0eNgMzhQ/default.jpg,False,,BR,90
YDFG9DEPy6Y,Iron Man‚Äôs Stark Industries Arrives In Fortnite,2020-09-10T10:16:16Z,UClG8odDC8TS6Zpqk9CGVQiQ,Fortnite,20,20.13.09,fortnite|fortnite nexus war|fortnite stark industries|stark industries|nexus war|marvel fortnite|fortnite marvel|gatherer drones|galactus|fortnite galactus|iron man|fortnite iron man,1926704,91906,2498,7832,https://i.ytimg.com/vi/YDFG9DEPy6Y/default.jpg,False,,BR,91
R0t6QgjCm1k,Original MTK #2 - Se Voc√™ Vier Feat. Anchietx e Cammie,2020-09-09T16:00:08Z,UCV_2mQRjdrBzVg40RUmbnOg,MTK,10,20.13.09,MTK|original mtk 2|original mtk|Meucci|Agatha|Tasdan|Anchietx|Cammie|Exce√ß√£o|se voce vier|original|idas e vindas|7 chaves|pode me esperar|problem√£o|perco a hora,552559,9555,33,452,https://i.ytimg.com/vi/R0t6QgjCm1k/default.jpg,False,,BR,92
bbA5p54Rw2M,Gorillaz - Strange Timez ft. Robert Smith (Episode Six),2020-09-09T16:15:11Z,UCfIXdjDQH9Fau7y99_Orpjw,Gorillaz,1,20.13.09,Gorillaz|gorillaz Strange Times|Strange Timez Gorillaz Robert Smith|Robert Smith|The Cure|song machine|song machine episode 6|gorillaz song machine|gorillaz new song|gorillaz 2020|gorillaz 2020 song|damon albarn|jamie hewlett|2d|noodle|russel|murdoc|alternative|episode 5|gorillaz new track|TDE|gorillaz featuring|gorillaz feat|song machine #6,1785034,148358,3837,10450,https://i.ytimg.com/vi/bbA5p54Rw2M/default.jpg,False,,BR,93
jeHl3oG6pmI,VMZ - Marionetes | Vers√£o Ac√∫stica,2020-09-08T22:00:01Z,UCgnKIwH7COU1ellkhepcvEg,VMZ,10,20.13.09,VM|vmz|VMZ|rap|RAP|geek|RAP GEEK|TRAP|acustico|acustico geek|sasori|SASORI|marionetes|MARIONETES|naruto|RAP DE NARUTO,586137,89887,584,11091,https://i.ytimg.com/vi/jeHl3oG6pmI/default.jpg,False,,BR,94
ekrdv6dXPEY,MASTERCHEF BRASIL (08/09/2020) | PARTE 2 | EP 09 | TEMP 07,2020-09-09T08:02:00Z,UC2EWGw-KBjEReUbXMJEiaCA,MasterChef Brasil,24,20.13.09,masterchef temporada 7|participantes do masterchef 2020|masterchef 08\/09\/2020|masterchef brasil 2020|masterchef 08/09/2020|participantes masterchef 2020|masterchefbrasil|assistir masterchef online|assistir tv online|assistir band ao vivo|masterchef ao vivo|masterchef online|master chef|masterchef 2020|quem saiu do masterchef|eliminado masterchef 2020|paola carosella|erick jacquin|henrique foga√ßa,1147538,17787,378,1780,https://i.ytimg.com/vi/ekrdv6dXPEY/default.jpg,False,,BR,95
vE_Mm-qZ8K4,FLAMENGO vence o FLUMINENSE; S√ÉO PAULO empata; CORINTHIANS x PALMEIRAS | De Placa (10/09/20),2020-09-10T15:40:06Z,UCdkhkda5VQPbKSzx03HohMw,De Placa,17,20.13.09,de placa|de placa ao vivo|esporte interativo|Flamengo vence Fluminense|Flamengo|√∫ltimas not√≠cias do Flamengo|Corinthians x Palmeiras|√∫ltimas not√≠cias do Corinthians|√∫ltimas not√≠cias do Palmeiras|escala√ß√£o Corinthians|escala√ß√£o Palmeiras|S√£o Paulo empata Red Bull Bragantino|√∫ltimas not√≠cias do S√£o Paulo|Gabigol|Luis Felipe Freitas|Neo Quimica Arena|fernando diniz|santos vence galo|sampaoli|ale oliveira|santos|flamengo 2 x 1 fluminense|derby|domenec torrent,145756,15101,265,89,https://i.ytimg.com/vi/vE_Mm-qZ8K4/default.jpg,False,,BR,96
iTjYepqthKg,"üéôÔ∏è Entrevista com Ney Franco, novo teÃÅcnico do Cruzeiro - 09/09/2020",2020-09-09T17:11:44Z,UCqifkpdmE1z3VhfQoJzwpJQ,Cruzeiro Esporte Clube,17,20.13.09,Cruzeiro|Cruzeiro 360|Maior de Minas|Minas Gerais|Futebol|Brasil|Belo Horizonte|Cabuloso|Rapos√£o|Mineir√£o|TV Cruzeiro,89287,7111,359,1284,https://i.ytimg.com/vi/iTjYepqthKg/default.jpg,False,,BR,97
aRF0_6_qK5c,MASTERCHEF BRASIL (08/09/2020) | PARTE 4 | EP 09 | TEMP 07,2020-09-09T08:04:01Z,UC2EWGw-KBjEReUbXMJEiaCA,MasterChef Brasil,24,20.13.09,masterchef temporada 7|participantes do masterchef 2020|masterchef 08\/09\/2020|masterchef brasil 2020|masterchef 08/09/2020|participantes masterchef 2020|masterchefbrasil|assistir masterchef online|assistir tv online|assistir band ao vivo|masterchef ao vivo|masterchef online|master chef|masterchef 2020|quem saiu do masterchef|eliminado masterchef 2020|paola carosella|erick jacquin|henrique foga√ßa,955578,12962,195,754,https://i.ytimg.com/vi/aRF0_6_qK5c/default.jpg,False,,BR,98
nwA3y36pe7w,Wallows - Nobody Gets Me (Like You) [Official Video],2020-09-09T16:00:09Z,UCjNGsoJEu1AnHiP7kOYiXCw,Wallows,10,20.13.09,wallows|cole preston|dylan minnette|remote|remote ep|nobody gets me like you|braeden lemasters|13 reasons why|netflix|are you bored yet|wallows are you bored yet|clairo|ariel rechtshaid|wallows nobody gets me|nobody gets me|wallows nothing happens|wallows ayby|tik tok|wallows remote|joy again|sachi|john debold|mura masa|mmmonika|katy perry|scrawny|wallows pictures of girls|wallows ok,686251,117657,708,5313,https://i.ytimg.com/vi/nwA3y36pe7w/default.jpg,False,,BR,99
PHiGEasa198,Call of Duty¬Æ: Black Ops Cold War Multiplayer Reveal,2020-09-09T22:20:07Z,UC9YydG57epLqxA9cTzZXSeQ,Call of Duty,20,20.13.09,[none],3233439,126270,9465,2539,https://i.ytimg.com/vi/PHiGEasa198/default.jpg,False,,BR,100
LTN4AdMIx5g,CUCA | COLETIVA (09/09/20),2020-09-10T04:56:16Z,UC0uRT_armQXqds_rjTjqJ0g,Santos Futebol Clube,17,20.13.09,Santos|Santos Futebol Clube|Santos FC|Santos TV|Not√≠cias do Santos|Jogos do Santos|TV Santos|Santos canal oficial|Santos ao vivo|CUCA|COLETIVA|VILA BELMIRO|BRASILEIR√ÉO|2020|ATLETICO|MG|CAM|ATLETICO MG,63249,7200,48,584,https://i.ytimg.com/vi/LTN4AdMIx5g/default.jpg,False,,BR,101
idp3zrmhjdo,üêîA Fazenda 12: JAKE fazendeira; BIEL e LIPE revoltados com Ste; MIRELLA e AMANTE abrem o jogo,2020-09-10T03:49:35Z,UC0LlPl_mWhIFqVxcH1l3xpQ,WebTVBrasileira,24,20.13.09,a fazenda 2020 estreia|marcos mion|record|estreia|a fazenda 12|20 participantes|2 milh√µes em pr√™mio|itapecerica da serra|fazendeiros|Rodrigo Carelli|estreia da d√©cima segunda temporada do reality|comentando a fazenda 12|reality show|fazenda|afazenda12|estreia a fazenda|programa 09/09/2020|programa 09\/09\/2020|ro√ßa|chama vermelha|chama azul|poder do lampi√£o|vota√ßao|quem foi eliminado da fazenda 12|prova de fogo|prova do fazendeiro,252770,22059,324,809,https://i.ytimg.com/vi/idp3zrmhjdo/default.jpg,False,,BR,102
KAQUkvGh3xs,"Flamengo domina o Fluminense, placar de 2 a 1 n√£o resume o jogo e tema rod√≠zio pode ser aposentado",2020-09-10T04:39:05Z,UCRcRAyb5Y4x3HVNKBZ9SMLA,Mauro Cezar,17,20.13.09,flamengo|fluminense|fla-flu|fluminense 1 x 2 flamengo|onefootball|mauro|cezar|pereira|futebol|espn|maracan√£|domenec torrent|jorge jesus|dome|domenec|campeonato brasileiro|mauro cezar pereira|mauro cezar|uol|espn brasil,175330,26271,152,891,https://i.ytimg.com/vi/KAQUkvGh3xs/default.jpg,False,,BR,103
1dq4DU3bdKo,Lupper - Estilo Dub (Official Music Video) #√âaBest,2020-09-08T17:05:51Z,UCjhrZMxlOEqhM6KV3is2a-A,Best Produ√ß√µes Oficial,10,20.13.09,estilo dub|lupper|haitam|importada da favela|hungria|pacificadores|voando alto|misael|a rua|habilitado|evoluindo|lembrean√ßas|dubai|tribo|primeiro milh√£o|cora√ß√£o calejado|best|√© a best|rap bsb|brasilia|trap|corda bamba|valor do abra√ßo|projeto m|frevo top,390460,28549,247,767,https://i.ytimg.com/vi/1dq4DU3bdKo/default.jpg,False,,BR,104
Vk8vPWUllZI,LUTO VIN DIESEL - ENTENDA O CASO,2020-09-08T22:23:20Z,UCLHA3hx1G4exHbHD2Q8n1qg,BelotoPlays,24,20.13.09,vin diesel|vin diesel luto|vin diesel com cabelo|cabelo vin diesel|beloto|belotoplays,420321,55063,1884,1341,https://i.ytimg.com/vi/Vk8vPWUllZI/default.jpg,False,,BR,105
hf9RCVD9Eqk,NOSSA HIST√ìRIA DE AMOR (8 ANOS JUNTOS) - RAFA E LUIZ,2020-09-08T19:59:08Z,UCgBzsZuViP4Mc9CcwggD7cw,Rafaella Baltar,22,20.13.09,AMOR|LOVE|RAFAELLA BALTAR|LUIZ PHELLIPE|HIST√ìRIA DE AMOR,576943,62109,974,3749,https://i.ytimg.com/vi/hf9RCVD9Eqk/default.jpg,False,,BR,106
RW1UbvaJkRQ,Se Liga Na Educa√ß√£o - Ci√™ncias Humanas - 09/09/20,2020-09-09T15:57:39Z,UCXV8LznurdAhfXk660O27uA,Rede Minas,27,20.13.09,Governador de Minas Gerais|Minas Gerais|Governo de Minas Gerais|COVID-19|Novo Coronav√≠rus|Rede Minas|TV Minas|Rede Minas de Televis√£o|educa√ß√£o|Se Liga na Educa√ß√£o|Secretaria de Estado de Educa√ß√£o|tele aula|Regime de Estudo N√£o Presencial.|estudo n√£o presencial|professores|alunos|aulas|enem|ci√™ncias biol√≥gicas|ci√™ncias naturais|qu√≠mica|biologia|matem√°tica|hist√≥ria|geografia,52383,2734,564,117,https://i.ytimg.com/vi/RW1UbvaJkRQ/default.jpg,False,,BR,107
Oh1fNVJYhHY,[TEASER] ÎßàÎßàÎ¨¥(MAMAMOO) - WANNA BE MYSELF,2020-09-08T15:00:29Z,UCuhAUMLzJxlP1W7mEk0_6lA,MAMAMOO,10,20.13.09,MAMAMOO|ÎßàÎßàÎ¨¥|WANNA BE MYSELF|ÎßàÎßàÎ¨¥ WANNA BE MYSELF|ÏïàÎã§Î•¥|ÎßàÎßàÎ¨¥ ÏïàÎã§Î•¥|andar|MAMAMOO andar|WANNA BE MYSELF TEASER|WANNA BE MYSELF Ìã∞Ï†Ä|ÎßàÎßàÎ¨¥ Ìã∞Ï†Ä,3081209,438809,2960,22874,https://i.ytimg.com/vi/Oh1fNVJYhHY/default.jpg,False,,BR,108
I5XE8hY3E7M,M√ÅQUINAS EXTREMAS EM A√á√ÉO. VOC√ä PRECISA V√ä-LAS!,2020-09-08T18:01:06Z,UCazlSPqeYlqRYynASgCRYRg,TechZone,22,20.13.09,Inven√ß√µes|genial|caseiras|futuro|maquinas|motor|curioso|caseira|robson sato|interessante|maquinas incriveis|curiosidades|fatos desconhecidos|10 mais|coisas|sabia|invento|fatos|top|incriveis|top10|tecnologia|inventores|fatos curiosos|incr√≠vel|criatividade|top5|inven√ß√£o|curiosidade|rob√≥tica|7 inven√ß√µes|m√°quinas extremas em a√ß√£o|Liebherr LR 1800-1.0|Komatsu HD785-8|Bagger 288|SCHEUERLE-KAMAG K25|Liebherr HS 8300|Gomaco GP3|Terex Finlay 893,548009,24152,382,341,https://i.ytimg.com/vi/I5XE8hY3E7M/default.jpg,False,,BR,109
PeuAU5FEavQ,Ca√ßada Implac√°vel - Filme Completo Dublado - Filme de A√ß√£o | Netmovies,2020-09-07T21:00:04Z,UCK5RRQ3TdwAbbCWrtnXsN3Q,NetMovies,24,20.13.09,filme completo|filme dublado completo|filme dublado|filmes online|filmes gr√°tis|filme completo dublado|filme completo dublado em portugu√™s|filme dublado em portugu√™s|filmes online gr√°tis|filmes online dublado|filmes online hd|filmes gr√°tis completo dublado|Filmes completos dublados|Filmes completos|Netmovies|Net Movies,1994022,27331,1416,860,https://i.ytimg.com/vi/PeuAU5FEavQ/default.jpg,False,,BR,110
-8Yd0I9yHdw,LBFF S√©rie B - RODADA 1 - Free Fire  |  e-SporTV,2020-09-08T23:49:27Z,UCnpJDGi-5xUasqCGy3CBvag,e-SporTV,20,20.13.09,free fire|free fire ao vivo|free fire live|nobru|nobru free fire|lbff ao vivo|lbff 2020|lbff free fire|lbff s√©rie b|lbff b|lbff live|free fire gameplay|garena free fire|free fire news|free fire cerol,812470,83194,872,202,https://i.ytimg.com/vi/-8Yd0I9yHdw/default.jpg,False,,BR,111
63eRMDhs8T4,LIVE PR√äMIO MELHORES DO ANO GOSPEL 2020,2020-09-09T03:24:36Z,UCyAMX6sBwHMJvZmgI6wV9Tg,Gospelmente,24,20.13.09,[none],155370,8846,178,324,https://i.ytimg.com/vi/63eRMDhs8T4/default.jpg,False,,BR,112
VFFtONsF1uU,5 minutes of Travis Scott,2020-09-08T22:01:03Z,UCem5WH8j6f0R4IpF55z0zqQ,Lucas Vin√≠cius,22,20.13.09,[none],337275,89068,308,4483,https://i.ytimg.com/vi/VFFtONsF1uU/default.jpg,False,,BR,113
C18jOi6_0tQ,Coletiva com Romildo Bolzan - 09/09 l Gr√™mioTV,2020-09-09T14:29:13Z,UCHKbUAiKHsWCCZrkDY_PZ8Q,Gr√™mio FBPA,17,20.13.09,[none],89167,4839,1584,478,https://i.ytimg.com/vi/C18jOi6_0tQ/default.jpg,False,,BR,114
RgpbeTrSXHg,BK - Movimento | O L√≠der em Movimento,2020-09-08T01:00:05Z,UC00DIzrNfhYeXh9Z01fk_9w,BK,10,20.13.09,bk|abebe bikila|o lider em movimento|rap|hip hop|Mike Bozzi|Magno Brito|piramide perdida|Jxnv$|bk|polly marinho|chs|arthur luna,816651,62998,593,2449,https://i.ytimg.com/vi/RgpbeTrSXHg/default.jpg,False,,BR,115
O_0tWz69oSE,Os Pingos Nos Is - 09/09/20,2020-09-09T21:06:21Z,UCzjtGnD7qqeaHW3nvDVrjQA,Os Pingos nos Is,25,20.13.09,victor brown|Augusto Nunes|Silvio Navarro|guilherme fiuza|Jos√© Maria Trindade|Jovem Pan|integrapingonosis|integrapingosnosis|os pingos nos is|jair bolsonaro|Os Pingos nos Is|jose maria trindade|jovem pan|Jovem Pan ao vivo|augusto nunes,144022,13747,142,373,https://i.ytimg.com/vi/O_0tWz69oSE/default.jpg,False,,BR,116
qw5YNCO3DvE,"Boca a Boca S02E01 | PEDRO SAMPAIO, VITOR KLEY, MARCELA MCGOWAN e mais!",2020-09-08T02:17:10Z,UCgSvw7asvNq7wJWKMSW28Eg,Bianca Andrade,22,20.13.09,Bianca Andrade|Boca a Boca|Boca Rosa|Segunda Temporada|Roxo|Entretenimento Aleat√≥rio Mas Necess√°rio|Pedro Sampaio|Rafael Portugal|Gabriel Rocha|Laddy Nada|Marcela McGowan|Vitor Kley|A Bolha|Funk Boca|Cinco Bocas|Tabuleiro|O Que tem na minha Playlist,1024240,56293,1636,1054,https://i.ytimg.com/vi/qw5YNCO3DvE/default.jpg,False,,BR,117
hho15muKq4M,PROGRAMA EU FICO LOKO #04 - J√öLIO COCIELO,2020-09-08T00:47:43Z,UCwQSkyrft0ohf-ra21yIs9Q,EU FICO LOKO,24,20.13.09,[none],782934,126070,821,1624,https://i.ytimg.com/vi/hho15muKq4M/default.jpg,False,,BR,118
NWA93Gf5PbU,EQUINOX vs. TIGUAN! Duelo 2.0 TURBO de 0 a 400 e de 0 a 1.000 metros no Arrancad√£o #29 by Shell Box,2020-09-08T22:59:39Z,UCGBIIPnw0AYM3BFsmTsjeAw,Acelerados,2,20.13.09,Acelerados|Rubens Barrichello|Cassio Cortes|Gerson Campos|Carros|Automobilismo|Auto|automotiva|velocidade|velocidade final|potencia|torque|review|dicas|teste|motor|rubinho|rapido|turbo|arrancad√£o|aceleduelo|chevrolet equinox|volkswagen tiguan|equinox 2.0|equinox 1.5|tiguan 2.0|tiguan 1.4|tiguan r-line|tiguan comfortline|equinox midnight|motor 2.0 turbo|golf gti|jetta gli|passat|camaro|c√¢mbio dsg|equinox usado|tiguan usado|jeep compass|ford territory,233609,21673,207,1292,https://i.ytimg.com/vi/NWA93Gf5PbU/default.jpg,False,,BR,119
WpeGq7Ker-Q,RAFAEL BRAND√ÉO E HORSE *treino dos gigantes*,2020-09-08T23:02:39Z,UC7A0YD115qc_1UdfHqExPTw,4FitClub,17,20.13.09,4fitclub|renan4fitclub|renan 4fit|canal 4fitclub|canal fitness|canal de muscula√ß√£o|rafael brand√£o|rafael brandao|rafa brandao|rafael brandao mr olympia|rafael brandao shape atual|shape rafael brandao|shape rafa brandao|shape atual rafa brandao|rafael brandao e horse|horse e rafael brandao|horse vs brandao|brandao vs horse|rafa brandao treinando|rafael brandao treinando|treino rafael brandao|treino de costas brandao|dieta brandao|brandao treino|brandao,215220,22940,208,815,https://i.ytimg.com/vi/WpeGq7Ker-Q/default.jpg,False,,BR,120
Ctd_oRtyxfQ,LIVE DICAS #9 RODADA | CARTOLA FC 2020 | VAI ESCALAR O CANO?,2020-09-09T17:07:42Z,UC73iRP94nnZ5C3SE8zrBQaQ,BetinGamer,17,20.13.09,betin|betingamer|cartola fc 2020|cartola 2020|cartola fc 9 rodada|cartola rodada 9|live 9 rodada cartola fc|live dicas cartola fc|live do betin|#9 rodada cartola fc|time atualizado rodada 9|ganhar cartoletas na 9 rodada|dicas rodada 9 cartola|betin rodada 9|cartola fc dicas rodada 9|dicas nona rodada|nona rodada cartola|como ficar rico no cartola|dicas cartola valorizacao 9 rodada|como mitar na 9 rodada|como jogar cartola fc,255373,22952,331,294,https://i.ytimg.com/vi/Ctd_oRtyxfQ/default.jpg,False,,BR,121
42eCfYUuqyA,7 ANOS DE DEPOIS DAS ONZE - Depois das Onze,2020-09-09T21:28:50Z,UCWTFQQCg8Rn8LpOBbyiU0IA,Depois das Onze,23,20.13.09,Playlist Depois das Onze|Depois Das Onze|Depois das 11|Gabi Fernandes|Gabie Fernandes|Gabriela|Fernandes|Thalita Meneghim|Humor|Com√©dia|Vlog|YouTube|Dia|Est√∫dio|7 anos|sete anos|#7anosDD11|anivers√°rio dd11|anivers√°riodo canal|7 anos depois das onze|youtube|bacanas|hist√≥ria depois das onze|bastidores depois das onze|hist√≥ria dd11|hist√≥ria gabie fernades|hist√≥ria thalita meneghim|dia est√∫dio|por tr√°s das c√¢meras|bastidores 7 anos,130220,30056,50,2601,https://i.ytimg.com/vi/42eCfYUuqyA/default.jpg,False,,BR,122
KHLfCFMKxPg,Xbox Series S - World Premiere Reveal Trailer,2020-09-08T16:34:36Z,UCjBp_7RuDBUYbd1LegWEJ8g,Xbox,20,20.13.09,Xbox|xbox 360|Xbox One|Xbox Series X|Xbox Series S|Series S|Series X|Xbox next-gen|Xbox console|Xbox gaming|Xbox next-gen console|Xbox Series X games|Xbox Games Studios|Xbox Series S games|Xbox Series S games trailer|Xbox Game Pass|Halo Infinite|Destiny 2 Beyond Light|Cyberpunk 2077|Asassins Creed Valhalla|Lego Star Wars|official trailer|world premiere|reveal|new xbox,3573383,154173,7876,14417,https://i.ytimg.com/vi/KHLfCFMKxPg/default.jpg,False,,BR,123
hfLkFZWFmLM,Duna - Trailer Oficial,2020-09-09T16:18:39Z,UCEOVI4AmQE01FDKNFunkV2w,Warner Bros. Pictures Brasil,1,20.13.09,Dune|Arrakis|Atreides|Paul Atreides|Duke Leto Atreides|Duncan Idaho|Frank Herbert|Harkonnen|Fremen|Sandworm|Bene Gesserit|Blade Runner 2049|Arrival|Enemy|Warner Brothers|WB|Warner Bros|Warner Media|Warner|Film Warner|Trailer 2019|Trailer|Official Trailer|Movie|Film|Film Trailer|Coming Soon|Action|Sci-Fi|Timothee Chalamet|Oscar Isaac|Zendaya|Jason Momoa|Javier Bardem|Josh Brolin|Stellan Skarsgard|Rebecca Ferguson|Denis Villeneuve,207496,14334,113,1089,https://i.ytimg.com/vi/hfLkFZWFmLM/default.jpg,False,,BR,124
T-9Vs6J9o24,A Supercopa voltou! Conhe√ßa os times e os jogadores desse ano!,2020-09-08T21:02:27Z,UCFjrDmEnxrG5TRGVO0TPHLA,Desimpedidos,17,20.13.09,desimpedidos|engra√ßado|futebol|zueira|gol|gola√ßo|time|disimpedidos|disimpididos|desimpididos|Supercopa Desimpedidos|Supercopa Desimpedidos 2020|Supercopa 2020|Fred Desimpedidos|Fred|Chicungunha Desimpedidos|Bol√≠via Desimpedidos|Times Supercopa Desimpedidos 2020|Supercopa Sorteio|Sorteio Supercopa Desimpedidos|Haaland|Arsenal|Real Madrid|S√£o Paulo|Flamengo|Bayern de Munique|Juventus|Cruzeiro|Internacional|Lucaneta|Juninho Manella|Tulinho|Ed Gama|Rossini|Futblack,775948,109748,552,6425,https://i.ytimg.com/vi/T-9Vs6J9o24/default.jpg,False,,BR,125
pPo_LnUKFbE,#Live Menos √© Mais part. Ferrugem e Tiee (Pagode do Gago) #FMODIA,2020-09-07T22:43:40Z,UCs11lqGV02Y-gu2f6G1r4ug,R√°dio FM O Dia,10,20.13.09,Live|Live agora|live menos √© mais|menos √© mais|menos e mais|ao vivo|ao vivo agora|ao vivo menos √© mais|fm o dia|pagode do gago|ferrugem|ferrugem ao vivo|tiee|tiee ao vivo|ferrugem live|tiee live|fm o dia ao vivo|fm o dia agora|live fm o dia|live pagode do pago|pagode do gago ao vivo|homem de ferro|manda audio|pagode|samba|tiee e ferrugem|tiee ferrugem menos √© mais|menos √© mais ferrugem|menos √© mais tiee|tiee menos √© mais|live ao vivo|fmodia2020,921345,26691,604,404,https://i.ytimg.com/vi/pPo_LnUKFbE/default.jpg,False,,BR,126
9uxjjZpKaHE,CASAMENTO NA COMUNIDADE!,2020-09-07T12:00:12Z,UCoIrFSMG4kt0hNF6KBgga0w,Dinah Moraes,23,20.13.09,[none],1806409,94267,2527,4546,https://i.ytimg.com/vi/9uxjjZpKaHE/default.jpg,False,,BR,127
eU_BxcEuXro,Roda Viva | Lilia Schwarcz | 07/09/2020,2020-09-08T02:45:34Z,UCNVsZnDXOM4PodYIEgM2e4w,Roda Viva,25,20.13.09,Roda Viva|TV Cultura (TV Network)|debate|Brasil|pol√≠tica|informa√ß√£o|jornalismo|cultura|arte|Lilia Schwarcz|hist√≥ria|hist√≥ria do brasil,309772,20189,1274,1799,https://i.ytimg.com/vi/eU_BxcEuXro/default.jpg,False,,BR,128
BtMqlltC0x0,MEU PRIMEIRO ACAMPAMENTO COM OS MENINOS! üèï üî•,2020-09-08T21:30:11Z,UCgdnrd2Ae_H07_N8j1l18Xw,Dani Russo Tv,24,20.13.09,dani russo|dani|russo|tv|danivlogs|dani vlog|acampamento|renato garcia|leo da hornet|chris leao|viagem|amigos|meninos|embacado,858511,53987,1312,2173,https://i.ytimg.com/vi/BtMqlltC0x0/default.jpg,False,,BR,129
Tp04I0I_wcc,"‚ô´ BRASILEIR√ÉO √â S√ì ZUEIRA 2020 | Par√≥dia Cheap Thrills - Sia, Sean Paul",2020-09-08T14:56:10Z,UCGFNp4Pialo9wjT9Bo8wECA,FutPar√≥dias,17,20.13.09,Futebol|FutParodias|Par√≥dia|futparodia|futeparodia|parodia|fut parodia|fut parodias|Par√≥dia com Jogadores|brasileir√£o|brasileir√£o futpar√≥dias|brasileir√£o √© s√≥ zueira|brasileir√£o 2020|campeonato brasileiro|brz√£o|flamengo|s√£o paulo|corinthians|internacional|atl√©tico mineiro|fluminense|vasco|santos|palmeiras|bahia|gr√™mio|cruzeiro|sport|fortaleza|red bull bragantino|goi√°s|athletico paranaense|sia|sean paul|cheap thrills|parodia sia|parodia cheap thrills,1578129,162883,3472,7114,https://i.ytimg.com/vi/Tp04I0I_wcc/default.jpg,False,,BR,130
02X2ahXw9Lo,FREE FIRE AO VIVO - LIGA NFA SEASON4 | DIA 28 - GRUPO BxC - #NFAS4,2020-09-08T02:53:00Z,UCIVnGR9XPef8boJWJHfQAiA,NFA CHANNEL,20,20.13.09,liga nfa|nfa|liga|free fire|garena|lbff|copa ff|liga brasileira|pro player|campeonato|torneio|ss|bdl|b4|los grandes|lgd|loud|loudgg|laude|pain|faz o p|god|god esports|deuses|kof|anarchysons|intz|fsk|forsaken|samuca|ale|el|gato|piu|piuzinho|thurzin|maellen|booyah|voltan|codiguin|cerol|bak|coreano|jordan|racha|price|elton|eltin|huntergod|wins|hudson|nobru|tv|ygorx|dantes|since|sharin|will|bradook|kronos|ggeasy|babi|coringa|victor|levelup|buxexa|crusherfooxi|esports|blak|blakn444,961577,106262,722,288,https://i.ytimg.com/vi/02X2ahXw9Lo/default.jpg,False,,BR,131
J-KhLpnhyQM,"De Olho na Luta, por Vitor Miranda: Michel Pereira x Zelim Imadaev",2020-09-07T20:45:24Z,UCk8XGxi7fsTqQQRVq9LSraw,UFC Brasil,17,20.13.09,UFC|UFC Brasil|Combate|UFC Lutas|UFC Nocautes|UFC Ao Vivo|UFC Fight|Assistir UFC|UFC Videos|UFC no Combate|De Olho na Luta|Vitor Miranda|Michel Pereira|an√°lise de luta|ufc vegas 9,339898,26172,142,1061,https://i.ytimg.com/vi/J-KhLpnhyQM/default.jpg,False,,BR,132
YksVrOYqlWU,XBOX SERIES X - Data de Lan√ßamento e Pre√ßo Est√£o CONFIRMADOS!,2020-09-09T13:33:59Z,UCWKtHaeXVzUscYGcm0hEunw,BRKsEDU,20,20.13.09,BRKsEDU|BRKs EDU|BRKs_EDU|BRKs|EDU|Xbox Series X|Xbox|Series|Series X|Series S|Xbox Series S|Data de Lan√ßamento|Pre√ßo|Pre√ßo Xbox|Pre√ßo Novo Xbox|Pre√ßo Xbox Series X|Data de Lan√ßamento Xbox Series X|PS5|PlayStation 5|Nintendo Switch,181744,30805,276,1872,https://i.ytimg.com/vi/YksVrOYqlWU/default.jpg,False,,BR,133
6rX4jFCmQW0,ISSO PRECISA PARAR!!!,2020-09-08T13:00:01Z,UCV306eHqgo0LvBf3Mh36AHg,Felipe Neto,24,20.13.09,felipe neto|irm√£os neto|bruno correa|bruno corr√™a|moletom|casaco|calor|40 graus|prazo|sufoco|turma|turma de 2020|2020|normal|novo normal|m√©dico|letra de m√©dico|receita|farm√°cia,1060956,189381,2501,8736,https://i.ytimg.com/vi/6rX4jFCmQW0/default.jpg,False,,BR,134
B6Qgt6Eyb7A,FLAMENGO x FLUMINENSE; RECORDE de CR7; ANDR√âS SANCHEZ AO VIVO | De Placa (09/09/20),2020-09-09T15:48:23Z,UCdkhkda5VQPbKSzx03HohMw,De Placa,17,20.13.09,de placa|de placa ao vivo|esporte interativo|Corinthians|Flamengo|Fluminense|Flamengo x Fluminense|√∫ltimas not√≠cias do Flamengo|√∫ltimas not√≠cias do Fluminense|escala√ß√£o Flamengo|Recorde CR7|Cristiano Ronaldo recorde Portugal|Andr√©s Sanchez|Andr√©s Sanchez ao vivo|√∫ltimas not√≠cias do Corinthians|Neo Quimica Arena|escala√ß√£o Fluminense|Andr√© Henning|Al√™ Oliveira|Presidente Corinthians|fla-flu|100 gols cr7|s√£o paulo x red bull bragantino|gabigol|nene|brasileir√£o,111397,10814,209,55,https://i.ytimg.com/vi/B6Qgt6Eyb7A/default.jpg,False,,BR,135
RdCc5zfRdPg,√öLTIMOS ACESS√ìRIOS ! E  o fim da reforma !,2020-09-08T15:00:30Z,UCnvxs-wKQXlP1gDK49nZCLg,Saveiro do RAU,2,20.13.09,saveiro do rau|rau|rauan|xiru|atego|viajando|caminhoneiro|caminh√£o|estrada|traseira alta|frente baixa|gbn|gang|top|carroceria|chassi|reforma|pintura|qualificado|lanterna|guerra|lameir√£o|acess√≥rios|fim da reforma,121337,21697,106,833,https://i.ytimg.com/vi/RdCc5zfRdPg/default.jpg,False,,BR,136
MOmHM_iqzdU,Xbox Series S - O NOVO Console da Microsoft na Nova Gera√ß√£o!,2020-09-08T12:56:14Z,UCWKtHaeXVzUscYGcm0hEunw,BRKsEDU,20,20.13.09,BRKsEDU|BRKs EDU|BRKs_EDU|BRKs|EDU|Xbox Series S|Xbox|Series S|PS5|Xbox Novo|Novo Xbox|Series S Xbox|BRKsEDU Xbox|Xbox BRKsEDU|Novo Console|Console,397705,50825,736,3050,https://i.ytimg.com/vi/MOmHM_iqzdU/default.jpg,False,,BR,137
ME7qwm7oerQ,"Brawl Stars: Brawl Talk - Welcome to Starr Park! Gift Shop, Colette & More!",2020-09-07T08:00:10Z,UCooVYzDxdwTtGYAkcPmOgOw,Brawl Stars,20,20.13.09,brawl stars|mobile game|mobile strategy game|mobile battle royale|battle royale|supercell game|starrpark|starr|park|gift shop|colette|new brawler|brawl talk|brawler|skins,31708512,821511,28376,78061,https://i.ytimg.com/vi/ME7qwm7oerQ/default.jpg,False,,BR,138
uDMWRRAEogs,Hyrule Warriors: Age of Calamity - Announcement Trailer - Nintendo Switch,2020-09-08T14:15:07Z,UCGIY_O-8vW4rfX98KlMkvRg,Nintendo,20,20.13.09,nintendo|play|play nintendo|game|gameplay|fun|video game|kids|action|adventure|rpg|Hyrule Warriors|Zelda|Musou|Breath of the Wild|Nintendo Switch|Age of Calamity|Link|Daruk|Mipha|Revali|Urbosa,2712073,170368,2243,19237,https://i.ytimg.com/vi/uDMWRRAEogs/default.jpg,False,,BR,139
UjTIn_CkKCU,EU N√ÉO ACREDITO QUE ELES FIZERAM ISSO NO MEU CARRO NOVO [DEU RUIM ],2020-09-07T14:32:57Z,UCfzgzFA3WhrkowZEWjQpWkA,IRENE N√ìBREGA,24,20.13.09,RENATO GARCIA|RENAN FIORINI|THIAGO REIS|GUI NOBRE|LEO DA HORNET|DANI RUSSO|BOQUINHA|HUNTERS SQUAD|CA√áADORES DE LENDAS|LONDRINA|TROLAGEM|PICHA√á√ÉO|PEGADINHA|TINTA|SPRAY|RISOS|GARGALHADAS|BRINCADEIRA,681214,44019,1460,1593,https://i.ytimg.com/vi/UjTIn_CkKCU/default.jpg,False,,BR,140
Yw8iO27HV94,Naara e Sarah | Foi Deus [Clipe Oficial],2020-09-08T15:00:13Z,UCpf5YXmzGHC4m5uLCdlrrfA,Todah Music,10,20.13.09,Todah Music|Gravadora Todah Music|Todah|musica gospel|musica pentecostal|gravadora pentecostal|lan√ßamento Todah Music,69719,6310,70,322,https://i.ytimg.com/vi/Yw8iO27HV94/default.jpg,False,,BR,141
fsyoIo_WI7U,MEU EX ME LIGOU E MEU NAMORADO FICOU MUITO BRAVO!!!,2020-09-06T22:00:06Z,UCsaB2VrLZrtGbum6Eo0ClbA,Virg√≠nia Fonseca,22,20.13.09,vih|virginia|fonseca|virginia fonseca|rezende|rezendeevil|virginia e rezende|meu ex|meu ex me ligou|meu ex me ligou e meu namorado ficou muito bravo|muito bravo|troll|trollagem|pegadinha|trollagem com ze felipe|ze felipe|ze felipe e virginia|virginia e ze felipe|virginia e ze|virginia trollagem|troll com rezende,3167124,438059,10708,10805,https://i.ytimg.com/vi/fsyoIo_WI7U/default.jpg,False,,BR,142
B5N8F2dDVI8,FRAN√áA X CRO√ÅCIA (AO VIVO COM IMAGENS) - NATIONS LEAGUE,2020-09-08T21:07:39Z,UCs-6sCz2LJm1PrWQN4ErsPw,Esporte Interativo,17,20.13.09,Su√©cia x fran√ßa|fran√ßa x suecia|nations league|futebol ao vivo|onde assistir nations league|liga das na√ßoes|nations league ao vivo|esporte interativo|sele√ß√£o francesa|sele√ß√£o sueca|nations league esporte interativo,1257069,59145,486,147,https://i.ytimg.com/vi/B5N8F2dDVI8/default.jpg,False,,BR,143
1tH49Rr0vk8,GOLS LEND√ÅRIOS,2020-09-08T13:00:01Z,UC_OvvTIFvYDZ9dZD9pXiKwA,Futebol 24 Horas,17,20.13.09,melhores gols|gols|futebol gols|gola√ßos|futebol gola√ßos|melhores gols do futebol|gols imposs√≠veis|gols de falta|gols de curva|gols de fora da √°rea|gols de longe|cristiano ronaldo gol|neymar gol|messi gol|ronaldinho gol|ibrahimovic gol,140550,21856,278,448,https://i.ytimg.com/vi/1tH49Rr0vk8/default.jpg,False,,BR,144
5fTOWOpJ_qM,QUANTO INVESTIR PRA GANHAR R$3 MIL TODO M√äS? 7 passos PR√ÅTICOS - Nath Me Ajuda #55 (COM PRESENTE!),2020-09-07T15:00:01Z,UC8mDF5mWNGE-Kpfcvnn0bUg,Me poupe!,22,20.13.09,me poupe|mepoupenaweb|finan√ßas pessoais|educa√ß√£o financeira|canal de finan√ßas|nathalia arcuri|como ganhar dinheiro na internet|finan√ßas para mulheres|Independ√™ncia|independ√™ncia financeira|investir|passos para investir|como investir|dicas para investir|investir para iniciantes|investir para aposentadoria|passos pr√°ticos para investir|ganhar dinheiro investindo|dinheiro|nath arcuri|investir para iniciantes me poupe,298173,42389,528,1107,https://i.ytimg.com/vi/5fTOWOpJ_qM/default.jpg,False,,BR,145
H4ipow_z1rE,CAPITAL INICIAL | LIVE DA INDEPEND√äNCIA,2020-09-08T00:35:44Z,UCWt6sVDhux5fyQmvl4c4tKw,Capital Inicial,10,20.13.09,live capital inicial|live capial|capital inicial ao vivo,174367,13852,202,326,https://i.ytimg.com/vi/H4ipow_z1rE/default.jpg,False,,BR,146
EYDGo3adncE,Dixie DAmelio - Be Happy (ft. blackbear & Lil Mosey) [Remix] Official Lyric Video,2020-09-09T17:00:19Z,UCLOEGprmycLLbyzBj2jozLg,Dixie DAmelio,22,20.13.09,dixie damelio|dixie damelio|dixie|damelio|be happy|music video|tik tok|official music video|dixie damelio be happy|dixie damelio be happy|be happy music video|dixie damelio music video|dixie damelio music video|charli damelio|charli damelio|tiktok|charli|damelio|remix|black bear|lil mosey|be happy remix,3131249,428229,8146,27675,https://i.ytimg.com/vi/EYDGo3adncE/default.jpg,False,,BR,147
cBJXfTcILxk,Acabe com as PRAGAS na HORTA: dicas de jardinagem com CAROL COSTA,2020-09-09T15:01:36Z,UC-8Uff7i2h5qtIvjXJDJqYA,Minhas Plantas,24,20.13.09,Carol Costa|Minhas Plantas|a louca das plantas|intensiv√£o da jardinagem|como fazer horta|horta em casa|horta caseira|comida org√¢nica|como adubar horta|como combater pragas na horta|bicho na horta|receita caseira contra praga|manjeric√£o|alecrim|rabanete|alface|tagetes|capuchinha,46504,8219,60,324,https://i.ytimg.com/vi/cBJXfTcILxk/default.jpg,False,,BR,148
Hb6itWsCL1Q,Gorillaz | Episode Six Strange Timez | Official Trailer,2020-09-08T16:13:34Z,UCfIXdjDQH9Fau7y99_Orpjw,Gorillaz,1,20.13.09,[none],559624,42133,415,2727,https://i.ytimg.com/vi/Hb6itWsCL1Q/default.jpg,False,,BR,149
iBoEVnJBzm8,LIVE DICAS RODADA 9 - CARTOLA FC 2020,2020-09-09T16:06:38Z,UCO7ufL5tj_guQhN0PCaouxw,Cartola Cartoon Brasil,20,20.13.09,#cartolacartoonBrasil,51000,3798,67,71,https://i.ytimg.com/vi/iBoEVnJBzm8/default.jpg,False,,BR,150
VQnTLHFEoOw,PEGAMOS UM CAMINH√ÉO DE MUDAN√áA  ‚Äπ EduKof ‚Ä∫,2020-09-08T15:00:09Z,UCrGnb5RdHA9M6WGmBGYo4ZQ,AM3NlC,22,20.13.09,VLOG|Estados|Unidos|EUA|Brasil|Brazil|Breakmen|Casa|House,482424,69904,424,1356,https://i.ytimg.com/vi/VQnTLHFEoOw/default.jpg,False,,BR,151
ceWFaM65qGY,O Fim do Canal - Despedida e Obrigado,2020-09-07T15:00:07Z,UCb1pt6jgOlPxvpLb_BCLJwg,Dois Marmotas,20,20.13.09,[none],431554,64151,2365,13821,https://i.ytimg.com/vi/ceWFaM65qGY/default.jpg,False,,BR,152
NuVCUcaUzTs,"NOT√çCIAS: ENDERSON DEMITIDO, JOGADORES AFASTADOS, MEDALH√ïES ACOMODADOS E DERROTA DO FEMININO",2020-09-08T17:09:22Z,UCZqJ5e2UUXwdWf6Ec8mKnNg,Seis a um,17,20.13.09,6x1|seisaum|Cruzeiro|6a1|t√°tica|futebol|mineir√£o|Seis|Emerson Araujo|Cruzeir√£o Cabuloso|Not√≠cias Cruzeiro|Seis a Um|enderson moreira|enderson demitido|novo tecnico cruzeiro|treinador cruzeiro|enderson moreira demitido|enderson cruzeiro|enderson moreira cruzeiro|s√©rgio santos rodrigues|jo√£o lucas cruzeiro|giovanni cruzeiro|l√©o cruzeiro|welinton cruzeiro|jogadores afastados cruzeiro|ricardo drubscky|deivid cruzeiro|rog√©rio micale|micale cruzeiro|micale,58799,5748,161,1022,https://i.ytimg.com/vi/NuVCUcaUzTs/default.jpg,False,,BR,153
64M-XqsB530,TOUR DA CASINHA DA √ÅRVORE | ANA HICKMANN,2020-09-07T23:00:01Z,UCaEDMy0ItPSfPEvJf6wYIxw,Canal Ana Hickmann,22,20.13.09,ana hickmann|canal ana hickmann|hoje em dia|moda|beleza|casa na arvore|casinha na arvore|construindo casa|como construir uma casa|constru√ß√£o|material de constru√ß√£o|construindo uma casa|carpintaria|carpinteiro|sonho|sonho realizado|tour casa na arvore|tour ana hickman|tour com ana hickman|pintar|pintura|maos a obra|mao na massa|instala√ß√£o|m√≥veis|casa ana hickman|casa na arvore ana hickman|canal da ana hickman|quarentena|fam√≠lia,132611,12581,125,1111,https://i.ytimg.com/vi/64M-XqsB530/default.jpg,False,,BR,154
-1iKzfedl-4,A PATRICINHA DA ESCOLA TRAIU SEUS AMIGOS ( Nathanflix ),2020-09-08T13:15:11Z,UC_GPxaepRgIMY1CY5Cqoc5w,Nois √© Pobre,24,20.13.09,nois √© pobre|nathanflix|nois e pobre|nathan braga|netflix|pobre|nathan|canal de pobre|filmes caseiros|filmes|aluno pobre|patricinha|A PATRICINHA DA ESCOLA TRAIU SEUS AMIGOS|traiu|amigos,431729,32351,902,1886,https://i.ytimg.com/vi/-1iKzfedl-4/default.jpg,False,,BR,155
0CV-l-SV2-k,Luan Santana - Eu Mere√ßo (V√≠deo Oficial),2020-09-08T15:08:36Z,UC6rwiIxv0w2fbmmr66wl1rA,Luan Santana,10,20.13.09,Som Livre (Record Label)|Arrocha|M√∫sica Sertaneja (Musical Genre)|Pop|Sertanejo Universit√°rio|Te Esperando|Meteoro da Paix√£o|Te Vivo|Luan Santana,353134,26993,216,1504,https://i.ytimg.com/vi/0CV-l-SV2-k/default.jpg,False,,BR,156
f9sayuZDT_E,O PRIMEIRO XOD√ì DO RUBINHO! Gol GTS 1993 de 433 cv + Up GTI de 200 cv na Volta R√°pida #206,2020-09-07T20:56:32Z,UCGBIIPnw0AYM3BFsmTsjeAw,Acelerados,2,20.13.09,Acelerados|Rubens Barrichello|Cassio Cortes|Gerson Campos|Carros|Automobilismo|Auto|automotiva|velocidade|velocidade final|potencia|torque|review|dicas|teste|motor|rubinho|pilotagem|piloto|rapido|turbo|gol quadrado|gol gts|gol turbo|motor ap|gol ap|ap turbo|up tsi|up preparado|gol preparado|volkslover|gol caixote|up gti|stage 1|stage 2|stage 3|up fu√ßado|carro preparado|xod√≥|carro do rubinho|garagem do rubinho|audi rs6|up duas portas|motor tsi,248185,23813,135,675,https://i.ytimg.com/vi/f9sayuZDT_E/default.jpg,False,,BR,157
MSZntc2DtQQ,Dead by Daylight | Descend Beyond | Official Trailer,2020-09-08T15:00:10Z,UCaSgsFdGbwjfdawl3rOXiwQ,Dead by Daylight,20,20.13.09,dead by daylight|dbd|behaviour interactive|bhvr|slasher game|survival horror|descend beyond|dead by daylight descend beyond|the blight|felix richter|dbd descend beyond|dead by daylight chapter 17|dead by daylight new killer|dead by daylight new chapter|dead by daylight trailer|dead by daylight cgi|the blight trailer|descend beyond trailer|dead by daylight killer trailer,517781,30018,410,2420,https://i.ytimg.com/vi/MSZntc2DtQQ/default.jpg,False,,BR,158
-IONRYbgVyc,PREPARAMOS UM ENCONTRO ESCONDIDO PRA ELES NA LOUD!!,2020-09-07T22:02:00Z,UC7iwNp4GUynlGXvK-6KD0Rw,LOUD,20,20.13.09,free fire|mobile|playhard|crusher|loud|ENCONTRO|rom√¢ntico,1609575,405776,2626,12646,https://i.ytimg.com/vi/-IONRYbgVyc/default.jpg,False,,BR,159
nDC7TwmM6z8,"SBT D√Å RASTEIRA NA GLOBO E FICA COM A LIIBERTA | CENI TRABALHARIA NO TIM√ÉO? EVERSON, CRUZEIRO, LUSA",2020-09-08T11:00:12Z,UCx0RRbF4EJOUQ28SurIU7Eg,Canal do Nicola,24,20.13.09,sbt|globo|sbt libertadores|silvio santos|libertadores|direitos tv|jorge nicola|canal do nicola|nicola|globo perde libertadores|rogerio ceni|ceni|ceni corinthians|andres ceni|andres ceni corinthians|everson|everson atletico|everson santos|atletico|cruzeiro|cruzeiro empata|cruzeiro serie b|enderson moreira|portuguesa|xv de piracicaba|palmeiras|andres herrera|herrera palmeiras|san lorenzo|evanilson|evanilson porto|evanilson fluminense|valores evanilson,397851,35626,475,2140,https://i.ytimg.com/vi/nDC7TwmM6z8/default.jpg,False,,BR,160
KjrPYacyZ3U,BASTIDORES: S√ÉO PAULO 3x1 FLUMINENSE | SPFCTV,2020-09-07T20:17:12Z,UCX3zTAsEoZ61rQMYb_08Tow,S√£o Paulo FC,17,20.13.09,saopaulofctv|SPFC|tricolor|S√£o Paulo|Morumbi|sao paulo|gols da rodada|spfctv|Made in Cotia|#Madeincotia|Bastidores|Boletim de treino|GOL LUCIANO|GOL BRENNER|GOL BUENO,243434,29493,143,1263,https://i.ytimg.com/vi/KjrPYacyZ3U/default.jpg,False,,BR,161
pmdXfTQmQLs,Os Atuais - Em Casa Com Os Reis (Live),2020-09-08T01:10:29Z,UCY1zV0j71X2H1H1IQSwpANQ,Banda Os Atuais,10,20.13.09,[none],219770,6079,124,59,https://i.ytimg.com/vi/pmdXfTQmQLs/default.jpg,False,,BR,162
SnQJYbiWVzM,LIVE MESA DA AMARGURA 2 - O bar de Vicente Nery na Mesa da Amargura,2020-09-08T02:51:44Z,UCzHEab3k7z679IELvxCaCXg,Batista Lima Oficial,10,20.13.09,Batista Lima|Edson Lima|Vicente Nery|Luizinho de Serra|Amor|Forr√≥|Sertanejo|Sofrencia,203307,7612,88,38,https://i.ytimg.com/vi/SnQJYbiWVzM/default.jpg,False,,BR,163
fTYPSBG1r2M,Xbox Series S oficialmente REVELADO e com pre√ßo MUITO ABAIXO do esperado,2020-09-08T16:27:02Z,UCJAbkIY17zAmCTNQHH0bQoQ,Gameplayrj,20,20.13.09,gameplayrj|davyjones|davy jones|video com davy jones|jogando com davy jones|gameplayrj jogando|jogando jogos|dava jonas|gprj|video do gameplayrj|lan√ßamentos de games,323047,49788,458,1753,https://i.ytimg.com/vi/fTYPSBG1r2M/default.jpg,False,,BR,164
TRIjMevCZD8,Live VillaMix em Casa Mod√£o 3,2020-09-07T06:50:28Z,UCs0OL__SJ_67Q0I-M1tF1PQ,VillaMix,10,20.13.09,villamix|live villamix|live mod√£o|villamix mod√£o,2068589,41432,1349,532,https://i.ytimg.com/vi/TRIjMevCZD8/default.jpg,False,,BR,165
WtxES6RSDx0,FUI CONHECER A CASA DOS CA√áADORES DE LENDAS ‚ù§Ô∏è,2020-09-07T21:00:19Z,UCgdnrd2Ae_H07_N8j1l18Xw,Dani Russo Tv,24,20.13.09,dani russo|dani|russo|tv|danivlogs|dani vlog|renato garcia|casa dos meninos|thiago reis|leo da hornet|londrina,907749,79397,1303,1518,https://i.ytimg.com/vi/WtxES6RSDx0/default.jpg,False,,BR,166
U7WFPyfUO0Y,Armaria m√£e 16 (Cheia de manias),2020-09-06T16:33:30Z,UCz2A8OXLR2xwYE63zWbu7IA,Wiris Viana,23,20.13.09,webs√©ries|novelinha|videosengra√ßados|wirisviana|achatadaminhairm√£|armariam√£e,1611616,83619,2177,3271,https://i.ytimg.com/vi/U7WFPyfUO0Y/default.jpg,False,,BR,167
CuR14GdqC_c,Bem Vinda Maria - Dibs Aquino & Claudia Can√ß√£o,2020-09-07T15:00:11Z,UCy6twQaruo8CL1nXm45VTbw,Claudia Cancao,10,20.13.09,Claudia Can√ß√£o|Can√ß√£o e Louvor|Eu Cuido de ti|Calmaria|Sossega|Dibs Aquino|Maria J√∫lia|Amor|Jesus|Deus|Louvor|Hino,263165,29820,206,1578,https://i.ytimg.com/vi/CuR14GdqC_c/default.jpg,False,,BR,168
ts6p7-OLlaI,BASTIDORES | VASCO 1 X 0 ATHLETICO-PR | VASCOTV,2020-09-07T22:56:24Z,UCZD5qcen7lbLPFTjfvdLFcw,Vasco TV,17,20.13.09,#Vasco|#VascoDaGama|#VascoTV|#FutebolBrasileiro,157705,26341,104,1913,https://i.ytimg.com/vi/ts6p7-OLlaI/default.jpg,False,,BR,169
h1fTbt9qm_Q,BK - Bloco 7 | O L√≠der em Movimento,2020-09-08T01:00:02Z,UC00DIzrNfhYeXh9Z01fk_9w,BK,10,20.13.09,bk|abebe bikila|o lider em movimento|rap|hip hop|Mike Bozzi|Magno Brito|piramide perdida|Jxnv$|bk|arthur luna|aina garcia|el lif beatz|bloco 7,389955,32423,135,1103,https://i.ytimg.com/vi/h1fTbt9qm_Q/default.jpg,False,,BR,170
PVZJ2fkCzjs,BK - Porcentos 2 | O L√≠der em Movimento,2020-09-08T01:00:04Z,UC00DIzrNfhYeXh9Z01fk_9w,BK,10,20.13.09,bk|abebe bikila|o lider em movimento|rap|hip hop|Mike Bozzi|Magno Brito|piramide perdida|Jxnv$|bk|arthur luna|porcentos 2,363646,28338,93,801,https://i.ytimg.com/vi/PVZJ2fkCzjs/default.jpg,False,,BR,171
kq5jQelUyEo,LBFF - Rodada 6 - Grupos C e B | Free Fire,2020-09-06T19:26:35Z,UCr4ARxgElIO21GWfIraZezg,Free Fire - Brasil,20,20.13.09,free fire|free fire ao vivo|ao vivo|lbff ao vivo|lbff|free fire brasil|liga brasileira de free fire,2910167,238279,2676,1772,https://i.ytimg.com/vi/kq5jQelUyEo/default.jpg,False,,BR,172
IH2YN86dfhY,TIPOS DE JOGADORES #29 (EDI√á√ÉO ESPECIAL: T√âCNICO DE FUTEBOL),2020-09-06T21:43:06Z,UCriRvZSnEFPSMqSya2s2U6g,Banheiristas,17,20.13.09,caio|vitor|lo|banheiristas|banheristas|banheirista|crian√ßa|crianca|videos|futebol|esporte|desenhos|desafios|gol|gols|diversao|kids|teen,571586,44763,492,828,https://i.ytimg.com/vi/IH2YN86dfhY/default.jpg,False,,BR,173
hFQL7BS6lrs,TAEMIN ÌÉúÎØº Criminal MV,2020-09-07T09:00:08Z,UCEf_Bc-KVd7onSeifS3py9g,SMTOWN,10,20.13.09,[none],6128227,690786,4043,59437,https://i.ytimg.com/vi/hFQL7BS6lrs/default.jpg,False,,BR,174
W_1hD8PxtbQ,REA√á√ÉO DA MINHA MULHER COM A MINHA NOVA MOTO *Fabio Giga e Julia*,2020-09-07T15:00:07Z,UCDZgRnMZqD1qeWqLCON8PRA,Fabio Giga PRO,24,20.13.09,fabio giga|fabio giga pro|giga|giga pro|moto fabio giga|giga moto|ducati|moto|rea√ß√£o da minha mulher|rea√ß√£o da minha namorada|motocicleta|rea√ß√£o|renato garcia,366259,58303,327,1583,https://i.ytimg.com/vi/W_1hD8PxtbQ/default.jpg,False,,BR,175
XR8IViYThaE,ESSE FOI O PRESENTE MAIS CARO QUE EU J√Å DEI EM TODA MINHA VIDA...,2020-09-07T23:04:15Z,UCp8i4boXFm2UB3te86RxAZQ,Jo√£o Caetano,24,20.13.09,vlog|entretenimento|jo√£o|caetano|familia caetano|videos para familia,944052,143861,2008,10783,https://i.ytimg.com/vi/XR8IViYThaE/default.jpg,False,,BR,176
cbphs1IIZkU,SHIPPO OU N√ÉO SHIPPO POL√äMICO!,2020-09-06T23:00:04Z,UCOPS25AxMB9te9_-AHt3JEg,PEIXE,24,20.13.09,peixe|peixinho,523255,135873,1326,15444,https://i.ytimg.com/vi/cbphs1IIZkU/default.jpg,False,,BR,177
ccIf6M3sZ_M,ENVIARAM mais uma FORMIGA RAINHA com MUITOS OVOS no MEU CORREIO *ferrou*,2020-09-08T00:20:26Z,UCMNdXl4E9eSJ9h_dYcRcMKA,Viros,24,20.13.09,Viros|Virus|VirosGamer|Formigueiro|Formigas de Verdade|Formiga Rainha|Formiguinhas|Formiga|Animal|Animal de Estimacao|Curiosidades|insetos|antfarm|formicarium|rainha|correio|enviaram|ovos formiga,878052,100693,1603,3679,https://i.ytimg.com/vi/ccIf6M3sZ_M/default.jpg,False,,BR,178
7pqUQJF0HX4,üî¥Treino para endurecer o corpo todo ao vivo!!,2020-09-08T22:39:25Z,UCw_S3AgRp0t-iXw4x5aaZ_Q,Carol Borba,17,20.13.09,Carol Borba|treinos em casa|perder barriga|exerc√≠cio f√≠sico|treinos para emagrecer|exerc√≠cios para perder barriga rapido|treino funcional|personal em casa|treino para iniciantes|exerc√≠cios para emagrecer|carol borba abdominal|treino de bra√ßos|Jump|power hiit|hiit|workout routines at home,84510,17169,96,214,https://i.ytimg.com/vi/7pqUQJF0HX4/default.jpg,False,,BR,179
_-PcFKVqo70,Veja a vit√≥ria de Michel Pereira | UFC Vegas 9,2020-09-06T15:47:46Z,UCk8XGxi7fsTqQQRVq9LSraw,UFC Brasil,17,20.13.09,UFC|UFC Brasil|Combate|UFC Lutas|UFC Nocautes|UFC Ao Vivo|UFC Fight|Assistir UFC|UFC Videos|UFC no Combate|Michel Pereira|Vit√≥ria|Finaliza√ß√£o|Show|UFC Vegas 9|UFC Agora|UFC Hoje|Como Assistir|Assistir Ao Vivo,916385,17556,582,595,https://i.ytimg.com/vi/_-PcFKVqo70/default.jpg,False,,BR,180
AAOOKbk-knM,(MV)Ïú†ÏïÑ(YooA)_Ïà≤Ïùò ÏïÑÏù¥ (Bon voyage),2020-09-07T09:01:54Z,UC-qYkzKFdekoEniRu_FS3zg,OH MY GIRL,10,20.13.09,#Ïò§ÎßàÏù¥Í±∏|OHMYGIRL,15615129,0,0,26410,https://i.ytimg.com/vi/AAOOKbk-knM/default.jpg,True,,BR,181
wv-95GtR0KU,GRATID√ÉO - LAIS BIANCHESSI,2020-09-07T22:00:14Z,UCtsrWh3DHjY6TfqiWqJ3mEg,Lais Bianchessi,22,20.13.09,lais|lais bianchessi|bianchessi|cantora|cantora lais bianchessi|xfactor|lais x factor|adr|rezende|rezendeevil|musica nova|musica nova lais bianchessi|gratid√£o|setembro amarelo|musica sobre supera√ß√£o|depress√£o|agradecimento|musica gratid√£o|musica setembro amarelo|lan√ßamento|nova musica lais,359380,93474,242,7594,https://i.ytimg.com/vi/wv-95GtR0KU/default.jpg,False,,BR,182
g08r6zQPe_M,LU√çZA E MAUR√çLIO - LIVE INAMOR√ÅVEL #liveinamoravel,2020-09-07T00:50:26Z,UC3SMLUlhU9F00ovwTEEwRGw,Luiza e Maur√≠lio,10,20.13.09,LU√çZA E MAUR√çLIO|Live Lu√≠za e Maur√≠lio|S de Saudade,606408,22305,406,278,https://i.ytimg.com/vi/g08r6zQPe_M/default.jpg,False,,BR,183
-Nir1uPim70,Maiara e Maraisa & Mar√≠lia Mendon√ßa - S√≥ pensando em voc√™ (Official Music Video),2020-09-06T14:00:10Z,UCULzCZWkkOb9dW8rr6dguQQ,Maiara e Maraisa,10,20.13.09,se olha no espelho|cristiano araujo|maiara e maraisa|show completo|o que temos pra hoje √© saudade|efeitos|ce que sabe|Jorge & Mateus (Musical Group)|Gusttavo Lima (Musical Artist)|M√∫sica Sertaneja (Musical Genre)|Rede Globo (TV Network)|Luan Santana (Musical Artist)|Pessoa Errada|Maiara e Maraisa Pessoa Errada|maiara|maraisa|marilia|mar√≠lia mendon√ßa|marilia mendon√ßa,2004524,37360,590,575,https://i.ytimg.com/vi/-Nir1uPim70/default.jpg,False,,BR,184
fTuXHsIat9Y,ME ABANDONARAM!! DESABAFO NA MANS√ÉO DA LOUD...,2020-09-07T23:46:44Z,UC81CElb6SqJcOMaCAC-fwbQ,LOUD Thaiga,24,20.13.09,loud|loud thaiga|thaiga|vou sair da loud|desabafo loud thaiga,758657,133260,1894,3808,https://i.ytimg.com/vi/fTuXHsIat9Y/default.jpg,False,,BR,185
LNn3V7F2J30,Live Weekend | Solange Almeida (OFICIAL) Tour Minha Hist√≥ria - Fique em Casa #Cante #Comigo,2020-09-07T01:25:04Z,UCmefFmh-DKDUoxH67_b-5Vg,Solange Almeida,10,20.13.09,[none],395324,13702,281,234,https://i.ytimg.com/vi/LNn3V7F2J30/default.jpg,False,,BR,186
HAtxutYTJmA,S√ì 2 INGREDIENTES TRAVESSA GELADA CREMOSA F√ÅCIL DEMAIS,2020-09-06T13:45:00Z,UCKprb2rS223xM5uNsbrSVAg,Tata Pereira,22,20.13.09,sobremesa|sobremesa rapida|sobremesa economica|receita rapida|receita barata|receita simples|receita tata pereira|tata pereira|candy|fa√ßa e venda,652549,34861,927,893,https://i.ytimg.com/vi/HAtxutYTJmA/default.jpg,False,,BR,187
JkR8JxcI-VQ,PUDIM SEM LEITE CONDENSADO IGUAL DE PADARIA | SUPER F√ÅCIL E R√ÅPIDO,2020-09-08T17:00:06Z,UC1-WVziv_VW5lEoGg4_tmng,Menino Prendado,26,20.13.09,pudim|pudim sem leite condensado|como fazer pudim|receita de pudim|pudim f√°cil|receita de pudim f√°cil|pudim de padaria|o melhor pudim|pudim de farinha|pudim igual de padaria|pudim f√°cil e r√°pido|como fazer pudim sem leite condensado|receita de pudim sem leite condensado|pudim tradicional|pudim sem furinhos|sobremesa|sobremesa f√°cil e r√°pida|receitas|culin√°ria|receitas doces|receitas f√°ceis|receitas r√°pidas|receitas pr√°ticas|Dicas|Menino Prendado,56528,9062,72,562,https://i.ytimg.com/vi/JkR8JxcI-VQ/default.jpg,False,,BR,188
u9AsB6qUQUU,AO VIVO | Remo x Paysandu  #CulturaNoParazao,2020-09-06T23:39:53Z,UCF1XteIenJWjnGTGqb6heSw,Cultura No Paraz√£o,17,20.13.09,[none],325118,7872,314,70,https://i.ytimg.com/vi/u9AsB6qUQUU/default.jpg,False,,BR,189
EM5wN9wyL08,Thaeme e Thiago ou Z√© Felipe e Virg√≠nia? Veja quem levou a melhor no Embolados,2020-09-06T23:27:11Z,UC6IV24QPvsASJbzqDbmK8gw,Hora do Faro,24,20.13.09,record|rede record|record tv|hora do faro|faro|rodrigo faro|record faro,144150,4219,180,122,https://i.ytimg.com/vi/EM5wN9wyL08/default.jpg,False,,BR,190
kp-5YrpxHZo,Live Drive-In  Jo√£o Bosco & Vin√≠cius e Thaeme & Thiago | #FiqueEmCasa e Cante #Comigo,2020-09-07T02:36:43Z,UCDX3MD1sjB_OKAoWMfSfMmw,Jo√£o Bosco & Vin√≠cius,10,20.13.09,jo√£o bosco e vinicius|sertanejo|live jo√£o bosco e vinicius|jo√£o bosco|thaeme e thiago|taeme e tiago|a m√∫sica sertanejo|as melhores do sertanejo universit√°rio|sertanejo ao vivo|top sertanejo 2020|sertanejo universit√°rio|live jo√£o bosco|live villa mix modao|villa mix|live sertanejo|live sertanejo 2020|live hoje|deixa a gente quieto|ai se eu te pego|o que acontece na balada|fica na balada,273396,4890,233,112,https://i.ytimg.com/vi/kp-5YrpxHZo/default.jpg,False,,BR,191
TB5yhZdF8SI,2020 Italian Grand Prix: Race Highlights,2020-09-06T17:18:52Z,UCB_qr75-ydFVKSF9Dmo6izg,FORMULA 1,17,20.13.09,F1|Formula One|Formula 1|Sports|Sport|Action|GP|Grand Prix|Auto Racing|Motor Racing|Lewis Hamilton|Pierre Gasly|Ferrari|Italy|Monza|F1 race|F1 2020 Race|AlphaTauri|Scuderia|Torro Rosso|Italian F1 team,4853755,123885,1705,12819,https://i.ytimg.com/vi/TB5yhZdF8SI/default.jpg,False,,BR,192
O7SVmwNta_s,Novak Djokovic out of US Open after hitting judge with tennis ball | 2020 US Open Highlights,2020-09-06T23:24:29Z,UCiWLfSweyRNmLpgEHekhoAg,ESPN,17,20.13.09,espn|#espn|us open|djokovic|novak djokovic|novak djokovic line judge|novak djokovic us open|2020 us open|pablo carreno busta|carreno busta|djokovic 2020|djokovic tennis|2020 us open highlights|us open highlights|djokovic highlights|tennis|espn tennis|espn us open|tennis highlights|tennis 2020|must see sports|sports|djokovic defaulted|djokovic defaulted full video|djokovic us open|djokovic 2020 us open|djokovic vs carreno busta|novak default|#tennis,1949443,6441,7133,7886,https://i.ytimg.com/vi/O7SVmwNta_s/default.jpg,False,,BR,193
pkY1ppZ0a2I,FIQUEI ALGEMADO 24 HORAS COM MINHA CRUSH !! (INGRID OHARA),2020-09-05T21:14:38Z,UCGfBwrCoi9ZJjKiUK8MmJNw,Pietro Guedes,22,20.13.09,pietro|guedes|mansao|youtubers|ingrid|ohara|caetano|kjoao|algemado|horas|gk|gkhouse|luiza parente|gregory kessey|peixinho,1412492,195472,2751,4663,https://i.ytimg.com/vi/pkY1ppZ0a2I/default.jpg,False,,BR,194
ifm8tpcO4vw,Hyrule Warriors: Age of Calamity - A story 100 years before The Legend of Zelda: Breath of the Wild,2020-09-08T14:00:11Z,UCGIY_O-8vW4rfX98KlMkvRg,Nintendo,20,20.13.09,nintendo|play|play nintendo|game|gameplay|fun|video game|kids|action|adventure|rpg|Nintendo Switch|Hyrule Warriors|Age of Calamity|Breath of the Wild|The Legend of Zelda|Link|Zelda|Daruk|Mipha|Urbosa|Revali|Action|Musou,2944905,180109,2456,20129,https://i.ytimg.com/vi/ifm8tpcO4vw/default.jpg,False,,BR,195
LxKXf5D1HAU,"564,98 PONTUA√á√ÉO GERAL - DICAS RODADA 9 - CARTOLA FC 2020",2020-09-07T11:37:45Z,UC1zNmcstpsYw7F4Pe1JfTDQ,CARTOLEIRO DICAS FC,20,20.13.09,#rodada 9|#rodada 9 cartola fc|#cartola fc rodada 9|#dicas rodada 9|#time para mitar rodada 9|#cartola fc|#cartoleiro dicas fc|#cartoleiro gp|#melhores dicas rodada 9|#dicas para fazer 100 pontos cartola fc|#rodada 9 cartola fc 2020|#dicas da rodada 9|#como mitar rodada 9|#como mitar cartola fc|#time para mitar cartola|#dica da rodada 9|#rdd 9|#rdd 9 cartola,59425,2953,43,465,https://i.ytimg.com/vi/LxKXf5D1HAU/default.jpg,False,,BR,196
vPac45MSj0U,"Cavani, √∫ltimas informa√ß√µes e an√°lise",2020-09-08T13:05:33Z,UCZqLwvgBgcSV5onlSrxkjQQ,Leonardo Meneghetti,22,20.13.09,gremio cavaninogremio|ultimascavani,46603,4312,120,469,https://i.ytimg.com/vi/vPac45MSj0U/default.jpg,False,,BR,197
S9bKmqxBCcE,VOU PRO SERENO CANTA SOWETO/ BELO/ OS TRAVESSOS/  EXALTASAMBA /  KATINGUEL√ä / Negritude Jr   (Retr√¥),2020-09-06T15:00:07Z,UCOn8lnKiECWZHCd5FEUzJAQ,Vou Pro Sereno Oficial,10,20.13.09,[none],186944,6301,130,192,https://i.ytimg.com/vi/S9bKmqxBCcE/default.jpg,False,,BR,198
JMIVSNDN5k8,Como TERMINAR um NAMORO e n√£o se ODIAR,2020-09-06T15:00:03Z,UCEq19675KJXfZ5kdOubyPYw,Damianizando,23,20.13.09,damianizando|guilherme damiani|damiani|gui damiani|dami|canal damianizando|como terminar um namoro e n√£o se odiar|como terminar um namoro e nao se odiar|damiani e jessica terminaram|damiani terminou|damiani namoro|tutorial como terminar um namoro|como terminar um relacionamento|tutorial como terminar um relacionamento|damiani t√©rmino de namoro|como terminar um namoro e n√£o se odiar damianizando|damianizando t√©rmino|t√©rmino de namoro|t√©rmino de namoro saud√°vel,349545,65621,478,2460,https://i.ytimg.com/vi/JMIVSNDN5k8/default.jpg,False,,BR,199
gh7e1iVRWGE,Gr√™mio volta a decepcionar e Renato Ga√∫cho usa o fiasco do Flamengo tentando se justificar,2020-09-07T02:03:07Z,UCRcRAyb5Y4x3HVNKBZ9SMLA,Mauro Cezar,17,20.13.09,mauro|cezar|pereira|futebol|espn|renato ga√∫cho|renato portaluppi|gr√™mio|flamengo 5 x 0 gr√™mio|atl√©tico goianiense 1 x 1 Gr√™mio|jorge jesus|JJ|flamengo|coudet|eduardo coudet|inter|interncional|atl√©tico|atl√©tico mg|atl√©tico mineiro|galo|campeonato brasileiro|mauro cezar pereira|mauro cezar|uol|espn brasil|sampaoli|jorge sampaoli,250452,25678,324,1262,https://i.ytimg.com/vi/gh7e1iVRWGE/default.jpg,False,,BR,200
